bin/main
0 0 0 -1 -1 -2 1 1 2 2 3 0
0 0 0 -1 -1 -2 1 2 1 2 3 0
0 0 0 -1 -1 -2 1 2 2 2 3 0
0 0 0 -1 -1 -2 2 1 1 2 3 0
0 0 0 -1 -1 -2 2 1 2 2 3 0
0 0 0 -1 -1 -2 2 2 1 2 3 0
0 0 0 -1 -1 2 -1 1 1 1 5 2
0 0 0 -1 -1 2 -1 1 1 2 3 0
0 0 0 -1 -1 2 1 -1 1 1 5 2
0 0 0 -1 -1 2 1 -1 1 2 3 0
0 0 0 -1 -1 2 1 1 -1 1 5 2
0 0 0 -1 -1 2 1 1 -1 2 3 0
0 0 0 -1 -1 2 1 1 -2 1 5 2
0 0 0 -1 -1 2 1 1 -2 2 3 0
0 0 0 -1 -1 2 1 -2 1 1 5 2
0 0 0 -1 -1 2 1 -2 1 2 3 0
0 0 0 -1 -1 2 1 -2 2 1 5 2
0 0 0 -1 -1 2 1 -2 2 2 4 1
0 0 0 -1 -1 2 1 2 -2 1 5 2
0 0 0 -1 -1 2 1 2 -2 2 3 0
0 0 0 -1 -1 2 -2 1 1 1 5 2
0 0 0 -1 -1 2 -2 1 1 2 3 0
0 0 0 -1 -1 2 -2 1 2 1 5 2
0 0 0 -1 -1 2 -2 1 2 2 3 0
0 0 0 -1 -1 2 -2 2 1 1 5 2
0 0 0 -1 -1 2 -2 2 1 2 3 0
0 0 0 -1 -1 2 2 1 -2 1 5 2
0 0 0 -1 -1 2 2 1 -2 2 3 0
0 0 0 -1 -1 2 2 -2 1 1 5 2
0 0 0 -1 -1 2 2 -2 1 2 3 0
0 0 0 -1 1 -2 -1 1 1 1 4 0
0 0 0 -1 1 -2 -1 1 1 2 3 0
0 0 0 -1 1 -2 -1 1 2 1 4 0
0 0 0 -1 1 -2 -1 1 2 2 3 0
0 0 0 -1 1 -2 -1 2 1 1 4 0
0 0 0 -1 1 -2 -1 2 1 2 3 0
0 0 0 -1 1 -2 -1 2 2 1 4 0
0 0 0 -1 1 -2 -1 2 2 2 3 0
0 0 0 -1 1 -2 1 -1 1 1 4 0
0 0 0 -1 1 -2 1 -1 1 2 3 0
0 0 0 -1 1 -2 1 -1 2 1 4 0
0 0 0 -1 1 -2 1 -1 2 2 3 0
0 0 0 -1 1 -2 1 1 -1 1 4 0
0 0 0 -1 1 -2 1 1 -1 2 3 0
0 0 0 -1 1 -2 1 -2 2 1 4 0
0 0 0 -1 1 -2 1 -2 2 2 3 0
0 0 0 -1 1 -2 1 2 -1 1 4 1
0 0 0 -1 1 -2 1 2 -1 2 3 0
0 0 0 -1 1 -2 1 2 -2 1 4 1
0 0 0 -1 1 -2 1 2 -2 2 3 0
0 0 0 -1 1 -2 -2 1 2 1 4 1
0 0 0 -1 1 -2 -2 1 2 2 3 0
0 0 0 -1 1 -2 -2 2 1 1 4 1
0 0 0 -1 1 -2 -2 2 1 2 3 0
0 0 0 -1 1 -2 -2 2 2 1 4 1
0 0 0 -1 1 -2 -2 2 2 2 3 0
0 0 0 -1 1 -2 2 -1 1 1 4 0
0 0 0 -1 1 -2 2 -1 1 2 3 0
0 0 0 -1 1 -2 2 -1 2 1 4 0
0 0 0 -1 1 -2 2 -1 2 2 3 0
0 0 0 -1 1 -2 2 1 -1 1 4 0
0 0 0 -1 1 -2 2 1 -1 2 3 0
0 0 0 -1 1 -2 2 1 -2 1 4 1
0 0 0 -1 1 -2 2 1 -2 2 3 0
0 0 0 -1 1 -2 2 -2 1 1 4 0
0 0 0 -1 1 -2 2 -2 1 2 3 0
0 0 0 -1 1 -2 2 -2 2 1 4 0
0 0 0 -1 1 -2 2 -2 2 2 3 0
0 0 0 -1 1 -2 2 2 -1 1 4 1
0 0 0 -1 1 -2 2 2 -1 2 3 0
0 0 0 -1 1 -2 2 2 -2 1 4 1
0 0 0 -1 1 -2 2 2 -2 2 3 0
0 0 0 -1 1 2 -1 -1 1 1 4 0
0 0 0 -1 1 2 -1 -1 1 2 3 0
0 0 0 -1 1 2 -1 1 -1 1 4 0
0 0 0 -1 1 2 -1 1 -1 2 3 0
0 0 0 -1 1 2 -1 1 -2 1 4 0
0 0 0 -1 1 2 -1 1 -2 2 3 0
0 0 0 -1 1 2 -1 -2 1 1 4 0
0 0 0 -1 1 2 -1 -2 1 2 3 0
0 0 0 -1 1 2 -1 -2 2 1 4 0
0 0 0 -1 1 2 -1 -2 2 2 3 0
0 0 0 -1 1 2 -1 2 -2 1 4 1
0 0 0 -1 1 2 -1 2 -2 2 3 0
0 0 0 -1 1 2 1 -1 -1 1 4 1
0 0 0 -1 1 2 1 -1 -1 2 3 0
0 0 0 -1 1 2 1 -1 -2 1 4 0
0 0 0 -1 1 2 1 -1 -2 2 3 0
0 0 0 -1 1 2 1 -2 -1 1 4 0
0 0 0 -1 1 2 1 -2 -1 2 3 0
0 0 0 -1 1 2 1 -2 -2 1 4 0
0 0 0 -1 1 2 1 -2 -2 2 3 0
0 0 0 -1 1 2 -2 -1 1 1 4 0
0 0 0 -1 1 2 -2 -1 1 2 3 0
0 0 0 -1 1 2 -2 -1 2 1 4 0
0 0 0 -1 1 2 -2 -1 2 2 3 0
0 0 0 -1 1 2 -2 1 -1 1 4 0
0 0 0 -1 1 2 -2 1 -1 2 3 0
0 0 0 -1 1 2 -2 1 -2 1 4 0
0 0 0 -1 1 2 -2 1 -2 2 3 0
0 0 0 -1 1 2 -2 -2 1 1 4 0
0 0 0 -1 1 2 -2 -2 1 2 3 0
0 0 0 -1 1 2 -2 -2 2 1 4 0
0 0 0 -1 1 2 -2 -2 2 2 3 0
0 0 0 -1 1 2 -2 2 -1 1 4 0
0 0 0 -1 1 2 -2 2 -1 2 3 0
0 0 0 -1 1 2 -2 2 -2 1 4 0
0 0 0 -1 1 2 -2 2 -2 2 3 0
0 0 0 -1 1 2 2 -1 -2 1 4 0
0 0 0 -1 1 2 2 -1 -2 2 3 0
0 0 0 -1 1 2 2 -2 -1 1 4 0
0 0 0 -1 1 2 2 -2 -1 2 3 0
0 0 0 -1 1 2 2 -2 -2 1 4 0
0 0 0 -1 1 2 2 -2 -2 2 3 0
0 0 0 -1 -2 -1 1 1 2 2 3 0
0 0 0 -1 -2 -1 1 2 1 2 3 0
0 0 0 -1 -2 -1 1 2 2 2 3 0
0 0 0 -1 -2 -1 2 1 1 2 3 0
0 0 0 -1 -2 -1 2 1 2 2 3 0
0 0 0 -1 -2 -1 2 2 1 2 3 0
0 0 0 -1 -2 1 -1 1 1 1 5 2
0 0 0 -1 -2 1 -1 1 1 2 3 0
0 0 0 -1 -2 1 -1 1 2 1 5 2
0 0 0 -1 -2 1 -1 1 2 2 3 0
0 0 0 -1 -2 1 -1 2 1 1 5 2
0 0 0 -1 -2 1 -1 2 1 2 3 0
0 0 0 -1 -2 1 -1 2 2 1 5 2
0 0 0 -1 -2 1 -1 2 2 2 3 0
0 0 0 -1 -2 1 1 -1 1 1 5 2
0 0 0 -1 -2 1 1 -1 1 2 3 0
0 0 0 -1 -2 1 1 -1 2 1 5 2
0 0 0 -1 -2 1 1 -1 2 2 3 0
0 0 0 -1 -2 1 1 1 -1 1 5 2
0 0 0 -1 -2 1 1 1 -1 2 3 0
0 0 0 -1 -2 1 1 -2 2 1 5 2
0 0 0 -1 -2 1 1 -2 2 2 3 0
0 0 0 -1 -2 1 1 2 -1 1 5 2
0 0 0 -1 -2 1 1 2 -1 2 3 0
0 0 0 -1 -2 1 1 2 -2 1 5 2
0 0 0 -1 -2 1 1 2 -2 2 3 0
0 0 0 -1 -2 1 -2 1 2 1 5 2
0 0 0 -1 -2 1 -2 1 2 2 3 0
0 0 0 -1 -2 1 -2 2 1 1 5 2
0 0 0 -1 -2 1 -2 2 1 2 3 0
0 0 0 -1 -2 1 -2 2 2 1 5 2
0 0 0 -1 -2 1 -2 2 2 2 3 0
0 0 0 -1 -2 1 2 -1 1 1 5 2
0 0 0 -1 -2 1 2 -1 1 2 3 0
0 0 0 -1 -2 1 2 -1 2 1 5 2
0 0 0 -1 -2 1 2 -1 2 2 3 0
0 0 0 -1 -2 1 2 1 -1 1 5 2
0 0 0 -1 -2 1 2 1 -1 2 3 0
0 0 0 -1 -2 1 2 1 -2 1 5 2
0 0 0 -1 -2 1 2 1 -2 2 3 0
0 0 0 -1 -2 1 2 -2 1 1 5 2
0 0 0 -1 -2 1 2 -2 1 2 3 0
0 0 0 -1 -2 1 2 -2 2 1 5 2
0 0 0 -1 -2 1 2 -2 2 2 3 0
0 0 0 -1 -2 1 2 2 -1 1 5 2
0 0 0 -1 -2 1 2 2 -1 2 3 0
0 0 0 -1 -2 1 2 2 -2 1 5 2
0 0 0 -1 -2 1 2 2 -2 2 3 0
0 0 0 -1 -2 -2 1 1 2 2 3 0
0 0 0 -1 -2 -2 1 2 1 2 3 0
0 0 0 -1 -2 -2 1 2 2 2 3 0
0 0 0 -1 -2 -2 2 1 1 2 3 0
0 0 0 -1 -2 -2 2 1 2 2 3 0
0 0 0 -1 -2 -2 2 2 1 2 3 0
0 0 0 -1 -2 -2 2 2 2 2 3 0
0 0 0 -1 -2 2 -1 1 1 1 5 2
0 0 0 -1 -2 2 -1 1 1 2 3 0
0 0 0 -1 -2 2 -1 1 2 1 5 2
0 0 0 -1 -2 2 -1 1 2 2 3 0
0 0 0 -1 -2 2 -1 2 1 1 5 2
0 0 0 -1 -2 2 -1 2 1 2 3 0
0 0 0 -1 -2 2 1 -1 1 1 5 2
0 0 0 -1 -2 2 1 -1 1 2 3 0
0 0 0 -1 -2 2 1 -1 2 1 5 2
0 0 0 -1 -2 2 1 -1 2 2 3 0
0 0 0 -1 -2 2 1 1 -1 1 5 2
0 0 0 -1 -2 2 1 1 -1 2 3 0
0 0 0 -1 -2 2 1 1 -2 1 5 2
0 0 0 -1 -2 2 1 1 -2 2 3 0
0 0 0 -1 -2 2 1 -2 1 1 5 2
0 0 0 -1 -2 2 1 -2 1 2 3 0
0 0 0 -1 -2 2 1 -2 2 1 5 2
0 0 0 -1 -2 2 1 -2 2 2 3 0
0 0 0 -1 -2 2 1 2 -1 1 5 2
0 0 0 -1 -2 2 1 2 -1 2 3 0
0 0 0 -1 -2 2 1 2 -2 1 5 2
0 0 0 -1 -2 2 1 2 -2 2 3 0
0 0 0 -1 -2 2 -2 1 1 1 5 2
0 0 0 -1 -2 2 -2 1 1 2 3 0
0 0 0 -1 -2 2 -2 1 2 1 5 2
0 0 0 -1 -2 2 -2 1 2 2 3 0
0 0 0 -1 -2 2 -2 2 1 1 5 2
0 0 0 -1 -2 2 -2 2 1 2 3 0
0 0 0 -1 -2 2 -2 2 2 1 5 2
0 0 0 -1 -2 2 -2 2 2 2 3 0
0 0 0 -1 -2 2 2 -1 1 1 5 2
0 0 0 -1 -2 2 2 -1 1 2 3 0
0 0 0 -1 -2 2 2 1 -1 1 5 2
0 0 0 -1 -2 2 2 1 -1 2 3 0
0 0 0 -1 -2 2 2 1 -2 1 5 2
0 0 0 -1 -2 2 2 1 -2 2 3 0
0 0 0 -1 -2 2 2 -2 1 1 5 2
0 0 0 -1 -2 2 2 -2 1 2 3 0
0 0 0 -1 -2 2 2 -2 2 1 5 2
0 0 0 -1 -2 2 2 -2 2 2 3 0
0 0 0 -1 -2 2 2 2 -2 1 5 2
0 0 0 -1 -2 2 2 2 -2 2 3 0
0 0 0 -1 2 -1 -1 1 1 1 4 0
0 0 0 -1 2 -1 -1 1 1 2 3 0
0 0 0 -1 2 -1 1 -1 1 1 4 0
0 0 0 -1 2 -1 1 -1 1 2 3 0
0 0 0 -1 2 -1 1 1 -1 1 4 0
0 0 0 -1 2 -1 1 1 -1 2 3 0
0 0 0 -1 2 -1 1 1 -2 1 4 1
0 0 0 -1 2 -1 1 1 -2 2 3 0
0 0 0 -1 2 -1 1 -2 1 1 4 0
0 0 0 -1 2 -1 1 -2 1 2 3 0
0 0 0 -1 2 -1 1 -2 2 1 4 0
0 0 0 -1 2 -1 1 -2 2 2 3 0
0 0 0 -1 2 -1 1 2 -2 1 4 1
0 0 0 -1 2 -1 1 2 -2 2 3 0
0 0 0 -1 2 -1 -2 1 1 1 4 1
0 0 0 -1 2 -1 -2 1 1 2 3 0
0 0 0 -1 2 -1 -2 1 2 1 4 1
0 0 0 -1 2 -1 -2 1 2 2 3 0
0 0 0 -1 2 -1 -2 2 1 1 4 1
0 0 0 -1 2 -1 -2 2 1 2 3 0
0 0 0 -1 2 -1 2 1 -2 1 4 1
0 0 0 -1 2 -1 2 1 -2 2 3 0
0 0 0 -1 2 -1 2 -2 1 1 4 0
0 0 0 -1 2 -1 2 -2 1 2 3 0
0 0 0 -1 2 1 -1 -1 1 1 4 0
0 0 0 -1 2 1 -1 -1 1 2 3 0
0 0 0 -1 2 1 -1 1 -1 1 4 0
0 0 0 -1 2 1 -1 1 -1 2 3 0
0 0 0 -1 2 1 -1 1 -2 1 4 0
0 0 0 -1 2 1 -1 1 -2 2 3 0
0 0 0 -1 2 1 -1 -2 1 1 4 0
0 0 0 -1 2 1 -1 -2 1 2 3 0
0 0 0 -1 2 1 -1 -2 2 1 4 0
0 0 0 -1 2 1 -1 -2 2 2 3 0
0 0 0 -1 2 1 -1 2 -2 1 5 2
0 0 0 -1 2 1 -1 2 -2 2 3 0
0 0 0 -1 2 1 1 -1 -1 1 4 0
0 0 0 -1 2 1 1 -1 -1 2 3 0
0 0 0 -1 2 1 1 -1 -2 1 4 0
0 0 0 -1 2 1 1 -1 -2 2 3 0
0 0 0 -1 2 1 1 -2 -1 1 4 0
0 0 0 -1 2 1 1 -2 -1 2 3 0
0 0 0 -1 2 1 1 -2 -2 1 4 0
0 0 0 -1 2 1 1 -2 -2 2 3 0
0 0 0 -1 2 1 -2 -1 1 1 4 0
0 0 0 -1 2 1 -2 -1 1 2 3 0
0 0 0 -1 2 1 -2 -1 2 1 4 0
0 0 0 -1 2 1 -2 -1 2 2 3 0
0 0 0 -1 2 1 -2 1 -1 1 4 0
0 0 0 -1 2 1 -2 1 -1 2 3 0
0 0 0 -1 2 1 -2 1 -2 1 4 0
0 0 0 -1 2 1 -2 1 -2 2 3 0
0 0 0 -1 2 1 -2 -2 1 1 4 0
0 0 0 -1 2 1 -2 -2 1 2 3 0
0 0 0 -1 2 1 -2 -2 2 1 4 0
0 0 0 -1 2 1 -2 -2 2 2 3 0
0 0 0 -1 2 1 -2 2 -1 1 5 2
0 0 0 -1 2 1 -2 2 -1 2 3 0
0 0 0 -1 2 1 -2 2 -2 1 5 2
0 0 0 -1 2 1 -2 2 -2 2 3 0
0 0 0 -1 2 1 2 -1 -2 1 5 2
0 0 0 -1 2 1 2 -1 -2 2 3 0
0 0 0 -1 2 1 2 -2 -1 1 5 2
0 0 0 -1 2 1 2 -2 -1 2 3 0
0 0 0 -1 2 1 2 -2 -2 1 5 2
0 0 0 -1 2 1 2 -2 -2 2 3 0
0 0 0 -1 2 -2 -1 1 1 1 4 0
0 0 0 -1 2 -2 -1 1 1 2 3 0
0 0 0 -1 2 -2 -1 1 2 1 4 0
0 0 0 -1 2 -2 -1 1 2 2 3 0
0 0 0 -1 2 -2 -1 2 1 1 4 0
0 0 0 -1 2 -2 -1 2 1 2 3 0
0 0 0 -1 2 -2 1 -1 1 1 4 0
0 0 0 -1 2 -2 1 -1 1 2 3 0
0 0 0 -1 2 -2 1 -1 2 1 4 0
0 0 0 -1 2 -2 1 -1 2 2 3 0
0 0 0 -1 2 -2 1 1 -1 1 4 0
0 0 0 -1 2 -2 1 1 -1 2 3 0
0 0 0 -1 2 -2 1 1 -2 1 4 1
0 0 0 -1 2 -2 1 1 -2 2 3 0
0 0 0 -1 2 -2 1 -2 1 1 4 0
0 0 0 -1 2 -2 1 -2 1 2 3 0
0 0 0 -1 2 -2 1 -2 2 1 4 0
0 0 0 -1 2 -2 1 -2 2 2 3 0
0 0 0 -1 2 -2 1 2 -1 1 4 1
0 0 0 -1 2 -2 1 2 -1 2 3 0
0 0 0 -1 2 -2 1 2 -2 1 4 1
0 0 0 -1 2 -2 1 2 -2 2 3 0
0 0 0 -1 2 -2 -2 1 1 1 4 1
0 0 0 -1 2 -2 -2 1 1 2 3 0
0 0 0 -1 2 -2 -2 1 2 1 4 1
0 0 0 -1 2 -2 -2 1 2 2 3 0
0 0 0 -1 2 -2 -2 2 1 1 4 1
0 0 0 -1 2 -2 -2 2 1 2 3 0
0 0 0 -1 2 -2 -2 2 2 1 4 1
0 0 0 -1 2 -2 -2 2 2 2 3 0
0 0 0 -1 2 -2 2 -1 1 1 4 0
0 0 0 -1 2 -2 2 -1 1 2 3 0
0 0 0 -1 2 -2 2 1 -1 1 4 0
0 0 0 -1 2 -2 2 1 -1 2 3 0
0 0 0 -1 2 -2 2 1 -2 1 4 1
0 0 0 -1 2 -2 2 1 -2 2 3 0
0 0 0 -1 2 -2 2 -2 1 1 4 0
0 0 0 -1 2 -2 2 -2 1 2 3 0
0 0 0 -1 2 -2 2 -2 2 1 4 0
0 0 0 -1 2 -2 2 -2 2 2 3 0
0 0 0 -1 2 -2 2 2 -2 1 4 1
0 0 0 -1 2 -2 2 2 -2 2 3 0
0 0 0 -1 2 2 -1 1 -2 1 4 0
0 0 0 -1 2 2 -1 1 -2 2 3 0
0 0 0 -1 2 2 -1 -2 1 1 4 0
0 0 0 -1 2 2 -1 -2 1 2 3 0
0 0 0 -1 2 2 1 -1 -2 1 4 0
0 0 0 -1 2 2 1 -1 -2 2 3 0
0 0 0 -1 2 2 1 -2 -1 1 4 0
0 0 0 -1 2 2 1 -2 -1 2 3 0
0 0 0 -1 2 2 1 -2 -2 1 4 0
0 0 0 -1 2 2 1 -2 -2 2 3 0
0 0 0 -1 2 2 -2 -1 1 1 4 0
0 0 0 -1 2 2 -2 -1 1 2 3 0
0 0 0 -1 2 2 -2 1 -1 1 4 0
0 0 0 -1 2 2 -2 1 -1 2 3 0
0 0 0 -1 2 2 -2 1 -2 1 4 0
0 0 0 -1 2 2 -2 1 -2 2 3 0
0 0 0 -1 2 2 -2 -2 1 1 4 0
0 0 0 -1 2 2 -2 -2 1 2 3 0
0 0 0 -1 2 2 -2 -2 2 1 4 0
0 0 0 -1 2 2 -2 -2 2 2 3 0
0 0 0 -1 2 2 -2 2 -2 1 5 2
0 0 0 -1 2 2 -2 2 -2 2 3 0
0 0 0 -1 2 2 2 -2 -2 1 5 2
0 0 0 -1 2 2 2 -2 -2 2 3 0
0 0 0 1 -1 -2 -1 1 1 1 3 0
0 0 0 1 -1 -2 -1 1 1 2 4 1
0 0 0 1 -1 -2 -1 1 2 1 3 0
0 0 0 1 -1 -2 -1 1 2 2 4 0
0 0 0 1 -1 -2 -1 2 1 1 3 0
0 0 0 1 -1 -2 -1 2 1 2 4 0
0 0 0 1 -1 -2 -1 2 2 1 3 0
0 0 0 1 -1 -2 -1 2 2 2 4 0
0 0 0 1 -1 -2 1 -1 1 1 3 0
0 0 0 1 -1 -2 1 -1 1 2 4 0
0 0 0 1 -1 -2 1 -1 2 1 3 0
0 0 0 1 -1 -2 1 -1 2 2 4 0
0 0 0 1 -1 -2 1 1 -1 1 3 0
0 0 0 1 -1 -2 1 1 -1 2 4 0
0 0 0 1 -1 -2 1 -2 2 1 3 0
0 0 0 1 -1 -2 1 -2 2 2 4 1
0 0 0 1 -1 -2 1 2 -1 1 3 0
0 0 0 1 -1 -2 1 2 -1 2 4 0
0 0 0 1 -1 -2 1 2 -2 1 3 0
0 0 0 1 -1 -2 1 2 -2 2 4 0
0 0 0 1 -1 -2 -2 1 2 1 3 0
0 0 0 1 -1 -2 -2 1 2 2 4 0
0 0 0 1 -1 -2 -2 2 1 1 3 0
0 0 0 1 -1 -2 -2 2 1 2 4 0
0 0 0 1 -1 -2 -2 2 2 1 3 0
0 0 0 1 -1 -2 -2 2 2 2 4 0
0 0 0 1 -1 -2 2 -1 1 1 3 0
0 0 0 1 -1 -2 2 -1 1 2 4 0
0 0 0 1 -1 -2 2 -1 2 1 3 0
0 0 0 1 -1 -2 2 -1 2 2 4 0
0 0 0 1 -1 -2 2 1 -1 1 3 0
0 0 0 1 -1 -2 2 1 -1 2 4 0
0 0 0 1 -1 -2 2 1 -2 1 3 0
0 0 0 1 -1 -2 2 1 -2 2 4 0
0 0 0 1 -1 -2 2 -2 1 1 3 0
0 0 0 1 -1 -2 2 -2 1 2 4 0
0 0 0 1 -1 -2 2 -2 2 1 3 0
0 0 0 1 -1 -2 2 -2 2 2 4 0
0 0 0 1 -1 -2 2 2 -1 1 3 0
0 0 0 1 -1 -2 2 2 -1 2 4 0
0 0 0 1 -1 -2 2 2 -2 1 3 0
0 0 0 1 -1 -2 2 2 -2 2 4 0
0 0 0 1 -1 2 -1 -1 1 1 3 0
0 0 0 1 -1 2 -1 -1 1 2 4 0
0 0 0 1 -1 2 -1 1 -1 1 3 0
0 0 0 1 -1 2 -1 1 -1 2 4 0
0 0 0 1 -1 2 -1 1 -2 1 3 0
0 0 0 1 -1 2 -1 1 -2 2 4 0
0 0 0 1 -1 2 -1 -2 1 1 3 0
0 0 0 1 -1 2 -1 -2 1 2 4 1
0 0 0 1 -1 2 -1 -2 2 1 3 0
0 0 0 1 -1 2 -1 -2 2 2 4 1
0 0 0 1 -1 2 -1 2 -2 1 3 0
0 0 0 1 -1 2 -1 2 -2 2 4 0
0 0 0 1 -1 2 1 -1 -1 1 3 0
0 0 0 1 -1 2 1 -1 -1 2 4 0
0 0 0 1 -1 2 1 -1 -2 1 3 0
0 0 0 1 -1 2 1 -1 -2 2 4 0
0 0 0 1 -1 2 1 -2 -1 1 3 0
0 0 0 1 -1 2 1 -2 -1 2 4 0
0 0 0 1 -1 2 1 -2 -2 1 3 0
0 0 0 1 -1 2 1 -2 -2 2 4 0
0 0 0 1 -1 2 -2 -1 1 1 3 0
0 0 0 1 -1 2 -2 -1 1 2 4 0
0 0 0 1 -1 2 -2 -1 2 1 3 0
0 0 0 1 -1 2 -2 -1 2 2 4 1
0 0 0 1 -1 2 -2 1 -1 1 3 0
0 0 0 1 -1 2 -2 1 -1 2 4 0
0 0 0 1 -1 2 -2 1 -2 1 3 0
0 0 0 1 -1 2 -2 1 -2 2 4 0
0 0 0 1 -1 2 -2 -2 1 1 3 0
0 0 0 1 -1 2 -2 -2 1 2 4 1
0 0 0 1 -1 2 -2 -2 2 1 3 0
0 0 0 1 -1 2 -2 -2 2 2 4 1
0 0 0 1 -1 2 -2 2 -1 1 3 0
0 0 0 1 -1 2 -2 2 -1 2 4 0
0 0 0 1 -1 2 -2 2 -2 1 3 0
0 0 0 1 -1 2 -2 2 -2 2 4 0
0 0 0 1 -1 2 2 -1 -2 1 3 0
0 0 0 1 -1 2 2 -1 -2 2 4 1
0 0 0 1 -1 2 2 -2 -1 1 3 0
0 0 0 1 -1 2 2 -2 -1 2 4 1
0 0 0 1 -1 2 2 -2 -2 1 3 0
0 0 0 1 -1 2 2 -2 -2 2 4 1
0 0 0 1 1 -2 -1 -1 1 1 3 0
0 0 0 1 1 -2 -1 -1 1 2 5 2
0 0 0 1 1 -2 -1 -1 2 1 3 0
0 0 0 1 1 -2 -1 -1 2 2 5 2
0 0 0 1 1 -2 -1 1 -1 1 3 0
0 0 0 1 1 -2 -1 1 -1 2 5 2
0 0 0 1 1 -2 -1 -2 2 1 3 0
0 0 0 1 1 -2 -1 -2 2 2 5 2
0 0 0 1 1 -2 -1 2 -1 1 3 0
0 0 0 1 1 -2 -1 2 -1 2 5 2
0 0 0 1 1 -2 -1 2 -2 1 4 1
0 0 0 1 1 -2 -1 2 -2 2 5 2
0 0 0 1 1 -2 1 -1 -1 1 3 0
0 0 0 1 1 -2 1 -1 -1 2 5 2
0 0 0 1 1 -2 -2 -1 2 1 3 0
0 0 0 1 1 -2 -2 -1 2 2 5 2
0 0 0 1 1 -2 -2 2 -1 1 3 0
0 0 0 1 1 -2 -2 2 -1 2 5 2
0 0 0 1 1 -2 2 -1 -1 1 3 0
0 0 0 1 1 -2 2 -1 -1 2 5 2
0 0 0 1 1 -2 2 -1 -2 1 3 0
0 0 0 1 1 -2 2 -1 -2 2 5 2
0 0 0 1 1 -2 2 -2 -1 1 3 0
0 0 0 1 1 -2 2 -2 -1 2 5 2
0 0 0 1 1 2 -1 -1 -2 1 3 0
0 0 0 1 1 2 -1 -1 -2 2 3 0
0 0 0 1 1 2 -1 -2 -1 1 3 0
0 0 0 1 1 2 -1 -2 -1 2 3 0
0 0 0 1 1 2 -1 -2 -2 1 3 0
0 0 0 1 1 2 -1 -2 -2 2 3 0
0 0 0 1 1 2 -2 -1 -1 1 3 0
0 0 0 1 1 2 -2 -1 -1 2 3 0
0 0 0 1 1 2 -2 -1 -2 1 3 0
0 0 0 1 1 2 -2 -1 -2 2 3 0
0 0 0 1 1 2 -2 -2 -1 1 3 0
0 0 0 1 1 2 -2 -2 -1 2 3 0
0 0 0 1 -2 -1 -1 1 1 1 3 0
0 0 0 1 -2 -1 -1 1 1 2 4 0
0 0 0 1 -2 -1 -1 1 2 1 3 0
0 0 0 1 -2 -1 -1 1 2 2 4 0
0 0 0 1 -2 -1 -1 2 1 1 3 0
0 0 0 1 -2 -1 -1 2 1 2 4 0
0 0 0 1 -2 -1 -1 2 2 1 3 0
0 0 0 1 -2 -1 -1 2 2 2 4 0
0 0 0 1 -2 -1 1 -1 1 1 3 0
0 0 0 1 -2 -1 1 -1 1 2 4 0
0 0 0 1 -2 -1 1 -1 2 1 3 0
0 0 0 1 -2 -1 1 -1 2 2 4 0
0 0 0 1 -2 -1 1 1 -1 1 3 0
0 0 0 1 -2 -1 1 1 -1 2 4 0
0 0 0 1 -2 -1 1 -2 2 1 3 0
0 0 0 1 -2 -1 1 -2 2 2 5 2
0 0 0 1 -2 -1 1 2 -1 1 3 0
0 0 0 1 -2 -1 1 2 -1 2 4 0
0 0 0 1 -2 -1 1 2 -2 1 3 0
0 0 0 1 -2 -1 1 2 -2 2 4 0
0 0 0 1 -2 -1 -2 1 2 1 3 0
0 0 0 1 -2 -1 -2 1 2 2 5 2
0 0 0 1 -2 -1 -2 2 1 1 3 0
0 0 0 1 -2 -1 -2 2 1 2 5 2
0 0 0 1 -2 -1 -2 2 2 1 3 0
0 0 0 1 -2 -1 -2 2 2 2 5 2
0 0 0 1 -2 -1 2 -1 1 1 3 0
0 0 0 1 -2 -1 2 -1 1 2 4 0
0 0 0 1 -2 -1 2 -1 2 1 3 0
0 0 0 1 -2 -1 2 -1 2 2 4 0
0 0 0 1 -2 -1 2 1 -1 1 3 0
0 0 0 1 -2 -1 2 1 -1 2 4 0
0 0 0 1 -2 -1 2 1 -2 1 3 0
0 0 0 1 -2 -1 2 1 -2 2 4 0
0 0 0 1 -2 -1 2 -2 1 1 3 0
0 0 0 1 -2 -1 2 -2 1 2 5 2
0 0 0 1 -2 -1 2 -2 2 1 3 0
0 0 0 1 -2 -1 2 -2 2 2 5 2
0 0 0 1 -2 -1 2 2 -1 1 3 0
0 0 0 1 -2 -1 2 2 -1 2 4 0
0 0 0 1 -2 -1 2 2 -2 1 3 0
0 0 0 1 -2 -1 2 2 -2 2 4 0
0 0 0 1 -2 1 -1 -1 1 1 3 0
0 0 0 1 -2 1 -1 -1 1 2 4 0
0 0 0 1 -2 1 -1 -1 2 1 3 0
0 0 0 1 -2 1 -1 -1 2 2 4 1
0 0 0 1 -2 1 -1 1 -1 1 3 0
0 0 0 1 -2 1 -1 1 -1 2 4 0
0 0 0 1 -2 1 -1 -2 2 1 3 0
0 0 0 1 -2 1 -1 -2 2 2 4 1
0 0 0 1 -2 1 -1 2 -1 1 3 0
0 0 0 1 -2 1 -1 2 -1 2 4 0
0 0 0 1 -2 1 -1 2 -2 1 3 0
0 0 0 1 -2 1 -1 2 -2 2 4 0
0 0 0 1 -2 1 1 -1 -1 1 3 0
0 0 0 1 -2 1 1 -1 -1 2 4 0
0 0 0 1 -2 1 -2 -1 2 1 3 0
0 0 0 1 -2 1 -2 -1 2 2 4 1
0 0 0 1 -2 1 -2 2 -1 1 3 0
0 0 0 1 -2 1 -2 2 -1 2 4 0
0 0 0 1 -2 1 2 -1 -1 1 3 0
0 0 0 1 -2 1 2 -1 -1 2 4 1
0 0 0 1 -2 1 2 -1 -2 1 3 0
0 0 0 1 -2 1 2 -1 -2 2 4 1
0 0 0 1 -2 1 2 -2 -1 1 3 0
0 0 0 1 -2 1 2 -2 -1 2 4 1
0 0 0 1 -2 -2 -1 1 2 1 3 0
0 0 0 1 -2 -2 -1 1 2 2 4 0
0 0 0 1 -2 -2 -1 2 1 1 3 0
0 0 0 1 -2 -2 -1 2 1 2 4 0
0 0 0 1 -2 -2 -1 2 2 1 3 0
0 0 0 1 -2 -2 -1 2 2 2 4 0
0 0 0 1 -2 -2 1 -1 2 1 3 0
0 0 0 1 -2 -2 1 -1 2 2 4 0
0 0 0 1 -2 -2 1 2 -1 1 3 0
0 0 0 1 -2 -2 1 2 -1 2 4 0
0 0 0 1 -2 -2 -2 2 2 1 3 0
0 0 0 1 -2 -2 -2 2 2 2 5 2
0 0 0 1 -2 -2 2 -1 1 1 3 0
0 0 0 1 -2 -2 2 -1 1 2 4 0
0 0 0 1 -2 -2 2 -1 2 1 3 0
0 0 0 1 -2 -2 2 -1 2 2 4 0
0 0 0 1 -2 -2 2 1 -1 1 3 0
0 0 0 1 -2 -2 2 1 -1 2 4 0
0 0 0 1 -2 -2 2 -2 2 1 3 0
0 0 0 1 -2 -2 2 -2 2 2 5 2
0 0 0 1 -2 -2 2 2 -1 1 3 0
0 0 0 1 -2 -2 2 2 -1 2 4 0
0 0 0 1 -2 -2 2 2 -2 1 3 0
0 0 0 1 -2 -2 2 2 -2 2 4 0
0 0 0 1 -2 2 -1 -1 1 1 3 0
0 0 0 1 -2 2 -1 -1 1 2 4 0
0 0 0 1 -2 2 -1 -1 2 1 3 0
0 0 0 1 -2 2 -1 -1 2 2 4 1
0 0 0 1 -2 2 -1 1 -1 1 3 0
0 0 0 1 -2 2 -1 1 -1 2 4 0
0 0 0 1 -2 2 -1 1 -2 1 3 0
0 0 0 1 -2 2 -1 1 -2 2 4 0
0 0 0 1 -2 2 -1 -2 1 1 3 0
0 0 0 1 -2 2 -1 -2 1 2 4 1
0 0 0 1 -2 2 -1 -2 2 1 3 0
0 0 0 1 -2 2 -1 -2 2 2 4 1
0 0 0 1 -2 2 -1 2 -1 1 3 0
0 0 0 1 -2 2 -1 2 -1 2 4 0
0 0 0 1 -2 2 -1 2 -2 1 3 0
0 0 0 1 -2 2 -1 2 -2 2 4 0
0 0 0 1 -2 2 1 -1 -1 1 3 0
0 0 0 1 -2 2 1 -1 -1 2 4 0
0 0 0 1 -2 2 1 -1 -2 1 3 0
0 0 0 1 -2 2 1 -1 -2 2 4 0
0 0 0 1 -2 2 1 -2 -1 1 3 0
0 0 0 1 -2 2 1 -2 -1 2 4 0
0 0 0 1 -2 2 -2 -1 1 1 3 0
0 0 0 1 -2 2 -2 -1 1 2 4 0
0 0 0 1 -2 2 -2 -1 2 1 3 0
0 0 0 1 -2 2 -2 -1 2 2 4 1
0 0 0 1 -2 2 -2 1 -1 1 3 0
0 0 0 1 -2 2 -2 1 -1 2 4 0
0 0 0 1 -2 2 -2 -2 2 1 3 0
0 0 0 1 -2 2 -2 -2 2 2 4 1
0 0 0 1 -2 2 -2 2 -1 1 3 0
0 0 0 1 -2 2 -2 2 -1 2 4 0
0 0 0 1 -2 2 -2 2 -2 1 3 0
0 0 0 1 -2 2 -2 2 -2 2 4 0
0 0 0 1 -2 2 2 -1 -1 1 3 0
0 0 0 1 -2 2 2 -1 -1 2 4 1
0 0 0 1 -2 2 2 -1 -2 1 3 0
0 0 0 1 -2 2 2 -1 -2 2 4 1
0 0 0 1 -2 2 2 -2 -1 1 3 0
0 0 0 1 -2 2 2 -2 -1 2 4 1
0 0 0 1 -2 2 2 -2 -2 1 3 0
0 0 0 1 -2 2 2 -2 -2 2 4 1
0 0 0 1 2 -1 -1 -1 1 1 3 0
0 0 0 1 2 -1 -1 -1 1 2 5 2
0 0 0 1 2 -1 -1 1 -1 1 3 0
0 0 0 1 2 -1 -1 1 -1 2 5 2
0 0 0 1 2 -1 -1 1 -2 1 3 0
0 0 0 1 2 -1 -1 1 -2 2 5 2
0 0 0 1 2 -1 -1 -2 1 1 3 0
0 0 0 1 2 -1 -1 -2 1 2 5 2
0 0 0 1 2 -1 -1 -2 2 1 3 0
0 0 0 1 2 -1 -1 -2 2 2 5 2
0 0 0 1 2 -1 -1 2 -2 1 3 0
0 0 0 1 2 -1 -1 2 -2 2 5 2
0 0 0 1 2 -1 1 -1 -1 1 3 0
0 0 0 1 2 -1 1 -1 -1 2 5 2
0 0 0 1 2 -1 1 -1 -2 1 3 0
0 0 0 1 2 -1 1 -1 -2 2 5 2
0 0 0 1 2 -1 1 -2 -1 1 3 0
0 0 0 1 2 -1 1 -2 -1 2 5 2
0 0 0 1 2 -1 1 -2 -2 1 3 0
0 0 0 1 2 -1 1 -2 -2 2 5 2
0 0 0 1 2 -1 -2 -1 1 1 3 0
0 0 0 1 2 -1 -2 -1 1 2 5 2
0 0 0 1 2 -1 -2 -1 2 1 3 0
0 0 0 1 2 -1 -2 -1 2 2 5 2
0 0 0 1 2 -1 -2 1 -1 1 3 0
0 0 0 1 2 -1 -2 1 -1 2 5 2
0 0 0 1 2 -1 -2 1 -2 1 3 0
0 0 0 1 2 -1 -2 1 -2 2 5 2
0 0 0 1 2 -1 -2 -2 1 1 3 0
0 0 0 1 2 -1 -2 -2 1 2 5 2
0 0 0 1 2 -1 -2 -2 2 1 3 0
0 0 0 1 2 -1 -2 -2 2 2 5 2
0 0 0 1 2 -1 -2 2 -1 1 3 0
0 0 0 1 2 -1 -2 2 -1 2 5 2
0 0 0 1 2 -1 -2 2 -2 1 3 0
0 0 0 1 2 -1 -2 2 -2 2 5 2
0 0 0 1 2 -1 2 -1 -2 1 3 0
0 0 0 1 2 -1 2 -1 -2 2 5 2
0 0 0 1 2 -1 2 -2 -1 1 3 0
0 0 0 1 2 -1 2 -2 -1 2 5 2
0 0 0 1 2 -1 2 -2 -2 1 3 0
0 0 0 1 2 -1 2 -2 -2 2 5 2
0 0 0 1 2 1 -1 -1 -2 1 3 0
0 0 0 1 2 1 -1 -1 -2 2 3 0
0 0 0 1 2 1 -1 -2 -1 1 3 0
0 0 0 1 2 1 -1 -2 -1 2 3 0
0 0 0 1 2 1 -1 -2 -2 1 3 0
0 0 0 1 2 1 -1 -2 -2 2 3 0
0 0 0 1 2 1 -2 -1 -1 1 3 0
0 0 0 1 2 1 -2 -1 -1 2 3 0
0 0 0 1 2 1 -2 -1 -2 1 3 0
0 0 0 1 2 1 -2 -1 -2 2 3 0
0 0 0 1 2 1 -2 -2 -1 1 3 0
0 0 0 1 2 1 -2 -2 -1 2 3 0
0 0 0 1 2 -2 -1 -1 1 1 3 0
0 0 0 1 2 -2 -1 -1 1 2 5 2
0 0 0 1 2 -2 -1 -1 2 1 3 0
0 0 0 1 2 -2 -1 -1 2 2 5 2
0 0 0 1 2 -2 -1 1 -1 1 3 0
0 0 0 1 2 -2 -1 1 -1 2 5 2
0 0 0 1 2 -2 -1 1 -2 1 3 0
0 0 0 1 2 -2 -1 1 -2 2 5 2
0 0 0 1 2 -2 -1 -2 1 1 3 0
0 0 0 1 2 -2 -1 -2 1 2 5 2
0 0 0 1 2 -2 -1 -2 2 1 3 0
0 0 0 1 2 -2 -1 -2 2 2 5 2
0 0 0 1 2 -2 -1 2 -1 1 3 0
0 0 0 1 2 -2 -1 2 -1 2 5 2
0 0 0 1 2 -2 -1 2 -2 1 3 0
0 0 0 1 2 -2 -1 2 -2 2 5 2
0 0 0 1 2 -2 1 -1 -1 1 3 0
0 0 0 1 2 -2 1 -1 -1 2 5 2
0 0 0 1 2 -2 1 -1 -2 1 3 0
0 0 0 1 2 -2 1 -1 -2 2 5 2
0 0 0 1 2 -2 1 -2 -1 1 3 0
0 0 0 1 2 -2 1 -2 -1 2 5 2
0 0 0 1 2 -2 -2 -1 1 1 3 0
0 0 0 1 2 -2 -2 -1 1 2 5 2
0 0 0 1 2 -2 -2 -1 2 1 3 0
0 0 0 1 2 -2 -2 -1 2 2 5 2
0 0 0 1 2 -2 -2 1 -1 1 3 0
0 0 0 1 2 -2 -2 1 -1 2 5 2
0 0 0 1 2 -2 -2 -2 2 1 3 0
0 0 0 1 2 -2 -2 -2 2 2 5 2
0 0 0 1 2 -2 -2 2 -1 1 3 0
0 0 0 1 2 -2 -2 2 -1 2 5 2
0 0 0 1 2 -2 -2 2 -2 1 3 0
0 0 0 1 2 -2 -2 2 -2 2 5 2
0 0 0 1 2 -2 2 -1 -1 1 3 0
0 0 0 1 2 -2 2 -1 -1 2 5 2
0 0 0 1 2 -2 2 -1 -2 1 3 0
0 0 0 1 2 -2 2 -1 -2 2 5 2
0 0 0 1 2 -2 2 -2 -1 1 3 0
0 0 0 1 2 -2 2 -2 -1 2 5 2
0 0 0 1 2 -2 2 -2 -2 1 3 0
0 0 0 1 2 -2 2 -2 -2 2 5 2
0 0 0 1 2 2 -1 -1 -2 1 3 0
0 0 0 1 2 2 -1 -1 -2 2 3 0
0 0 0 1 2 2 -1 -2 -1 1 3 0
0 0 0 1 2 2 -1 -2 -1 2 3 0
0 0 0 1 2 2 -1 -2 -2 1 3 0
0 0 0 1 2 2 -1 -2 -2 2 3 0
0 0 0 1 2 2 -2 -1 -1 1 3 0
0 0 0 1 2 2 -2 -1 -1 2 3 0
0 0 0 1 2 2 -2 -1 -2 1 3 0
0 0 0 1 2 2 -2 -1 -2 2 3 0
0 0 0 1 2 2 -2 -2 -1 1 3 0
0 0 0 1 2 2 -2 -2 -1 2 3 0
0 0 0 1 2 2 -2 -2 -2 1 3 0
0 0 0 1 2 2 -2 -2 -2 2 3 0
0 0 0 -2 -1 -1 1 1 2 2 3 0
0 0 0 -2 -1 -1 1 2 1 2 3 0
0 0 0 -2 -1 -1 1 2 2 2 3 0
0 0 0 -2 -1 -1 2 1 1 2 3 0
0 0 0 -2 -1 -1 2 1 2 2 3 0
0 0 0 -2 -1 -1 2 2 1 2 3 0
0 0 0 -2 -1 1 -1 1 1 1 5 2
0 0 0 -2 -1 1 -1 1 1 2 3 0
0 0 0 -2 -1 1 -1 1 2 1 5 2
0 0 0 -2 -1 1 -1 1 2 2 3 0
0 0 0 -2 -1 1 -1 2 1 1 5 2
0 0 0 -2 -1 1 -1 2 1 2 3 0
0 0 0 -2 -1 1 -1 2 2 1 5 2
0 0 0 -2 -1 1 -1 2 2 2 3 0
0 0 0 -2 -1 1 1 -1 1 1 5 2
0 0 0 -2 -1 1 1 -1 1 2 4 2
0 0 0 -2 -1 1 1 -1 2 1 5 2
0 0 0 -2 -1 1 1 -1 2 2 3 0
0 0 0 -2 -1 1 1 1 -1 1 5 2
0 0 0 -2 -1 1 1 1 -1 2 3 0
0 0 0 -2 -1 1 1 -2 2 1 5 2
0 0 0 -2 -1 1 1 -2 2 2 4 1
0 0 0 -2 -1 1 1 2 -1 1 5 2
0 0 0 -2 -1 1 1 2 -1 2 3 0
0 0 0 -2 -1 1 1 2 -2 1 5 2
0 0 0 -2 -1 1 1 2 -2 2 4 2
0 0 0 -2 -1 1 -2 1 2 1 5 2
0 0 0 -2 -1 1 -2 1 2 2 3 0
0 0 0 -2 -1 1 -2 2 1 1 5 2
0 0 0 -2 -1 1 -2 2 1 2 3 0
0 0 0 -2 -1 1 -2 2 2 1 5 2
0 0 0 -2 -1 1 -2 2 2 2 3 0
0 0 0 -2 -1 1 2 -1 1 1 5 2
0 0 0 -2 -1 1 2 -1 1 2 3 0
0 0 0 -2 -1 1 2 -1 2 1 5 2
0 0 0 -2 -1 1 2 -1 2 2 3 0
0 0 0 -2 -1 1 2 1 -1 1 5 2
0 0 0 -2 -1 1 2 1 -1 2 3 0
0 0 0 -2 -1 1 2 1 -2 1 5 2
0 0 0 -2 -1 1 2 1 -2 2 4 2
0 0 0 -2 -1 1 2 -2 1 1 5 2
0 0 0 -2 -1 1 2 -2 1 2 3 0
0 0 0 -2 -1 1 2 -2 2 1 5 2
0 0 0 -2 -1 1 2 -2 2 2 3 0
0 0 0 -2 -1 1 2 2 -1 1 5 2
0 0 0 -2 -1 1 2 2 -1 2 3 0
0 0 0 -2 -1 1 2 2 -2 1 5 2
0 0 0 -2 -1 1 2 2 -2 2 4 2
0 0 0 -2 -1 -2 1 1 2 2 4 0
0 0 0 -2 -1 -2 1 2 1 2 4 0
0 0 0 -2 -1 -2 1 2 2 2 4 0
0 0 0 -2 -1 -2 2 1 1 2 4 0
0 0 0 -2 -1 -2 2 1 2 2 4 0
0 0 0 -2 -1 -2 2 2 1 2 4 0
0 0 0 -2 -1 -2 2 2 2 2 4 0
0 0 0 -2 -1 2 -1 1 1 1 5 2
0 0 0 -2 -1 2 -1 1 1 2 3 0
0 0 0 -2 -1 2 -1 1 2 1 5 2
0 0 0 -2 -1 2 -1 1 2 2 3 0
0 0 0 -2 -1 2 -1 2 1 1 5 2
0 0 0 -2 -1 2 -1 2 1 2 3 0
0 0 0 -2 -1 2 1 -1 1 1 5 2
0 0 0 -2 -1 2 1 -1 1 2 3 0
0 0 0 -2 -1 2 1 -1 2 1 5 2
0 0 0 -2 -1 2 1 -1 2 2 3 0
0 0 0 -2 -1 2 1 1 -1 1 5 2
0 0 0 -2 -1 2 1 1 -1 2 3 0
0 0 0 -2 -1 2 1 1 -2 1 5 2
0 0 0 -2 -1 2 1 1 -2 2 3 0
0 0 0 -2 -1 2 1 -2 1 1 5 2
0 0 0 -2 -1 2 1 -2 1 2 3 0
0 0 0 -2 -1 2 1 -2 2 1 5 2
0 0 0 -2 -1 2 1 -2 2 2 4 1
0 0 0 -2 -1 2 1 2 -1 1 5 2
0 0 0 -2 -1 2 1 2 -1 2 3 0
0 0 0 -2 -1 2 1 2 -2 1 5 2
0 0 0 -2 -1 2 1 2 -2 2 3 0
0 0 0 -2 -1 2 -2 1 1 1 5 2
0 0 0 -2 -1 2 -2 1 1 2 3 0
0 0 0 -2 -1 2 -2 1 2 1 5 2
0 0 0 -2 -1 2 -2 1 2 2 3 0
0 0 0 -2 -1 2 -2 2 1 1 5 2
0 0 0 -2 -1 2 -2 2 1 2 3 0
0 0 0 -2 -1 2 -2 2 2 1 5 2
0 0 0 -2 -1 2 -2 2 2 2 3 0
0 0 0 -2 -1 2 2 -1 1 1 5 2
0 0 0 -2 -1 2 2 -1 1 2 3 0
0 0 0 -2 -1 2 2 1 -1 1 5 2
0 0 0 -2 -1 2 2 1 -1 2 3 0
0 0 0 -2 -1 2 2 1 -2 1 5 2
0 0 0 -2 -1 2 2 1 -2 2 3 0
0 0 0 -2 -1 2 2 -2 1 1 5 2
0 0 0 -2 -1 2 2 -2 1 2 3 0
0 0 0 -2 -1 2 2 -2 2 1 5 2
0 0 0 -2 -1 2 2 -2 2 2 3 0
0 0 0 -2 -1 2 2 2 -2 1 5 2
0 0 0 -2 -1 2 2 2 -2 2 3 0
0 0 0 -2 1 -1 -1 1 1 1 4 0
0 0 0 -2 1 -1 -1 1 1 2 3 0
0 0 0 -2 1 -1 -1 1 2 1 4 0
0 0 0 -2 1 -1 -1 1 2 2 3 0
0 0 0 -2 1 -1 -1 2 1 1 4 0
0 0 0 -2 1 -1 -1 2 1 2 3 0
0 0 0 -2 1 -1 -1 2 2 1 4 0
0 0 0 -2 1 -1 -1 2 2 2 3 0
0 0 0 -2 1 -1 1 -1 1 1 4 0
0 0 0 -2 1 -1 1 -1 1 2 3 0
0 0 0 -2 1 -1 1 -1 2 1 4 0
0 0 0 -2 1 -1 1 -1 2 2 3 0
0 0 0 -2 1 -1 1 1 -1 1 4 0
0 0 0 -2 1 -1 1 1 -1 2 3 0
0 0 0 -2 1 -1 1 -2 2 1 4 0
0 0 0 -2 1 -1 1 -2 2 2 3 0
0 0 0 -2 1 -1 1 2 -1 1 4 0
0 0 0 -2 1 -1 1 2 -1 2 3 0
0 0 0 -2 1 -1 1 2 -2 1 4 1
0 0 0 -2 1 -1 1 2 -2 2 3 0
0 0 0 -2 1 -1 -2 1 2 1 4 1
0 0 0 -2 1 -1 -2 1 2 2 3 0
0 0 0 -2 1 -1 -2 2 1 1 4 1
0 0 0 -2 1 -1 -2 2 1 2 3 0
0 0 0 -2 1 -1 -2 2 2 1 4 1
0 0 0 -2 1 -1 -2 2 2 2 3 0
0 0 0 -2 1 -1 2 -1 1 1 4 0
0 0 0 -2 1 -1 2 -1 1 2 3 0
0 0 0 -2 1 -1 2 -1 2 1 4 1
0 0 0 -2 1 -1 2 -1 2 2 3 0
0 0 0 -2 1 -1 2 1 -1 1 4 0
0 0 0 -2 1 -1 2 1 -1 2 3 0
0 0 0 -2 1 -1 2 1 -2 1 4 1
0 0 0 -2 1 -1 2 1 -2 2 3 0
0 0 0 -2 1 -1 2 -2 1 1 4 0
0 0 0 -2 1 -1 2 -2 1 2 3 0
0 0 0 -2 1 -1 2 -2 2 1 4 0
0 0 0 -2 1 -1 2 -2 2 2 3 0
0 0 0 -2 1 -1 2 2 -1 1 4 0
0 0 0 -2 1 -1 2 2 -1 2 3 0
0 0 0 -2 1 -1 2 2 -2 1 4 1
0 0 0 -2 1 -1 2 2 -2 2 3 0
0 0 0 -2 1 1 -1 -1 1 1 4 0
0 0 0 -2 1 1 -1 -1 1 2 3 0
0 0 0 -2 1 1 -1 -1 2 1 4 0
0 0 0 -2 1 1 -1 -1 2 2 3 0
0 0 0 -2 1 1 -1 1 -1 1 4 0
0 0 0 -2 1 1 -1 1 -1 2 3 0
0 0 0 -2 1 1 -1 -2 2 1 4 0
0 0 0 -2 1 1 -1 -2 2 2 3 0
0 0 0 -2 1 1 -1 2 -1 1 4 0
0 0 0 -2 1 1 -1 2 -1 2 3 0
0 0 0 -2 1 1 -1 2 -2 1 4 0
0 0 0 -2 1 1 -1 2 -2 2 3 0
0 0 0 -2 1 1 1 -1 -1 1 4 0
0 0 0 -2 1 1 1 -1 -1 2 3 0
0 0 0 -2 1 1 -2 -1 2 1 4 0
0 0 0 -2 1 1 -2 -1 2 2 3 0
0 0 0 -2 1 1 -2 2 -1 1 4 0
0 0 0 -2 1 1 -2 2 -1 2 3 0
0 0 0 -2 1 1 2 -1 -1 1 4 2
0 0 0 -2 1 1 2 -1 -1 2 3 0
0 0 0 -2 1 1 2 -1 -2 1 4 0
0 0 0 -2 1 1 2 -1 -2 2 3 0
0 0 0 -2 1 1 2 -2 -1 1 4 0
0 0 0 -2 1 1 2 -2 -1 2 3 0
0 0 0 -2 1 -2 -1 1 2 1 4 0
0 0 0 -2 1 -2 -1 1 2 2 3 0
0 0 0 -2 1 -2 -1 2 1 1 4 0
0 0 0 -2 1 -2 -1 2 1 2 3 0
0 0 0 -2 1 -2 -1 2 2 1 4 0
0 0 0 -2 1 -2 -1 2 2 2 3 0
0 0 0 -2 1 -2 1 -1 2 1 4 0
0 0 0 -2 1 -2 1 -1 2 2 3 0
0 0 0 -2 1 -2 1 2 -1 1 4 0
0 0 0 -2 1 -2 1 2 -1 2 3 0
0 0 0 -2 1 -2 -2 2 2 1 4 1
0 0 0 -2 1 -2 -2 2 2 2 3 0
0 0 0 -2 1 -2 2 -1 1 1 4 0
0 0 0 -2 1 -2 2 -1 1 2 3 0
0 0 0 -2 1 -2 2 -1 2 1 4 0
0 0 0 -2 1 -2 2 -1 2 2 3 0
0 0 0 -2 1 -2 2 1 -1 1 4 0
0 0 0 -2 1 -2 2 1 -1 2 3 0
0 0 0 -2 1 -2 2 -2 2 1 4 0
0 0 0 -2 1 -2 2 -2 2 2 3 0
0 0 0 -2 1 -2 2 2 -1 1 4 0
0 0 0 -2 1 -2 2 2 -1 2 3 0
0 0 0 -2 1 -2 2 2 -2 1 4 1
0 0 0 -2 1 -2 2 2 -2 2 3 0
0 0 0 -2 1 2 -1 -1 1 1 4 0
0 0 0 -2 1 2 -1 -1 1 2 3 0
0 0 0 -2 1 2 -1 -1 2 1 4 0
0 0 0 -2 1 2 -1 -1 2 2 3 0
0 0 0 -2 1 2 -1 1 -1 1 4 0
0 0 0 -2 1 2 -1 1 -1 2 3 0
0 0 0 -2 1 2 -1 1 -2 1 4 0
0 0 0 -2 1 2 -1 1 -2 2 3 0
0 0 0 -2 1 2 -1 -2 1 1 4 0
0 0 0 -2 1 2 -1 -2 1 2 3 0
0 0 0 -2 1 2 -1 -2 2 1 4 0
0 0 0 -2 1 2 -1 -2 2 2 3 0
0 0 0 -2 1 2 -1 2 -1 1 4 0
0 0 0 -2 1 2 -1 2 -1 2 3 0
0 0 0 -2 1 2 -1 2 -2 1 4 0
0 0 0 -2 1 2 -1 2 -2 2 3 0
0 0 0 -2 1 2 1 -1 -1 1 4 0
0 0 0 -2 1 2 1 -1 -1 2 3 0
0 0 0 -2 1 2 1 -1 -2 1 4 0
0 0 0 -2 1 2 1 -1 -2 2 3 0
0 0 0 -2 1 2 1 -2 -1 1 4 0
0 0 0 -2 1 2 1 -2 -1 2 3 0
0 0 0 -2 1 2 -2 -1 1 1 4 0
0 0 0 -2 1 2 -2 -1 1 2 3 0
0 0 0 -2 1 2 -2 -1 2 1 4 0
0 0 0 -2 1 2 -2 -1 2 2 3 0
0 0 0 -2 1 2 -2 1 -1 1 4 0
0 0 0 -2 1 2 -2 1 -1 2 3 0
0 0 0 -2 1 2 -2 -2 2 1 4 0
0 0 0 -2 1 2 -2 -2 2 2 3 0
0 0 0 -2 1 2 -2 2 -1 1 4 0
0 0 0 -2 1 2 -2 2 -1 2 3 0
0 0 0 -2 1 2 -2 2 -2 1 4 0
0 0 0 -2 1 2 -2 2 -2 2 3 0
0 0 0 -2 1 2 2 -1 -1 1 4 2
0 0 0 -2 1 2 2 -1 -1 2 3 0
0 0 0 -2 1 2 2 -1 -2 1 4 0
0 0 0 -2 1 2 2 -1 -2 2 3 0
0 0 0 -2 1 2 2 -2 -1 1 4 0
0 0 0 -2 1 2 2 -2 -1 2 3 0
0 0 0 -2 1 2 2 -2 -2 1 4 0
0 0 0 -2 1 2 2 -2 -2 2 3 0
0 0 0 -2 -2 -1 1 1 2 2 5 2
0 0 0 -2 -2 -1 1 2 1 2 5 2
0 0 0 -2 -2 -1 1 2 2 2 5 2
0 0 0 -2 -2 -1 2 1 1 2 5 2
0 0 0 -2 -2 -1 2 1 2 2 5 2
0 0 0 -2 -2 -1 2 2 1 2 5 2
0 0 0 -2 -2 -1 2 2 2 2 5 2
0 0 0 -2 -2 1 -1 1 2 1 5 2
0 0 0 -2 -2 1 -1 1 2 2 3 0
0 0 0 -2 -2 1 -1 2 1 1 5 2
0 0 0 -2 -2 1 -1 2 1 2 3 0
0 0 0 -2 -2 1 -1 2 2 1 5 2
0 0 0 -2 -2 1 -1 2 2 2 3 0
0 0 0 -2 -2 1 1 -1 2 1 5 2
0 0 0 -2 -2 1 1 -1 2 2 3 0
0 0 0 -2 -2 1 1 2 -1 1 5 2
0 0 0 -2 -2 1 1 2 -1 2 3 0
0 0 0 -2 -2 1 -2 2 2 1 5 2
0 0 0 -2 -2 1 -2 2 2 2 3 0
0 0 0 -2 -2 1 2 -1 1 1 5 2
0 0 0 -2 -2 1 2 -1 1 2 3 0
0 0 0 -2 -2 1 2 -1 2 1 5 2
0 0 0 -2 -2 1 2 -1 2 2 3 0
0 0 0 -2 -2 1 2 1 -1 1 5 2
0 0 0 -2 -2 1 2 1 -1 2 3 0
0 0 0 -2 -2 1 2 -2 2 1 5 2
0 0 0 -2 -2 1 2 -2 2 2 3 0
0 0 0 -2 -2 1 2 2 -1 1 5 2
0 0 0 -2 -2 1 2 2 -1 2 3 0
0 0 0 -2 -2 1 2 2 -2 1 5 2
0 0 0 -2 -2 1 2 2 -2 2 3 0
0 0 0 -2 -2 2 -1 1 1 1 5 2
0 0 0 -2 -2 2 -1 1 1 2 3 0
0 0 0 -2 -2 2 -1 1 2 1 5 2
0 0 0 -2 -2 2 -1 1 2 2 3 0
0 0 0 -2 -2 2 -1 2 1 1 5 2
0 0 0 -2 -2 2 -1 2 1 2 3 0
0 0 0 -2 -2 2 -1 2 2 1 5 2
0 0 0 -2 -2 2 -1 2 2 2 3 0
0 0 0 -2 -2 2 1 -1 1 1 5 2
0 0 0 -2 -2 2 1 -1 1 2 3 0
0 0 0 -2 -2 2 1 -1 2 1 5 2
0 0 0 -2 -2 2 1 -1 2 2 3 0
0 0 0 -2 -2 2 1 1 -1 1 5 2
0 0 0 -2 -2 2 1 1 -1 2 3 0
0 0 0 -2 -2 2 1 -2 2 1 5 2
0 0 0 -2 -2 2 1 -2 2 2 3 0
0 0 0 -2 -2 2 1 2 -1 1 5 2
0 0 0 -2 -2 2 1 2 -1 2 3 0
0 0 0 -2 -2 2 1 2 -2 1 5 2
0 0 0 -2 -2 2 1 2 -2 2 3 0
0 0 0 -2 -2 2 -2 1 2 1 5 2
0 0 0 -2 -2 2 -2 1 2 2 3 0
0 0 0 -2 -2 2 -2 2 1 1 5 2
0 0 0 -2 -2 2 -2 2 1 2 3 0
0 0 0 -2 -2 2 -2 2 2 1 5 2
0 0 0 -2 -2 2 -2 2 2 2 3 0
0 0 0 -2 -2 2 2 -1 1 1 5 2
0 0 0 -2 -2 2 2 -1 1 2 3 0
0 0 0 -2 -2 2 2 -1 2 1 5 2
0 0 0 -2 -2 2 2 -1 2 2 3 0
0 0 0 -2 -2 2 2 1 -1 1 5 2
0 0 0 -2 -2 2 2 1 -1 2 3 0
0 0 0 -2 -2 2 2 1 -2 1 5 2
0 0 0 -2 -2 2 2 1 -2 2 3 0
0 0 0 -2 -2 2 2 -2 1 1 5 2
0 0 0 -2 -2 2 2 -2 1 2 3 0
0 0 0 -2 -2 2 2 -2 2 1 5 2
0 0 0 -2 -2 2 2 -2 2 2 3 0
0 0 0 -2 -2 2 2 2 -1 1 5 2
0 0 0 -2 -2 2 2 2 -1 2 3 0
0 0 0 -2 -2 2 2 2 -2 1 5 2
0 0 0 -2 -2 2 2 2 -2 2 3 0
0 0 0 -2 2 -1 -1 1 1 1 4 0
0 0 0 -2 2 -1 -1 1 1 2 3 0
0 0 0 -2 2 -1 -1 1 2 1 4 0
0 0 0 -2 2 -1 -1 1 2 2 3 0
0 0 0 -2 2 -1 -1 2 1 1 4 0
0 0 0 -2 2 -1 -1 2 1 2 3 0
0 0 0 -2 2 -1 1 -1 1 1 4 0
0 0 0 -2 2 -1 1 -1 1 2 3 0
0 0 0 -2 2 -1 1 -1 2 1 4 0
0 0 0 -2 2 -1 1 -1 2 2 3 0
0 0 0 -2 2 -1 1 1 -1 1 4 0
0 0 0 -2 2 -1 1 1 -1 2 3 0
0 0 0 -2 2 -1 1 1 -2 1 4 1
0 0 0 -2 2 -1 1 1 -2 2 3 0
0 0 0 -2 2 -1 1 -2 1 1 4 0
0 0 0 -2 2 -1 1 -2 1 2 3 0
0 0 0 -2 2 -1 1 -2 2 1 4 0
0 0 0 -2 2 -1 1 -2 2 2 3 0
0 0 0 -2 2 -1 1 2 -1 1 4 0
0 0 0 -2 2 -1 1 2 -1 2 3 0
0 0 0 -2 2 -1 1 2 -2 1 4 1
0 0 0 -2 2 -1 1 2 -2 2 3 0
0 0 0 -2 2 -1 -2 1 1 1 4 1
0 0 0 -2 2 -1 -2 1 1 2 3 0
0 0 0 -2 2 -1 -2 1 2 1 4 1
0 0 0 -2 2 -1 -2 1 2 2 3 0
0 0 0 -2 2 -1 -2 2 1 1 4 1
0 0 0 -2 2 -1 -2 2 1 2 3 0
0 0 0 -2 2 -1 -2 2 2 1 4 1
0 0 0 -2 2 -1 -2 2 2 2 3 0
0 0 0 -2 2 -1 2 -1 1 1 4 0
0 0 0 -2 2 -1 2 -1 1 2 3 0
0 0 0 -2 2 -1 2 1 -1 1 4 0
0 0 0 -2 2 -1 2 1 -1 2 3 0
0 0 0 -2 2 -1 2 1 -2 1 4 1
0 0 0 -2 2 -1 2 1 -2 2 3 0
0 0 0 -2 2 -1 2 -2 1 1 4 0
0 0 0 -2 2 -1 2 -2 1 2 3 0
0 0 0 -2 2 -1 2 -2 2 1 4 0
0 0 0 -2 2 -1 2 -2 2 2 3 0
0 0 0 -2 2 -1 2 2 -2 1 4 1
0 0 0 -2 2 -1 2 2 -2 2 3 0
0 0 0 -2 2 1 -1 -1 1 1 4 0
0 0 0 -2 2 1 -1 -1 1 2 3 0
0 0 0 -2 2 1 -1 -1 2 1 4 0
0 0 0 -2 2 1 -1 -1 2 2 3 0
0 0 0 -2 2 1 -1 1 -1 1 4 0
0 0 0 -2 2 1 -1 1 -1 2 3 0
0 0 0 -2 2 1 -1 1 -2 1 4 0
0 0 0 -2 2 1 -1 1 -2 2 3 0
0 0 0 -2 2 1 -1 -2 1 1 4 0
0 0 0 -2 2 1 -1 -2 1 2 3 0
0 0 0 -2 2 1 -1 -2 2 1 4 0
0 0 0 -2 2 1 -1 -2 2 2 3 0
0 0 0 -2 2 1 -1 2 -1 1 5 2
0 0 0 -2 2 1 -1 2 -1 2 3 0
0 0 0 -2 2 1 -1 2 -2 1 5 2
0 0 0 -2 2 1 -1 2 -2 2 3 0
0 0 0 -2 2 1 1 -1 -1 1 4 0
0 0 0 -2 2 1 1 -1 -1 2 3 0
0 0 0 -2 2 1 1 -1 -2 1 4 0
0 0 0 -2 2 1 1 -1 -2 2 3 0
0 0 0 -2 2 1 1 -2 -1 1 4 0
0 0 0 -2 2 1 1 -2 -1 2 3 0
0 0 0 -2 2 1 -2 -1 1 1 4 0
0 0 0 -2 2 1 -2 -1 1 2 3 0
0 0 0 -2 2 1 -2 -1 2 1 4 0
0 0 0 -2 2 1 -2 -1 2 2 3 0
0 0 0 -2 2 1 -2 1 -1 1 4 0
0 0 0 -2 2 1 -2 1 -1 2 3 0
0 0 0 -2 2 1 -2 -2 2 1 4 0
0 0 0 -2 2 1 -2 -2 2 2 3 0
0 0 0 -2 2 1 -2 2 -1 1 5 2
0 0 0 -2 2 1 -2 2 -1 2 3 0
0 0 0 -2 2 1 -2 2 -2 1 5 2
0 0 0 -2 2 1 -2 2 -2 2 3 0
0 0 0 -2 2 1 2 -1 -1 1 5 2
0 0 0 -2 2 1 2 -1 -1 2 3 0
0 0 0 -2 2 1 2 -1 -2 1 5 2
0 0 0 -2 2 1 2 -1 -2 2 3 0
0 0 0 -2 2 1 2 -2 -1 1 5 2
0 0 0 -2 2 1 2 -2 -1 2 3 0
0 0 0 -2 2 1 2 -2 -2 1 5 2
0 0 0 -2 2 1 2 -2 -2 2 3 0
0 0 0 -2 2 -2 -1 1 1 1 4 0
0 0 0 -2 2 -2 -1 1 1 2 3 0
0 0 0 -2 2 -2 -1 1 2 1 4 0
0 0 0 -2 2 -2 -1 1 2 2 3 0
0 0 0 -2 2 -2 -1 2 1 1 4 0
0 0 0 -2 2 -2 -1 2 1 2 3 0
0 0 0 -2 2 -2 -1 2 2 1 4 0
0 0 0 -2 2 -2 -1 2 2 2 3 0
0 0 0 -2 2 -2 1 -1 1 1 4 0
0 0 0 -2 2 -2 1 -1 1 2 3 0
0 0 0 -2 2 -2 1 -1 2 1 4 0
0 0 0 -2 2 -2 1 -1 2 2 3 0
0 0 0 -2 2 -2 1 1 -1 1 4 0
0 0 0 -2 2 -2 1 1 -1 2 3 0
0 0 0 -2 2 -2 1 -2 2 1 4 0
0 0 0 -2 2 -2 1 -2 2 2 3 0
0 0 0 -2 2 -2 1 2 -1 1 4 0
0 0 0 -2 2 -2 1 2 -1 2 3 0
0 0 0 -2 2 -2 1 2 -2 1 4 1
0 0 0 -2 2 -2 1 2 -2 2 3 0
0 0 0 -2 2 -2 -2 1 2 1 4 1
0 0 0 -2 2 -2 -2 1 2 2 3 0
0 0 0 -2 2 -2 -2 2 1 1 4 1
0 0 0 -2 2 -2 -2 2 1 2 3 0
0 0 0 -2 2 -2 -2 2 2 1 4 1
0 0 0 -2 2 -2 -2 2 2 2 3 0
0 0 0 -2 2 -2 2 -1 1 1 4 0
0 0 0 -2 2 -2 2 -1 1 2 3 0
0 0 0 -2 2 -2 2 -1 2 1 4 0
0 0 0 -2 2 -2 2 -1 2 2 3 0
0 0 0 -2 2 -2 2 1 -1 1 4 0
0 0 0 -2 2 -2 2 1 -1 2 3 0
0 0 0 -2 2 -2 2 1 -2 1 4 1
0 0 0 -2 2 -2 2 1 -2 2 3 0
0 0 0 -2 2 -2 2 -2 1 1 4 0
0 0 0 -2 2 -2 2 -2 1 2 3 0
0 0 0 -2 2 -2 2 -2 2 1 4 0
0 0 0 -2 2 -2 2 -2 2 2 3 0
0 0 0 -2 2 -2 2 2 -1 1 4 0
0 0 0 -2 2 -2 2 2 -1 2 3 0
0 0 0 -2 2 -2 2 2 -2 1 4 1
0 0 0 -2 2 -2 2 2 -2 2 3 0
0 0 0 -2 2 2 -1 -1 1 1 4 0
0 0 0 -2 2 2 -1 -1 1 2 3 0
0 0 0 -2 2 2 -1 1 -1 1 4 0
0 0 0 -2 2 2 -1 1 -1 2 3 0
0 0 0 -2 2 2 -1 1 -2 1 4 0
0 0 0 -2 2 2 -1 1 -2 2 3 0
0 0 0 -2 2 2 -1 -2 1 1 4 0
0 0 0 -2 2 2 -1 -2 1 2 3 0
0 0 0 -2 2 2 -1 -2 2 1 4 0
0 0 0 -2 2 2 -1 -2 2 2 3 0
0 0 0 -2 2 2 -1 2 -2 1 5 2
0 0 0 -2 2 2 -1 2 -2 2 3 0
0 0 0 -2 2 2 1 -1 -1 1 4 0
0 0 0 -2 2 2 1 -1 -1 2 3 0
0 0 0 -2 2 2 1 -1 -2 1 4 0
0 0 0 -2 2 2 1 -1 -2 2 3 0
0 0 0 -2 2 2 1 -2 -1 1 4 0
0 0 0 -2 2 2 1 -2 -1 2 3 0
0 0 0 -2 2 2 1 -2 -2 1 4 0
0 0 0 -2 2 2 1 -2 -2 2 3 0
0 0 0 -2 2 2 -2 -1 1 1 4 0
0 0 0 -2 2 2 -2 -1 1 2 3 0
0 0 0 -2 2 2 -2 -1 2 1 4 0
0 0 0 -2 2 2 -2 -1 2 2 3 0
0 0 0 -2 2 2 -2 1 -1 1 4 0
0 0 0 -2 2 2 -2 1 -1 2 3 0
0 0 0 -2 2 2 -2 1 -2 1 4 0
0 0 0 -2 2 2 -2 1 -2 2 3 0
0 0 0 -2 2 2 -2 -2 1 1 4 0
0 0 0 -2 2 2 -2 -2 1 2 3 0
0 0 0 -2 2 2 -2 -2 2 1 4 0
0 0 0 -2 2 2 -2 -2 2 2 3 0
0 0 0 -2 2 2 -2 2 -1 1 5 2
0 0 0 -2 2 2 -2 2 -1 2 3 0
0 0 0 -2 2 2 -2 2 -2 1 5 2
0 0 0 -2 2 2 -2 2 -2 2 3 0
0 0 0 -2 2 2 2 -1 -2 1 5 2
0 0 0 -2 2 2 2 -1 -2 2 3 0
0 0 0 -2 2 2 2 -2 -1 1 5 2
0 0 0 -2 2 2 2 -2 -1 2 3 0
0 0 0 -2 2 2 2 -2 -2 1 5 2
0 0 0 -2 2 2 2 -2 -2 2 3 0
0 0 0 2 -1 -1 -1 1 1 1 3 0
0 0 0 2 -1 -1 -1 1 1 2 4 0
0 0 0 2 -1 -1 1 -1 1 1 3 0
0 0 0 2 -1 -1 1 -1 1 2 4 0
0 0 0 2 -1 -1 1 1 -1 1 3 0
0 0 0 2 -1 -1 1 1 -1 2 4 0
0 0 0 2 -1 -1 1 1 -2 1 3 0
0 0 0 2 -1 -1 1 1 -2 2 4 0
0 0 0 2 -1 -1 1 -2 1 1 3 0
0 0 0 2 -1 -1 1 -2 1 2 4 0
0 0 0 2 -1 -1 1 -2 2 1 3 0
0 0 0 2 -1 -1 1 -2 2 2 4 0
0 0 0 2 -1 -1 1 2 -2 1 3 0
0 0 0 2 -1 -1 1 2 -2 2 4 0
0 0 0 2 -1 -1 -2 1 1 1 3 0
0 0 0 2 -1 -1 -2 1 1 2 4 2
0 0 0 2 -1 -1 -2 1 2 1 3 0
0 0 0 2 -1 -1 -2 1 2 2 4 0
0 0 0 2 -1 -1 -2 2 1 1 3 0
0 0 0 2 -1 -1 -2 2 1 2 4 0
0 0 0 2 -1 -1 2 1 -2 1 3 0
0 0 0 2 -1 -1 2 1 -2 2 4 0
0 0 0 2 -1 -1 2 -2 1 1 3 0
0 0 0 2 -1 -1 2 -2 1 2 4 0
0 0 0 2 -1 1 -1 -1 1 1 3 0
0 0 0 2 -1 1 -1 -1 1 2 4 0
0 0 0 2 -1 1 -1 1 -1 1 3 0
0 0 0 2 -1 1 -1 1 -1 2 4 0
0 0 0 2 -1 1 -1 1 -2 1 3 0
0 0 0 2 -1 1 -1 1 -2 2 4 0
0 0 0 2 -1 1 -1 -2 1 1 3 0
0 0 0 2 -1 1 -1 -2 1 2 4 0
0 0 0 2 -1 1 -1 -2 2 1 3 0
0 0 0 2 -1 1 -1 -2 2 2 4 1
0 0 0 2 -1 1 -1 2 -2 1 3 0
0 0 0 2 -1 1 -1 2 -2 2 4 0
0 0 0 2 -1 1 1 -1 -1 1 3 0
0 0 0 2 -1 1 1 -1 -1 2 4 0
0 0 0 2 -1 1 1 -1 -2 1 3 0
0 0 0 2 -1 1 1 -1 -2 2 4 0
0 0 0 2 -1 1 1 -2 -1 1 3 0
0 0 0 2 -1 1 1 -2 -1 2 4 0
0 0 0 2 -1 1 1 -2 -2 1 3 0
0 0 0 2 -1 1 1 -2 -2 2 4 0
0 0 0 2 -1 1 -2 -1 1 1 3 0
0 0 0 2 -1 1 -2 -1 1 2 4 0
0 0 0 2 -1 1 -2 -1 2 1 3 0
0 0 0 2 -1 1 -2 -1 2 2 4 1
0 0 0 2 -1 1 -2 1 -1 1 3 0
0 0 0 2 -1 1 -2 1 -1 2 4 0
0 0 0 2 -1 1 -2 1 -2 1 3 0
0 0 0 2 -1 1 -2 1 -2 2 4 1
0 0 0 2 -1 1 -2 -2 1 1 3 0
0 0 0 2 -1 1 -2 -2 1 2 4 0
0 0 0 2 -1 1 -2 -2 2 1 3 0
0 0 0 2 -1 1 -2 -2 2 2 4 1
0 0 0 2 -1 1 -2 2 -1 1 3 0
0 0 0 2 -1 1 -2 2 -1 2 4 0
0 0 0 2 -1 1 -2 2 -2 1 3 0
0 0 0 2 -1 1 -2 2 -2 2 4 0
0 0 0 2 -1 1 2 -1 -2 1 3 0
0 0 0 2 -1 1 2 -1 -2 2 4 1
0 0 0 2 -1 1 2 -2 -1 1 3 0
0 0 0 2 -1 1 2 -2 -1 2 4 1
0 0 0 2 -1 1 2 -2 -2 1 3 0
0 0 0 2 -1 1 2 -2 -2 2 4 1
0 0 0 2 -1 -2 -1 1 1 1 3 0
0 0 0 2 -1 -2 -1 1 1 2 4 0
0 0 0 2 -1 -2 -1 1 2 1 3 0
0 0 0 2 -1 -2 -1 1 2 2 4 0
0 0 0 2 -1 -2 -1 2 1 1 3 0
0 0 0 2 -1 -2 -1 2 1 2 4 0
0 0 0 2 -1 -2 1 -1 1 1 3 0
0 0 0 2 -1 -2 1 -1 1 2 4 0
0 0 0 2 -1 -2 1 -1 2 1 3 0
0 0 0 2 -1 -2 1 -1 2 2 4 0
0 0 0 2 -1 -2 1 1 -1 1 3 0
0 0 0 2 -1 -2 1 1 -1 2 4 0
0 0 0 2 -1 -2 1 1 -2 1 3 0
0 0 0 2 -1 -2 1 1 -2 2 4 0
0 0 0 2 -1 -2 1 -2 1 1 3 0
0 0 0 2 -1 -2 1 -2 1 2 4 0
0 0 0 2 -1 -2 1 -2 2 1 3 0
0 0 0 2 -1 -2 1 -2 2 2 4 0
0 0 0 2 -1 -2 1 2 -1 1 3 0
0 0 0 2 -1 -2 1 2 -1 2 4 0
0 0 0 2 -1 -2 1 2 -2 1 3 0
0 0 0 2 -1 -2 1 2 -2 2 4 0
0 0 0 2 -1 -2 -2 1 1 1 3 0
0 0 0 2 -1 -2 -2 1 1 2 4 2
0 0 0 2 -1 -2 -2 1 2 1 3 0
0 0 0 2 -1 -2 -2 1 2 2 4 0
0 0 0 2 -1 -2 -2 2 1 1 3 0
0 0 0 2 -1 -2 -2 2 1 2 4 0
0 0 0 2 -1 -2 -2 2 2 1 3 0
0 0 0 2 -1 -2 -2 2 2 2 4 0
0 0 0 2 -1 -2 2 -1 1 1 3 0
0 0 0 2 -1 -2 2 -1 1 2 4 0
0 0 0 2 -1 -2 2 1 -1 1 3 0
0 0 0 2 -1 -2 2 1 -1 2 4 0
0 0 0 2 -1 -2 2 1 -2 1 3 0
0 0 0 2 -1 -2 2 1 -2 2 4 0
0 0 0 2 -1 -2 2 -2 1 1 3 0
0 0 0 2 -1 -2 2 -2 1 2 4 0
0 0 0 2 -1 -2 2 -2 2 1 3 0
0 0 0 2 -1 -2 2 -2 2 2 4 0
0 0 0 2 -1 -2 2 2 -2 1 3 0
0 0 0 2 -1 -2 2 2 -2 2 4 0
0 0 0 2 -1 2 -1 1 -2 1 3 0
0 0 0 2 -1 2 -1 1 -2 2 4 0
0 0 0 2 -1 2 -1 -2 1 1 3 0
0 0 0 2 -1 2 -1 -2 1 2 4 0
0 0 0 2 -1 2 1 -1 -2 1 3 0
0 0 0 2 -1 2 1 -1 -2 2 4 0
0 0 0 2 -1 2 1 -2 -1 1 3 0
0 0 0 2 -1 2 1 -2 -1 2 4 0
0 0 0 2 -1 2 1 -2 -2 1 3 0
0 0 0 2 -1 2 1 -2 -2 2 4 0
0 0 0 2 -1 2 -2 -1 1 1 3 0
0 0 0 2 -1 2 -2 -1 1 2 4 0
0 0 0 2 -1 2 -2 1 -1 1 3 0
0 0 0 2 -1 2 -2 1 -1 2 4 0
0 0 0 2 -1 2 -2 1 -2 1 3 0
0 0 0 2 -1 2 -2 1 -2 2 4 0
0 0 0 2 -1 2 -2 -2 1 1 3 0
0 0 0 2 -1 2 -2 -2 1 2 4 0
0 0 0 2 -1 2 -2 -2 2 1 3 0
0 0 0 2 -1 2 -2 -2 2 2 4 1
0 0 0 2 -1 2 -2 2 -2 1 3 0
0 0 0 2 -1 2 -2 2 -2 2 4 0
0 0 0 2 -1 2 2 -2 -2 1 3 0
0 0 0 2 -1 2 2 -2 -2 2 4 1
0 0 0 2 1 -1 -1 -1 1 1 3 0
0 0 0 2 1 -1 -1 -1 1 2 5 2
0 0 0 2 1 -1 -1 1 -1 1 4 2
0 0 0 2 1 -1 -1 1 -1 2 5 2
0 0 0 2 1 -1 -1 1 -2 1 3 0
0 0 0 2 1 -1 -1 1 -2 2 5 2
0 0 0 2 1 -1 -1 -2 1 1 3 0
0 0 0 2 1 -1 -1 -2 1 2 5 2
0 0 0 2 1 -1 -1 -2 2 1 4 2
0 0 0 2 1 -1 -1 -2 2 2 5 2
0 0 0 2 1 -1 -1 2 -2 1 4 1
0 0 0 2 1 -1 -1 2 -2 2 5 2
0 0 0 2 1 -1 1 -1 -1 1 3 0
0 0 0 2 1 -1 1 -1 -1 2 5 2
0 0 0 2 1 -1 1 -1 -2 1 3 0
0 0 0 2 1 -1 1 -1 -2 2 5 2
0 0 0 2 1 -1 1 -2 -1 1 3 0
0 0 0 2 1 -1 1 -2 -1 2 5 2
0 0 0 2 1 -1 1 -2 -2 1 3 0
0 0 0 2 1 -1 1 -2 -2 2 5 2
0 0 0 2 1 -1 -2 -1 1 1 3 0
0 0 0 2 1 -1 -2 -1 1 2 5 2
0 0 0 2 1 -1 -2 -1 2 1 4 2
0 0 0 2 1 -1 -2 -1 2 2 5 2
0 0 0 2 1 -1 -2 1 -1 1 3 0
0 0 0 2 1 -1 -2 1 -1 2 5 2
0 0 0 2 1 -1 -2 1 -2 1 3 0
0 0 0 2 1 -1 -2 1 -2 2 5 2
0 0 0 2 1 -1 -2 -2 1 1 3 0
0 0 0 2 1 -1 -2 -2 1 2 5 2
0 0 0 2 1 -1 -2 -2 2 1 4 2
0 0 0 2 1 -1 -2 -2 2 2 5 2
0 0 0 2 1 -1 -2 2 -1 1 3 0
0 0 0 2 1 -1 -2 2 -1 2 5 2
0 0 0 2 1 -1 -2 2 -2 1 3 0
0 0 0 2 1 -1 -2 2 -2 2 5 2
0 0 0 2 1 -1 2 -1 -2 1 3 0
0 0 0 2 1 -1 2 -1 -2 2 5 2
0 0 0 2 1 -1 2 -2 -1 1 3 0
0 0 0 2 1 -1 2 -2 -1 2 5 2
0 0 0 2 1 -1 2 -2 -2 1 3 0
0 0 0 2 1 -1 2 -2 -2 2 5 2
0 0 0 2 1 1 -1 -1 -2 1 3 0
0 0 0 2 1 1 -1 -1 -2 2 3 0
0 0 0 2 1 1 -1 -2 -1 1 3 0
0 0 0 2 1 1 -1 -2 -1 2 3 0
0 0 0 2 1 1 -1 -2 -2 1 3 0
0 0 0 2 1 1 -1 -2 -2 2 3 0
0 0 0 2 1 1 -2 -1 -1 1 3 0
0 0 0 2 1 1 -2 -1 -1 2 3 0
0 0 0 2 1 1 -2 -1 -2 1 3 0
0 0 0 2 1 1 -2 -1 -2 2 3 0
0 0 0 2 1 1 -2 -2 -1 1 3 0
0 0 0 2 1 1 -2 -2 -1 2 3 0
0 0 0 2 1 -2 -1 -1 1 1 3 0
0 0 0 2 1 -2 -1 -1 1 2 5 2
0 0 0 2 1 -2 -1 -1 2 1 3 0
0 0 0 2 1 -2 -1 -1 2 2 5 2
0 0 0 2 1 -2 -1 1 -1 1 3 0
0 0 0 2 1 -2 -1 1 -1 2 5 2
0 0 0 2 1 -2 -1 1 -2 1 3 0
0 0 0 2 1 -2 -1 1 -2 2 5 2
0 0 0 2 1 -2 -1 -2 1 1 3 0
0 0 0 2 1 -2 -1 -2 1 2 5 2
0 0 0 2 1 -2 -1 -2 2 1 3 0
0 0 0 2 1 -2 -1 -2 2 2 5 2
0 0 0 2 1 -2 -1 2 -1 1 3 0
0 0 0 2 1 -2 -1 2 -1 2 5 2
0 0 0 2 1 -2 -1 2 -2 1 4 1
0 0 0 2 1 -2 -1 2 -2 2 5 2
0 0 0 2 1 -2 1 -1 -1 1 3 0
0 0 0 2 1 -2 1 -1 -1 2 5 2
0 0 0 2 1 -2 1 -1 -2 1 3 0
0 0 0 2 1 -2 1 -1 -2 2 5 2
0 0 0 2 1 -2 1 -2 -1 1 3 0
0 0 0 2 1 -2 1 -2 -1 2 5 2
0 0 0 2 1 -2 -2 -1 1 1 3 0
0 0 0 2 1 -2 -2 -1 1 2 5 2
0 0 0 2 1 -2 -2 -1 2 1 3 0
0 0 0 2 1 -2 -2 -1 2 2 5 2
0 0 0 2 1 -2 -2 1 -1 1 3 0
0 0 0 2 1 -2 -2 1 -1 2 5 2
0 0 0 2 1 -2 -2 -2 2 1 3 0
0 0 0 2 1 -2 -2 -2 2 2 5 2
0 0 0 2 1 -2 -2 2 -1 1 3 0
0 0 0 2 1 -2 -2 2 -1 2 5 2
0 0 0 2 1 -2 -2 2 -2 1 3 0
0 0 0 2 1 -2 -2 2 -2 2 5 2
0 0 0 2 1 -2 2 -1 -1 1 3 0
0 0 0 2 1 -2 2 -1 -1 2 5 2
0 0 0 2 1 -2 2 -1 -2 1 3 0
0 0 0 2 1 -2 2 -1 -2 2 5 2
0 0 0 2 1 -2 2 -2 -1 1 3 0
0 0 0 2 1 -2 2 -2 -1 2 5 2
0 0 0 2 1 -2 2 -2 -2 1 3 0
0 0 0 2 1 -2 2 -2 -2 2 5 2
0 0 0 2 1 2 -1 -1 -2 1 3 0
0 0 0 2 1 2 -1 -1 -2 2 3 0
0 0 0 2 1 2 -1 -2 -1 1 3 0
0 0 0 2 1 2 -1 -2 -1 2 3 0
0 0 0 2 1 2 -1 -2 -2 1 3 0
0 0 0 2 1 2 -1 -2 -2 2 3 0
0 0 0 2 1 2 -2 -1 -1 1 3 0
0 0 0 2 1 2 -2 -1 -1 2 3 0
0 0 0 2 1 2 -2 -1 -2 1 3 0
0 0 0 2 1 2 -2 -1 -2 2 3 0
0 0 0 2 1 2 -2 -2 -1 1 3 0
0 0 0 2 1 2 -2 -2 -1 2 3 0
0 0 0 2 1 2 -2 -2 -2 1 3 0
0 0 0 2 1 2 -2 -2 -2 2 3 0
0 0 0 2 -2 -1 -1 1 1 1 3 0
0 0 0 2 -2 -1 -1 1 1 2 4 0
0 0 0 2 -2 -1 -1 1 2 1 3 0
0 0 0 2 -2 -1 -1 1 2 2 4 0
0 0 0 2 -2 -1 -1 2 1 1 3 0
0 0 0 2 -2 -1 -1 2 1 2 4 0
0 0 0 2 -2 -1 1 -1 1 1 3 0
0 0 0 2 -2 -1 1 -1 1 2 4 0
0 0 0 2 -2 -1 1 -1 2 1 3 0
0 0 0 2 -2 -1 1 -1 2 2 4 0
0 0 0 2 -2 -1 1 1 -1 1 3 0
0 0 0 2 -2 -1 1 1 -1 2 4 0
0 0 0 2 -2 -1 1 1 -2 1 3 0
0 0 0 2 -2 -1 1 1 -2 2 4 0
0 0 0 2 -2 -1 1 -2 1 1 3 0
0 0 0 2 -2 -1 1 -2 1 2 5 2
0 0 0 2 -2 -1 1 -2 2 1 3 0
0 0 0 2 -2 -1 1 -2 2 2 5 2
0 0 0 2 -2 -1 1 2 -1 1 3 0
0 0 0 2 -2 -1 1 2 -1 2 4 0
0 0 0 2 -2 -1 1 2 -2 1 3 0
0 0 0 2 -2 -1 1 2 -2 2 4 0
0 0 0 2 -2 -1 -2 1 1 1 3 0
0 0 0 2 -2 -1 -2 1 1 2 5 2
0 0 0 2 -2 -1 -2 1 2 1 3 0
0 0 0 2 -2 -1 -2 1 2 2 5 2
0 0 0 2 -2 -1 -2 2 1 1 3 0
0 0 0 2 -2 -1 -2 2 1 2 5 2
0 0 0 2 -2 -1 -2 2 2 1 3 0
0 0 0 2 -2 -1 -2 2 2 2 5 2
0 0 0 2 -2 -1 2 -1 1 1 3 0
0 0 0 2 -2 -1 2 -1 1 2 4 0
0 0 0 2 -2 -1 2 1 -1 1 3 0
0 0 0 2 -2 -1 2 1 -1 2 4 0
0 0 0 2 -2 -1 2 1 -2 1 3 0
0 0 0 2 -2 -1 2 1 -2 2 4 0
0 0 0 2 -2 -1 2 -2 1 1 3 0
0 0 0 2 -2 -1 2 -2 1 2 5 2
0 0 0 2 -2 -1 2 -2 2 1 3 0
0 0 0 2 -2 -1 2 -2 2 2 5 2
0 0 0 2 -2 -1 2 2 -2 1 3 0
0 0 0 2 -2 -1 2 2 -2 2 4 0
0 0 0 2 -2 1 -1 -1 1 1 3 0
0 0 0 2 -2 1 -1 -1 1 2 4 0
0 0 0 2 -2 1 -1 -1 2 1 3 0
0 0 0 2 -2 1 -1 -1 2 2 4 1
0 0 0 2 -2 1 -1 1 -1 1 3 0
0 0 0 2 -2 1 -1 1 -1 2 4 0
0 0 0 2 -2 1 -1 1 -2 1 3 0
0 0 0 2 -2 1 -1 1 -2 2 4 0
0 0 0 2 -2 1 -1 -2 1 1 3 0
0 0 0 2 -2 1 -1 -2 1 2 4 0
0 0 0 2 -2 1 -1 -2 2 1 3 0
0 0 0 2 -2 1 -1 -2 2 2 4 1
0 0 0 2 -2 1 -1 2 -1 1 3 0
0 0 0 2 -2 1 -1 2 -1 2 4 0
0 0 0 2 -2 1 -1 2 -2 1 3 0
0 0 0 2 -2 1 -1 2 -2 2 4 0
0 0 0 2 -2 1 1 -1 -1 1 3 0
0 0 0 2 -2 1 1 -1 -1 2 4 0
0 0 0 2 -2 1 1 -1 -2 1 3 0
0 0 0 2 -2 1 1 -1 -2 2 4 0
0 0 0 2 -2 1 1 -2 -1 1 3 0
0 0 0 2 -2 1 1 -2 -1 2 4 0
0 0 0 2 -2 1 -2 -1 1 1 3 0
0 0 0 2 -2 1 -2 -1 1 2 4 0
0 0 0 2 -2 1 -2 -1 2 1 3 0
0 0 0 2 -2 1 -2 -1 2 2 4 1
0 0 0 2 -2 1 -2 1 -1 1 3 0
0 0 0 2 -2 1 -2 1 -1 2 4 0
0 0 0 2 -2 1 -2 -2 2 1 3 0
0 0 0 2 -2 1 -2 -2 2 2 4 1
0 0 0 2 -2 1 -2 2 -1 1 3 0
0 0 0 2 -2 1 -2 2 -1 2 4 0
0 0 0 2 -2 1 -2 2 -2 1 3 0
0 0 0 2 -2 1 -2 2 -2 2 4 0
0 0 0 2 -2 1 2 -1 -1 1 3 0
0 0 0 2 -2 1 2 -1 -1 2 4 1
0 0 0 2 -2 1 2 -1 -2 1 3 0
0 0 0 2 -2 1 2 -1 -2 2 4 1
0 0 0 2 -2 1 2 -2 -1 1 3 0
0 0 0 2 -2 1 2 -2 -1 2 4 1
0 0 0 2 -2 1 2 -2 -2 1 3 0
0 0 0 2 -2 1 2 -2 -2 2 4 1
0 0 0 2 -2 -2 -1 1 1 1 3 0
0 0 0 2 -2 -2 -1 1 1 2 4 0
0 0 0 2 -2 -2 -1 1 2 1 3 0
0 0 0 2 -2 -2 -1 1 2 2 4 0
0 0 0 2 -2 -2 -1 2 1 1 3 0
0 0 0 2 -2 -2 -1 2 1 2 4 0
0 0 0 2 -2 -2 -1 2 2 1 3 0
0 0 0 2 -2 -2 -1 2 2 2 4 0
0 0 0 2 -2 -2 1 -1 1 1 3 0
0 0 0 2 -2 -2 1 -1 1 2 4 0
0 0 0 2 -2 -2 1 -1 2 1 3 0
0 0 0 2 -2 -2 1 -1 2 2 4 0
0 0 0 2 -2 -2 1 1 -1 1 3 0
0 0 0 2 -2 -2 1 1 -1 2 4 0
0 0 0 2 -2 -2 1 -2 2 1 3 0
0 0 0 2 -2 -2 1 -2 2 2 5 2
0 0 0 2 -2 -2 1 2 -1 1 3 0
0 0 0 2 -2 -2 1 2 -1 2 4 0
0 0 0 2 -2 -2 1 2 -2 1 3 0
0 0 0 2 -2 -2 1 2 -2 2 4 0
0 0 0 2 -2 -2 -2 1 2 1 3 0
0 0 0 2 -2 -2 -2 1 2 2 5 2
0 0 0 2 -2 -2 -2 2 1 1 3 0
0 0 0 2 -2 -2 -2 2 1 2 5 2
0 0 0 2 -2 -2 -2 2 2 1 3 0
0 0 0 2 -2 -2 -2 2 2 2 5 2
0 0 0 2 -2 -2 2 -1 1 1 3 0
0 0 0 2 -2 -2 2 -1 1 2 4 0
0 0 0 2 -2 -2 2 -1 2 1 3 0
0 0 0 2 -2 -2 2 -1 2 2 4 0
0 0 0 2 -2 -2 2 1 -1 1 3 0
0 0 0 2 -2 -2 2 1 -1 2 4 0
0 0 0 2 -2 -2 2 1 -2 1 3 0
0 0 0 2 -2 -2 2 1 -2 2 4 0
0 0 0 2 -2 -2 2 -2 1 1 3 0
0 0 0 2 -2 -2 2 -2 1 2 5 2
0 0 0 2 -2 -2 2 -2 2 1 3 0
0 0 0 2 -2 -2 2 -2 2 2 5 2
0 0 0 2 -2 -2 2 2 -1 1 3 0
0 0 0 2 -2 -2 2 2 -1 2 4 0
0 0 0 2 -2 -2 2 2 -2 1 3 0
0 0 0 2 -2 -2 2 2 -2 2 4 0
0 0 0 2 -2 2 -1 -1 1 1 3 0
0 0 0 2 -2 2 -1 -1 1 2 4 0
0 0 0 2 -2 2 -1 1 -1 1 3 0
0 0 0 2 -2 2 -1 1 -1 2 4 0
0 0 0 2 -2 2 -1 1 -2 1 3 0
0 0 0 2 -2 2 -1 1 -2 2 4 0
0 0 0 2 -2 2 -1 -2 1 1 3 0
0 0 0 2 -2 2 -1 -2 1 2 4 0
0 0 0 2 -2 2 -1 -2 2 1 3 0
0 0 0 2 -2 2 -1 -2 2 2 4 1
0 0 0 2 -2 2 -1 2 -2 1 3 0
0 0 0 2 -2 2 -1 2 -2 2 4 0
0 0 0 2 -2 2 1 -1 -1 1 3 0
0 0 0 2 -2 2 1 -1 -1 2 4 0
0 0 0 2 -2 2 1 -1 -2 1 3 0
0 0 0 2 -2 2 1 -1 -2 2 4 0
0 0 0 2 -2 2 1 -2 -1 1 3 0
0 0 0 2 -2 2 1 -2 -1 2 4 0
0 0 0 2 -2 2 1 -2 -2 1 3 0
0 0 0 2 -2 2 1 -2 -2 2 4 0
0 0 0 2 -2 2 -2 -1 1 1 3 0
0 0 0 2 -2 2 -2 -1 1 2 4 0
0 0 0 2 -2 2 -2 -1 2 1 3 0
0 0 0 2 -2 2 -2 -1 2 2 4 1
0 0 0 2 -2 2 -2 1 -1 1 3 0
0 0 0 2 -2 2 -2 1 -1 2 4 0
0 0 0 2 -2 2 -2 1 -2 1 3 0
0 0 0 2 -2 2 -2 1 -2 2 4 0
0 0 0 2 -2 2 -2 -2 1 1 3 0
0 0 0 2 -2 2 -2 -2 1 2 4 0
0 0 0 2 -2 2 -2 -2 2 1 3 0
0 0 0 2 -2 2 -2 -2 2 2 4 1
0 0 0 2 -2 2 -2 2 -1 1 3 0
0 0 0 2 -2 2 -2 2 -1 2 4 0
0 0 0 2 -2 2 -2 2 -2 1 3 0
0 0 0 2 -2 2 -2 2 -2 2 4 0
0 0 0 2 -2 2 2 -1 -2 1 3 0
0 0 0 2 -2 2 2 -1 -2 2 4 1
0 0 0 2 -2 2 2 -2 -1 1 3 0
0 0 0 2 -2 2 2 -2 -1 2 4 1
0 0 0 2 -2 2 2 -2 -2 1 3 0
0 0 0 2 -2 2 2 -2 -2 2 4 1
0 0 0 2 2 -1 -1 1 -2 1 3 0
0 0 0 2 2 -1 -1 1 -2 2 5 2
0 0 0 2 2 -1 -1 -2 1 1 3 0
0 0 0 2 2 -1 -1 -2 1 2 5 2
0 0 0 2 2 -1 1 -1 -2 1 3 0
0 0 0 2 2 -1 1 -1 -2 2 5 2
0 0 0 2 2 -1 1 -2 -1 1 3 0
0 0 0 2 2 -1 1 -2 -1 2 5 2
0 0 0 2 2 -1 1 -2 -2 1 3 0
0 0 0 2 2 -1 1 -2 -2 2 5 2
0 0 0 2 2 -1 -2 -1 1 1 3 0
0 0 0 2 2 -1 -2 -1 1 2 5 2
0 0 0 2 2 -1 -2 1 -1 1 3 0
0 0 0 2 2 -1 -2 1 -1 2 5 2
0 0 0 2 2 -1 -2 1 -2 1 3 0
0 0 0 2 2 -1 -2 1 -2 2 5 2
0 0 0 2 2 -1 -2 -2 1 1 3 0
0 0 0 2 2 -1 -2 -2 1 2 5 2
0 0 0 2 2 -1 -2 -2 2 1 3 0
0 0 0 2 2 -1 -2 -2 2 2 5 2
0 0 0 2 2 -1 -2 2 -2 1 3 0
0 0 0 2 2 -1 -2 2 -2 2 5 2
0 0 0 2 2 -1 2 -2 -2 1 3 0
0 0 0 2 2 -1 2 -2 -2 2 5 2
0 0 0 2 2 1 -1 -1 -2 1 3 0
0 0 0 2 2 1 -1 -1 -2 2 3 0
0 0 0 2 2 1 -1 -2 -1 1 3 0
0 0 0 2 2 1 -1 -2 -1 2 3 0
0 0 0 2 2 1 -1 -2 -2 1 3 0
0 0 0 2 2 1 -1 -2 -2 2 3 0
0 0 0 2 2 1 -2 -1 -1 1 3 0
0 0 0 2 2 1 -2 -1 -1 2 3 0
0 0 0 2 2 1 -2 -1 -2 1 3 0
0 0 0 2 2 1 -2 -1 -2 2 3 0
0 0 0 2 2 1 -2 -2 -1 1 3 0
0 0 0 2 2 1 -2 -2 -1 2 3 0
0 0 0 2 2 1 -2 -2 -2 1 3 0
0 0 0 2 2 1 -2 -2 -2 2 3 0
0 0 0 2 2 -2 -1 -1 1 1 3 0
0 0 0 2 2 -2 -1 -1 1 2 5 2
0 0 0 2 2 -2 -1 1 -1 1 3 0
0 0 0 2 2 -2 -1 1 -1 2 5 2
0 0 0 2 2 -2 -1 1 -2 1 3 0
0 0 0 2 2 -2 -1 1 -2 2 5 2
0 0 0 2 2 -2 -1 -2 1 1 3 0
0 0 0 2 2 -2 -1 -2 1 2 5 2
0 0 0 2 2 -2 -1 -2 2 1 3 0
0 0 0 2 2 -2 -1 -2 2 2 5 2
0 0 0 2 2 -2 -1 2 -2 1 3 0
0 0 0 2 2 -2 -1 2 -2 2 5 2
0 0 0 2 2 -2 1 -1 -1 1 3 0
0 0 0 2 2 -2 1 -1 -1 2 5 2
0 0 0 2 2 -2 1 -1 -2 1 3 0
0 0 0 2 2 -2 1 -1 -2 2 5 2
0 0 0 2 2 -2 1 -2 -1 1 3 0
0 0 0 2 2 -2 1 -2 -1 2 5 2
0 0 0 2 2 -2 1 -2 -2 1 3 0
0 0 0 2 2 -2 1 -2 -2 2 5 2
0 0 0 2 2 -2 -2 -1 1 1 3 0
0 0 0 2 2 -2 -2 -1 1 2 5 2
0 0 0 2 2 -2 -2 -1 2 1 3 0
0 0 0 2 2 -2 -2 -1 2 2 5 2
0 0 0 2 2 -2 -2 1 -1 1 3 0
0 0 0 2 2 -2 -2 1 -1 2 5 2
0 0 0 2 2 -2 -2 1 -2 1 3 0
0 0 0 2 2 -2 -2 1 -2 2 5 2
0 0 0 2 2 -2 -2 -2 1 1 3 0
0 0 0 2 2 -2 -2 -2 1 2 5 2
0 0 0 2 2 -2 -2 -2 2 1 3 0
0 0 0 2 2 -2 -2 -2 2 2 5 2
0 0 0 2 2 -2 -2 2 -1 1 3 0
0 0 0 2 2 -2 -2 2 -1 2 5 2
0 0 0 2 2 -2 -2 2 -2 1 3 0
0 0 0 2 2 -2 -2 2 -2 2 5 2
0 0 0 2 2 -2 2 -1 -2 1 3 0
0 0 0 2 2 -2 2 -1 -2 2 5 2
0 0 0 2 2 -2 2 -2 -1 1 3 0
0 0 0 2 2 -2 2 -2 -1 2 5 2
0 0 0 2 2 -2 2 -2 -2 1 3 0
0 0 0 2 2 -2 2 -2 -2 2 5 2
0 0 -1 0 -1 -1 2 1 1 1 6 3
0 0 -1 0 -1 -1 2 1 1 2 2 1
0 0 -1 0 -1 1 -2 1 2 2 2 1
0 0 -1 0 -1 1 -2 2 1 2 2 1
0 0 -1 0 -1 1 -2 2 2 2 2 1
0 0 -1 0 -1 1 2 -1 1 1 6 3
0 0 -1 0 -1 1 2 -1 1 2 2 1
0 0 -1 0 -1 1 2 1 -1 1 6 3
0 0 -1 0 -1 1 2 1 -1 2 2 1
0 0 -1 0 -1 1 2 1 -2 1 6 3
0 0 -1 0 -1 1 2 1 -2 2 2 1
0 0 -1 0 -1 1 2 -2 1 1 6 3
0 0 -1 0 -1 1 2 -2 1 2 4 1
0 0 -1 0 -1 1 2 -2 2 1 6 3
0 0 -1 0 -1 1 2 -2 2 2 2 1
0 0 -1 0 -1 1 2 2 -2 1 6 3
0 0 -1 0 -1 1 2 2 -2 2 2 1
0 0 -1 0 -1 -2 2 1 1 1 6 3
0 0 -1 0 -1 -2 2 1 1 2 2 1
0 0 -1 0 -1 -2 2 1 2 1 6 3
0 0 -1 0 -1 -2 2 1 2 2 2 1
0 0 -1 0 -1 -2 2 2 1 1 6 3
0 0 -1 0 -1 -2 2 2 1 2 2 1
0 0 -1 0 -1 2 -2 1 1 2 2 1
0 0 -1 0 -1 2 -2 1 2 2 2 1
0 0 -1 0 -1 2 -2 2 1 2 2 1
0 0 -1 0 -1 2 2 1 -2 1 6 3
0 0 -1 0 -1 2 2 1 -2 2 2 1
0 0 -1 0 -1 2 2 -2 1 1 6 3
0 0 -1 0 -1 2 2 -2 1 2 2 1
0 0 -1 0 1 -1 -2 1 1 1 4 1
0 0 -1 0 1 -1 -2 1 1 2 2 1
0 0 -1 0 1 -1 -2 1 2 1 4 1
0 0 -1 0 1 -1 -2 1 2 2 2 1
0 0 -1 0 1 -1 -2 2 1 1 4 1
0 0 -1 0 1 -1 -2 2 1 2 2 1
0 0 -1 0 1 -1 -2 2 2 1 4 1
0 0 -1 0 1 -1 -2 2 2 2 2 1
0 0 -1 0 1 -1 2 -1 1 1 4 1
0 0 -1 0 1 -1 2 -1 1 2 2 1
0 0 -1 0 1 -1 2 1 -1 1 4 0
0 0 -1 0 1 -1 2 1 -1 2 2 1
0 0 -1 0 1 -1 2 1 -2 1 4 0
0 0 -1 0 1 -1 2 1 -2 2 2 1
0 0 -1 0 1 -1 2 -2 1 1 4 0
0 0 -1 0 1 -1 2 -2 1 2 2 1
0 0 -1 0 1 -1 2 -2 2 1 4 0
0 0 -1 0 1 -1 2 -2 2 2 2 1
0 0 -1 0 1 -1 2 2 -2 1 4 0
0 0 -1 0 1 -1 2 2 -2 2 2 1
0 0 -1 0 1 1 -2 -1 1 1 4 0
0 0 -1 0 1 1 -2 -1 1 2 2 1
0 0 -1 0 1 1 -2 -1 2 1 4 0
0 0 -1 0 1 1 -2 -1 2 2 6 3
0 0 -1 0 1 1 -2 1 -1 1 4 0
0 0 -1 0 1 1 -2 1 -1 2 2 1
0 0 -1 0 1 1 -2 -2 2 1 4 0
0 0 -1 0 1 1 -2 -2 2 2 6 3
0 0 -1 0 1 1 -2 2 -1 1 4 0
0 0 -1 0 1 1 -2 2 -1 2 2 1
0 0 -1 0 1 1 -2 2 -2 1 4 0
0 0 -1 0 1 1 -2 2 -2 2 2 1
0 0 -1 0 1 1 2 -1 -1 1 4 0
0 0 -1 0 1 1 2 -1 -1 2 2 1
0 0 -1 0 1 1 2 -1 -2 1 4 1
0 0 -1 0 1 1 2 -1 -2 2 2 1
0 0 -1 0 1 1 2 -2 -1 1 4 0
0 0 -1 0 1 1 2 -2 -1 2 2 1
0 0 -1 0 1 1 2 -2 -2 1 4 0
0 0 -1 0 1 1 2 -2 -2 2 2 1
0 0 -1 0 1 -2 -2 1 2 1 4 1
0 0 -1 0 1 -2 -2 1 2 2 2 1
0 0 -1 0 1 -2 -2 2 1 1 4 1
0 0 -1 0 1 -2 -2 2 1 2 2 1
0 0 -1 0 1 -2 -2 2 2 1 4 1
0 0 -1 0 1 -2 -2 2 2 2 2 1
0 0 -1 0 1 -2 2 -1 1 1 4 1
0 0 -1 0 1 -2 2 -1 1 2 2 1
0 0 -1 0 1 -2 2 -1 2 1 4 1
0 0 -1 0 1 -2 2 -1 2 2 2 1
0 0 -1 0 1 -2 2 1 -1 1 4 0
0 0 -1 0 1 -2 2 1 -1 2 2 1
0 0 -1 0 1 -2 2 1 -2 1 4 1
0 0 -1 0 1 -2 2 1 -2 2 2 1
0 0 -1 0 1 -2 2 -2 1 1 4 0
0 0 -1 0 1 -2 2 -2 1 2 2 1
0 0 -1 0 1 -2 2 -2 2 1 4 0
0 0 -1 0 1 -2 2 -2 2 2 2 1
0 0 -1 0 1 -2 2 2 -1 1 4 0
0 0 -1 0 1 -2 2 2 -1 2 2 1
0 0 -1 0 1 -2 2 2 -2 1 4 1
0 0 -1 0 1 -2 2 2 -2 2 2 1
0 0 -1 0 1 2 -2 -1 1 1 4 0
0 0 -1 0 1 2 -2 -1 1 2 2 1
0 0 -1 0 1 2 -2 -1 2 1 4 0
0 0 -1 0 1 2 -2 -1 2 2 6 3
0 0 -1 0 1 2 -2 1 -1 1 4 0
0 0 -1 0 1 2 -2 1 -1 2 2 1
0 0 -1 0 1 2 -2 1 -2 1 4 0
0 0 -1 0 1 2 -2 1 -2 2 2 1
0 0 -1 0 1 2 -2 -2 1 1 4 0
0 0 -1 0 1 2 -2 -2 1 2 2 1
0 0 -1 0 1 2 -2 -2 2 1 4 0
0 0 -1 0 1 2 -2 -2 2 2 6 3
0 0 -1 0 1 2 -2 2 -1 1 4 0
0 0 -1 0 1 2 -2 2 -1 2 2 1
0 0 -1 0 1 2 -2 2 -2 1 4 0
0 0 -1 0 1 2 -2 2 -2 2 2 1
0 0 -1 0 1 2 2 -1 -2 1 4 0
0 0 -1 0 1 2 2 -1 -2 2 2 1
0 0 -1 0 1 2 2 -2 -1 1 4 0
0 0 -1 0 1 2 2 -2 -1 2 2 1
0 0 -1 0 1 2 2 -2 -2 1 4 0
0 0 -1 0 1 2 2 -2 -2 2 2 1
0 0 -1 0 -2 -1 1 1 1 1 6 3
0 0 -1 0 -2 -1 1 1 1 2 2 1
0 0 -1 0 -2 -1 1 1 2 1 6 3
0 0 -1 0 -2 -1 1 1 2 2 2 1
0 0 -1 0 -2 -1 1 2 1 1 6 3
0 0 -1 0 -2 -1 1 2 1 2 2 1
0 0 -1 0 -2 -1 1 2 2 1 6 3
0 0 -1 0 -2 -1 1 2 2 2 2 1
0 0 -1 0 -2 -1 2 1 1 1 6 3
0 0 -1 0 -2 -1 2 1 1 2 2 1
0 0 -1 0 -2 -1 2 1 2 1 6 3
0 0 -1 0 -2 -1 2 1 2 2 2 1
0 0 -1 0 -2 -1 2 2 1 1 6 3
0 0 -1 0 -2 -1 2 2 1 2 2 1
0 0 -1 0 -2 1 -1 1 2 2 2 1
0 0 -1 0 -2 1 -1 2 1 2 2 1
0 0 -1 0 -2 1 -1 2 2 2 2 1
0 0 -1 0 -2 1 1 -1 1 1 6 3
0 0 -1 0 -2 1 1 -1 1 2 4 1
0 0 -1 0 -2 1 1 -1 2 1 6 3
0 0 -1 0 -2 1 1 -1 2 2 2 1
0 0 -1 0 -2 1 1 1 -1 1 6 3
0 0 -1 0 -2 1 1 1 -1 2 2 1
0 0 -1 0 -2 1 1 -2 2 1 6 3
0 0 -1 0 -2 1 1 -2 2 2 2 1
0 0 -1 0 -2 1 1 2 -1 1 6 3
0 0 -1 0 -2 1 1 2 -1 2 2 1
0 0 -1 0 -2 1 1 2 -2 1 6 3
0 0 -1 0 -2 1 1 2 -2 2 2 1
0 0 -1 0 -2 1 -2 1 2 2 2 1
0 0 -1 0 -2 1 -2 2 1 2 2 1
0 0 -1 0 -2 1 -2 2 2 2 2 1
0 0 -1 0 -2 1 2 -1 1 1 6 3
0 0 -1 0 -2 1 2 -1 1 2 2 1
0 0 -1 0 -2 1 2 -1 2 1 6 3
0 0 -1 0 -2 1 2 -1 2 2 2 1
0 0 -1 0 -2 1 2 1 -1 1 6 3
0 0 -1 0 -2 1 2 1 -1 2 2 1
0 0 -1 0 -2 1 2 1 -2 1 6 3
0 0 -1 0 -2 1 2 1 -2 2 2 1
0 0 -1 0 -2 1 2 -2 1 1 6 3
0 0 -1 0 -2 1 2 -2 1 2 2 1
0 0 -1 0 -2 1 2 -2 2 1 6 3
0 0 -1 0 -2 1 2 -2 2 2 2 1
0 0 -1 0 -2 1 2 2 -1 1 6 3
0 0 -1 0 -2 1 2 2 -1 2 2 1
0 0 -1 0 -2 1 2 2 -2 1 6 3
0 0 -1 0 -2 1 2 2 -2 2 2 1
0 0 -1 0 -2 -2 1 1 2 1 6 3
0 0 -1 0 -2 -2 1 1 2 2 2 1
0 0 -1 0 -2 -2 1 2 1 1 6 3
0 0 -1 0 -2 -2 1 2 1 2 2 1
0 0 -1 0 -2 -2 1 2 2 1 6 3
0 0 -1 0 -2 -2 1 2 2 2 2 1
0 0 -1 0 -2 -2 2 1 1 1 6 3
0 0 -1 0 -2 -2 2 1 1 2 2 1
0 0 -1 0 -2 -2 2 1 2 1 6 3
0 0 -1 0 -2 -2 2 1 2 2 2 1
0 0 -1 0 -2 -2 2 2 1 1 6 3
0 0 -1 0 -2 -2 2 2 1 2 2 1
0 0 -1 0 -2 -2 2 2 2 1 6 3
0 0 -1 0 -2 -2 2 2 2 2 2 1
0 0 -1 0 -2 2 -1 1 1 2 2 1
0 0 -1 0 -2 2 -1 1 2 2 2 1
0 0 -1 0 -2 2 -1 2 1 2 2 1
0 0 -1 0 -2 2 1 -1 1 1 6 3
0 0 -1 0 -2 2 1 -1 1 2 2 1
0 0 -1 0 -2 2 1 -1 2 1 6 3
0 0 -1 0 -2 2 1 -1 2 2 2 1
0 0 -1 0 -2 2 1 1 -1 1 6 3
0 0 -1 0 -2 2 1 1 -1 2 2 1
0 0 -1 0 -2 2 1 1 -2 1 6 3
0 0 -1 0 -2 2 1 1 -2 2 2 1
0 0 -1 0 -2 2 1 -2 1 1 6 3
0 0 -1 0 -2 2 1 -2 1 2 2 1
0 0 -1 0 -2 2 1 -2 2 1 6 3
0 0 -1 0 -2 2 1 -2 2 2 2 1
0 0 -1 0 -2 2 1 2 -1 1 6 3
0 0 -1 0 -2 2 1 2 -1 2 2 1
0 0 -1 0 -2 2 1 2 -2 1 6 3
0 0 -1 0 -2 2 1 2 -2 2 2 1
0 0 -1 0 -2 2 -2 1 1 2 2 1
0 0 -1 0 -2 2 -2 1 2 2 2 1
0 0 -1 0 -2 2 -2 2 1 2 2 1
0 0 -1 0 -2 2 -2 2 2 2 2 1
0 0 -1 0 -2 2 2 -1 1 1 6 3
0 0 -1 0 -2 2 2 -1 1 2 2 1
0 0 -1 0 -2 2 2 1 -1 1 6 3
0 0 -1 0 -2 2 2 1 -1 2 2 1
0 0 -1 0 -2 2 2 1 -2 1 6 3
0 0 -1 0 -2 2 2 1 -2 2 2 1
0 0 -1 0 -2 2 2 -2 1 1 6 3
0 0 -1 0 -2 2 2 -2 1 2 2 1
0 0 -1 0 -2 2 2 -2 2 1 6 3
0 0 -1 0 -2 2 2 -2 2 2 2 1
0 0 -1 0 -2 2 2 2 -2 1 6 3
0 0 -1 0 -2 2 2 2 -2 2 2 1
0 0 -1 0 2 -1 -1 1 1 1 4 0
0 0 -1 0 2 -1 -1 1 1 2 2 1
0 0 -1 0 2 -1 1 -1 1 1 4 0
0 0 -1 0 2 -1 1 -1 1 2 2 1
0 0 -1 0 2 -1 1 1 -1 1 4 0
0 0 -1 0 2 -1 1 1 -1 2 2 1
0 0 -1 0 2 -1 1 1 -2 1 4 0
0 0 -1 0 2 -1 1 1 -2 2 2 1
0 0 -1 0 2 -1 1 -2 1 1 4 1
0 0 -1 0 2 -1 1 -2 1 2 2 1
0 0 -1 0 2 -1 1 -2 2 1 6 3
0 0 -1 0 2 -1 1 -2 2 2 2 1
0 0 -1 0 2 -1 1 2 -2 1 4 0
0 0 -1 0 2 -1 1 2 -2 2 2 1
0 0 -1 0 2 -1 -2 1 1 1 4 1
0 0 -1 0 2 -1 -2 1 1 2 2 1
0 0 -1 0 2 -1 -2 1 2 1 4 1
0 0 -1 0 2 -1 -2 1 2 2 2 1
0 0 -1 0 2 -1 -2 2 1 1 4 1
0 0 -1 0 2 -1 -2 2 1 2 2 1
0 0 -1 0 2 -1 2 1 -2 1 4 0
0 0 -1 0 2 -1 2 1 -2 2 2 1
0 0 -1 0 2 -1 2 -2 1 1 4 0
0 0 -1 0 2 -1 2 -2 1 2 2 1
0 0 -1 0 2 1 -1 -1 1 1 4 0
0 0 -1 0 2 1 -1 -1 1 2 6 3
0 0 -1 0 2 1 -1 1 -1 1 4 0
0 0 -1 0 2 1 -1 1 -1 2 2 1
0 0 -1 0 2 1 -1 1 -2 1 4 0
0 0 -1 0 2 1 -1 1 -2 2 2 1
0 0 -1 0 2 1 -1 -2 1 1 4 0
0 0 -1 0 2 1 -1 -2 1 2 2 1
0 0 -1 0 2 1 -1 -2 2 1 4 0
0 0 -1 0 2 1 -1 -2 2 2 6 3
0 0 -1 0 2 1 -1 2 -2 1 4 0
0 0 -1 0 2 1 -1 2 -2 2 2 1
0 0 -1 0 2 1 1 -1 -1 1 4 0
0 0 -1 0 2 1 1 -1 -1 2 2 1
0 0 -1 0 2 1 1 -1 -2 1 4 0
0 0 -1 0 2 1 1 -1 -2 2 2 1
0 0 -1 0 2 1 1 -2 -1 1 4 0
0 0 -1 0 2 1 1 -2 -1 2 2 1
0 0 -1 0 2 1 1 -2 -2 1 4 0
0 0 -1 0 2 1 1 -2 -2 2 2 1
0 0 -1 0 2 1 -2 -1 1 1 4 0
0 0 -1 0 2 1 -2 -1 1 2 2 1
0 0 -1 0 2 1 -2 -1 2 1 4 0
0 0 -1 0 2 1 -2 -1 2 2 6 3
0 0 -1 0 2 1 -2 1 -1 1 4 0
0 0 -1 0 2 1 -2 1 -1 2 2 1
0 0 -1 0 2 1 -2 1 -2 1 4 0
0 0 -1 0 2 1 -2 1 -2 2 2 1
0 0 -1 0 2 1 -2 -2 1 1 4 0
0 0 -1 0 2 1 -2 -2 1 2 2 1
0 0 -1 0 2 1 -2 -2 2 1 4 0
0 0 -1 0 2 1 -2 -2 2 2 6 3
0 0 -1 0 2 1 -2 2 -1 1 4 0
0 0 -1 0 2 1 -2 2 -1 2 2 1
0 0 -1 0 2 1 -2 2 -2 1 4 0
0 0 -1 0 2 1 -2 2 -2 2 2 1
0 0 -1 0 2 1 2 -1 -2 1 4 1
0 0 -1 0 2 1 2 -1 -2 2 2 1
0 0 -1 0 2 1 2 -2 -1 1 4 0
0 0 -1 0 2 1 2 -2 -1 2 2 1
0 0 -1 0 2 1 2 -2 -2 1 4 0
0 0 -1 0 2 1 2 -2 -2 2 2 1
0 0 -1 0 2 -2 -1 1 1 1 4 0
0 0 -1 0 2 -2 -1 1 1 2 2 1
0 0 -1 0 2 -2 -1 1 2 1 4 0
0 0 -1 0 2 -2 -1 1 2 2 2 1
0 0 -1 0 2 -2 -1 2 1 1 4 0
0 0 -1 0 2 -2 -1 2 1 2 2 1
0 0 -1 0 2 -2 1 -1 1 1 4 0
0 0 -1 0 2 -2 1 -1 1 2 2 1
0 0 -1 0 2 -2 1 -1 2 1 6 3
0 0 -1 0 2 -2 1 -1 2 2 2 1
0 0 -1 0 2 -2 1 1 -1 1 4 0
0 0 -1 0 2 -2 1 1 -1 2 2 1
0 0 -1 0 2 -2 1 1 -2 1 4 1
0 0 -1 0 2 -2 1 1 -2 2 2 1
0 0 -1 0 2 -2 1 -2 1 1 4 1
0 0 -1 0 2 -2 1 -2 1 2 2 1
0 0 -1 0 2 -2 1 -2 2 1 6 3
0 0 -1 0 2 -2 1 -2 2 2 2 1
0 0 -1 0 2 -2 1 2 -1 1 4 0
0 0 -1 0 2 -2 1 2 -1 2 2 1
0 0 -1 0 2 -2 1 2 -2 1 4 1
0 0 -1 0 2 -2 1 2 -2 2 2 1
0 0 -1 0 2 -2 -2 1 1 1 4 1
0 0 -1 0 2 -2 -2 1 1 2 2 1
0 0 -1 0 2 -2 -2 1 2 1 4 1
0 0 -1 0 2 -2 -2 1 2 2 2 1
0 0 -1 0 2 -2 -2 2 1 1 4 1
0 0 -1 0 2 -2 -2 2 1 2 2 1
0 0 -1 0 2 -2 -2 2 2 1 4 1
0 0 -1 0 2 -2 -2 2 2 2 2 1
0 0 -1 0 2 -2 2 -1 1 1 4 1
0 0 -1 0 2 -2 2 -1 1 2 2 1
0 0 -1 0 2 -2 2 1 -1 1 4 0
0 0 -1 0 2 -2 2 1 -1 2 2 1
0 0 -1 0 2 -2 2 1 -2 1 4 1
0 0 -1 0 2 -2 2 1 -2 2 2 1
0 0 -1 0 2 -2 2 -2 1 1 4 0
0 0 -1 0 2 -2 2 -2 1 2 2 1
0 0 -1 0 2 -2 2 -2 2 1 6 3
0 0 -1 0 2 -2 2 -2 2 2 2 1
0 0 -1 0 2 -2 2 2 -2 1 4 1
0 0 -1 0 2 -2 2 2 -2 2 2 1
0 0 -1 0 2 2 -1 1 -2 1 4 0
0 0 -1 0 2 2 -1 1 -2 2 2 1
0 0 -1 0 2 2 -1 -2 1 1 4 0
0 0 -1 0 2 2 -1 -2 1 2 2 1
0 0 -1 0 2 2 1 -1 -2 1 4 0
0 0 -1 0 2 2 1 -1 -2 2 2 1
0 0 -1 0 2 2 1 -2 -1 1 4 0
0 0 -1 0 2 2 1 -2 -1 2 2 1
0 0 -1 0 2 2 1 -2 -2 1 4 0
0 0 -1 0 2 2 1 -2 -2 2 2 1
0 0 -1 0 2 2 -2 -1 1 1 4 0
0 0 -1 0 2 2 -2 -1 1 2 2 1
0 0 -1 0 2 2 -2 1 -1 1 4 0
0 0 -1 0 2 2 -2 1 -1 2 2 1
0 0 -1 0 2 2 -2 1 -2 1 4 0
0 0 -1 0 2 2 -2 1 -2 2 2 1
0 0 -1 0 2 2 -2 -2 1 1 4 0
0 0 -1 0 2 2 -2 -2 1 2 2 1
0 0 -1 0 2 2 -2 -2 2 1 4 0
0 0 -1 0 2 2 -2 -2 2 2 6 3
0 0 -1 0 2 2 -2 2 -2 1 4 0
0 0 -1 0 2 2 -2 2 -2 2 2 1
0 0 -1 0 2 2 2 -2 -2 1 4 0
0 0 -1 0 2 2 2 -2 -2 2 2 1
0 0 -1 -1 0 -1 1 1 2 1 6 4
0 0 -1 -1 0 -1 1 1 2 2 2 4
0 0 -1 -1 0 -1 1 2 1 1 6 4
0 0 -1 -1 0 -1 1 2 1 2 2 4
0 0 -1 -1 0 -1 2 1 1 1 6 4
0 0 -1 -1 0 -1 2 1 1 2 2 4
0 0 -1 -1 0 1 -1 1 2 1 5 4
0 0 -1 -1 0 1 -1 1 2 2 3 4
0 0 -1 -1 0 1 -1 2 1 1 5 4
0 0 -1 -1 0 1 -1 2 1 2 3 4
0 0 -1 -1 0 1 1 -1 2 1 5 4
0 0 -1 -1 0 1 1 -1 2 2 2 1
0 0 -1 -1 0 1 1 1 -2 1 6 4
0 0 -1 -1 0 1 1 1 -2 2 2 4
0 0 -1 -1 0 1 1 -2 1 1 8 4
0 0 -1 -1 0 1 1 -2 1 2 3 4
0 0 -1 -1 0 1 1 -2 2 1 8 4
0 0 -1 -1 0 1 1 -2 2 2 3 4
0 0 -1 -1 0 1 1 2 -1 1 5 4
0 0 -1 -1 0 1 1 2 -1 2 2 4
0 0 -1 -1 0 1 1 2 -2 1 6 4
0 0 -1 -1 0 1 1 2 -2 2 2 4
0 0 -1 -1 0 1 -2 1 1 1 7 4
0 0 -1 -1 0 1 -2 1 1 2 3 4
0 0 -1 -1 0 1 -2 1 2 1 5 4
0 0 -1 -1 0 1 -2 1 2 2 3 4
0 0 -1 -1 0 1 -2 2 1 1 5 4
0 0 -1 -1 0 1 -2 2 1 2 3 4
0 0 -1 -1 0 1 -2 2 2 1 5 4
0 0 -1 -1 0 1 -2 2 2 2 3 4
0 0 -1 -1 0 1 2 -1 1 1 5 4
0 0 -1 -1 0 1 2 -1 1 2 3 4
0 0 -1 -1 0 1 2 1 -1 1 5 4
0 0 -1 -1 0 1 2 1 -1 2 2 1
0 0 -1 -1 0 1 2 1 -2 1 6 4
0 0 -1 -1 0 1 2 1 -2 2 2 4
0 0 -1 -1 0 1 2 -2 1 1 5 4
0 0 -1 -1 0 1 2 -2 1 2 3 4
0 0 -1 -1 0 1 2 -2 2 1 5 4
0 0 -1 -1 0 1 2 -2 2 2 3 4
0 0 -1 -1 0 1 2 2 -2 1 6 4
0 0 -1 -1 0 1 2 2 -2 2 2 4
0 0 -1 -1 0 -2 1 1 1 1 7 4
0 0 -1 -1 0 -2 1 1 1 2 2 4
0 0 -1 -1 0 -2 1 1 2 1 7 4
0 0 -1 -1 0 -2 1 1 2 2 2 4
0 0 -1 -1 0 -2 1 2 1 1 7 4
0 0 -1 -1 0 -2 1 2 1 2 2 4
0 0 -1 -1 0 -2 1 2 2 1 7 4
0 0 -1 -1 0 -2 1 2 2 2 2 4
0 0 -1 -1 0 -2 2 1 1 1 7 4
0 0 -1 -1 0 -2 2 1 1 2 2 4
0 0 -1 -1 0 -2 2 1 2 1 7 4
0 0 -1 -1 0 -2 2 1 2 2 2 4
0 0 -1 -1 0 -2 2 2 1 1 7 4
0 0 -1 -1 0 -2 2 2 1 2 2 4
0 0 -1 -1 0 2 -1 1 1 1 7 4
0 0 -1 -1 0 2 -1 1 1 2 3 4
0 0 -1 -1 0 2 1 -1 1 1 5 4
0 0 -1 -1 0 2 1 -1 1 2 3 4
0 0 -1 -1 0 2 1 1 -1 1 5 4
0 0 -1 -1 0 2 1 1 -1 2 2 1
0 0 -1 -1 0 2 1 1 -2 1 6 4
0 0 -1 -1 0 2 1 1 -2 2 2 4
0 0 -1 -1 0 2 1 -2 1 1 8 4
0 0 -1 -1 0 2 1 -2 1 2 3 4
0 0 -1 -1 0 2 1 -2 2 1 8 4
0 0 -1 -1 0 2 1 -2 2 2 3 4
0 0 -1 -1 0 2 1 2 -2 1 6 4
0 0 -1 -1 0 2 1 2 -2 2 2 4
0 0 -1 -1 0 2 -2 1 1 1 7 4
0 0 -1 -1 0 2 -2 1 1 2 3 4
0 0 -1 -1 0 2 -2 1 2 1 5 4
0 0 -1 -1 0 2 -2 1 2 2 3 4
0 0 -1 -1 0 2 -2 2 1 1 5 4
0 0 -1 -1 0 2 -2 2 1 2 3 4
0 0 -1 -1 0 2 2 1 -2 1 6 4
0 0 -1 -1 0 2 2 1 -2 2 2 4
0 0 -1 -1 0 2 2 -2 1 1 5 4
0 0 -1 -1 0 2 2 -2 1 2 3 4
0 0 -1 -1 -1 0 1 1 2 1 8 5
0 0 -1 -1 -1 0 1 1 2 2 2 5
0 0 -1 -1 -1 1 0 2 1 1 7 6
0 0 -1 -1 -1 1 0 2 1 2 3 0
0 0 -1 -1 -1 1 1 0 2 1 6 7
0 0 -1 -1 -1 1 1 0 2 2 3 0
0 0 -1 -1 -1 1 1 2 0 1 7 8
0 0 -1 -1 -1 1 1 2 0 2 4 0
0 0 -1 -1 -1 1 2 0 1 1 6 7
0 0 -1 -1 -1 1 2 0 1 2 3 0
0 0 -1 -1 -1 2 1 1 0 1 7 8
0 0 -1 -1 -1 2 1 1 0 2 4 0
0 0 -1 -1 1 0 -1 1 2 1 4 1
0 0 -1 -1 1 0 -1 1 2 2 2 5
0 0 -1 -1 1 0 1 -1 2 1 4 0
0 0 -1 -1 1 0 1 -1 2 2 2 1
0 0 -1 -1 1 0 1 1 -2 1 4 1
0 0 -1 -1 1 0 1 1 -2 2 2 1
0 0 -1 -1 1 0 1 -2 2 1 4 0
0 0 -1 -1 1 0 1 -2 2 2 2 1
0 0 -1 -1 1 0 1 2 -2 1 4 1
0 0 -1 -1 1 0 1 2 -2 2 2 1
0 0 -1 -1 1 0 -2 1 2 1 4 0
0 0 -1 -1 1 0 -2 1 2 2 2 5
0 0 -1 -1 1 0 -2 2 2 1 4 1
0 0 -1 -1 1 0 -2 2 2 2 2 5
0 0 -1 -1 1 0 2 1 -2 1 4 1
0 0 -1 -1 1 0 2 1 -2 2 2 1
0 0 -1 -1 1 0 2 -2 2 1 4 0
0 0 -1 -1 1 0 2 -2 2 2 2 1
0 0 -1 -1 1 0 2 2 -2 1 4 1
0 0 -1 -1 1 0 2 2 -2 2 2 1
0 0 -1 -1 1 -1 0 2 1 1 4 0
0 0 -1 -1 1 -1 0 2 1 2 2 1
0 0 -1 -1 1 -1 1 0 2 1 4 0
0 0 -1 -1 1 -1 1 0 2 2 2 1
0 0 -1 -1 1 -1 1 2 0 1 4 0
0 0 -1 -1 1 -1 1 2 0 2 5 8
0 0 -1 -1 1 -1 2 0 1 1 4 0
0 0 -1 -1 1 -1 2 0 1 2 2 1
0 0 -1 -1 1 1 0 -2 1 1 4 0
0 0 -1 -1 1 1 0 -2 1 2 2 1
0 0 -1 -1 1 1 0 -2 2 1 4 0
0 0 -1 -1 1 1 0 -2 2 2 3 0
0 0 -1 -1 1 1 0 2 -1 1 4 0
0 0 -1 -1 1 1 0 2 -1 2 3 0
0 0 -1 -1 1 1 0 2 -2 1 4 0
0 0 -1 -1 1 1 0 2 -2 2 3 0
0 0 -1 -1 1 1 -1 0 2 1 4 0
0 0 -1 -1 1 1 -1 0 2 2 3 0
0 0 -1 -1 1 1 -1 2 0 1 4 0
0 0 -1 -1 1 1 -1 2 0 2 3 0
0 0 -1 -1 1 1 1 0 -2 1 4 0
0 0 -1 -1 1 1 1 0 -2 2 2 1
0 0 -1 -1 1 1 1 -2 0 1 4 0
0 0 -1 -1 1 1 1 -2 0 2 2 1
0 0 -1 -1 1 1 -2 0 1 1 4 0
0 0 -1 -1 1 1 -2 0 1 2 2 1
0 0 -1 -1 1 1 -2 0 2 1 4 0
0 0 -1 -1 1 1 -2 0 2 2 3 0
0 0 -1 -1 1 1 -2 2 0 1 4 0
0 0 -1 -1 1 1 -2 2 0 2 3 0
0 0 -1 -1 1 1 2 0 -1 1 4 0
0 0 -1 -1 1 1 2 0 -1 2 2 1
0 0 -1 -1 1 1 2 0 -2 1 4 0
0 0 -1 -1 1 1 2 0 -2 2 2 1
0 0 -1 -1 1 1 2 -2 0 1 4 0
0 0 -1 -1 1 1 2 -2 0 2 2 1
0 0 -1 -1 1 -2 0 2 1 1 4 0
0 0 -1 -1 1 -2 0 2 1 2 2 1
0 0 -1 -1 1 -2 0 2 2 1 4 0
0 0 -1 -1 1 -2 0 2 2 2 2 1
0 0 -1 -1 1 -2 1 0 2 1 4 0
0 0 -1 -1 1 -2 1 0 2 2 2 1
0 0 -1 -1 1 -2 1 1 0 1 4 0
0 0 -1 -1 1 -2 1 1 0 2 2 1
0 0 -1 -1 1 -2 1 2 0 1 4 0
0 0 -1 -1 1 -2 1 2 0 2 3 0
0 0 -1 -1 1 -2 2 0 1 1 4 0
0 0 -1 -1 1 -2 2 0 1 2 2 1
0 0 -1 -1 1 -2 2 0 2 1 4 0
0 0 -1 -1 1 -2 2 0 2 2 2 1
0 0 -1 -1 1 -2 2 1 0 1 4 0
0 0 -1 -1 1 -2 2 1 0 2 2 1
0 0 -1 -1 1 -2 2 2 0 1 4 0
0 0 -1 -1 1 -2 2 2 0 2 3 0
0 0 -1 -1 1 2 0 -2 1 1 4 0
0 0 -1 -1 1 2 0 -2 1 2 2 1
0 0 -1 -1 1 2 0 -2 2 1 4 0
0 0 -1 -1 1 2 0 -2 2 2 3 0
0 0 -1 -1 1 2 0 2 -2 1 4 0
0 0 -1 -1 1 2 0 2 -2 2 3 0
0 0 -1 -1 1 2 -1 1 0 1 4 0
0 0 -1 -1 1 2 -1 1 0 2 3 0
0 0 -1 -1 1 2 1 0 -2 1 4 0
0 0 -1 -1 1 2 1 0 -2 2 2 1
0 0 -1 -1 1 2 1 -1 0 1 4 0
0 0 -1 -1 1 2 1 -1 0 2 2 1
0 0 -1 -1 1 2 1 -2 0 1 4 0
0 0 -1 -1 1 2 1 -2 0 2 2 1
0 0 -1 -1 1 2 -2 0 1 1 4 0
0 0 -1 -1 1 2 -2 0 1 2 2 1
0 0 -1 -1 1 2 -2 0 2 1 4 0
0 0 -1 -1 1 2 -2 0 2 2 3 0
0 0 -1 -1 1 2 -2 1 0 1 4 0
0 0 -1 -1 1 2 -2 1 0 2 3 0
0 0 -1 -1 1 2 -2 2 0 1 4 0
0 0 -1 -1 1 2 -2 2 0 2 3 0
0 0 -1 -1 1 2 2 0 -2 1 4 0
0 0 -1 -1 1 2 2 0 -2 2 2 1
0 0 -1 -1 1 2 2 -2 0 1 4 0
0 0 -1 -1 1 2 2 -2 0 2 2 1
0 0 -1 -1 -2 0 1 1 1 1 8 5
0 0 -1 -1 -2 0 1 1 1 2 2 5
0 0 -1 -1 -2 0 1 1 2 1 8 5
0 0 -1 -1 -2 0 1 1 2 2 2 5
0 0 -1 -1 -2 0 1 2 1 1 8 5
0 0 -1 -1 -2 0 1 2 1 2 2 5
0 0 -1 -1 -2 0 1 2 2 1 8 5
0 0 -1 -1 -2 0 1 2 2 2 2 5
0 0 -1 -1 -2 0 2 1 1 1 8 5
0 0 -1 -1 -2 0 2 1 1 2 2 5
0 0 -1 -1 -2 0 2 1 2 1 8 5
0 0 -1 -1 -2 0 2 1 2 2 2 5
0 0 -1 -1 -2 0 2 2 1 1 8 5
0 0 -1 -1 -2 0 2 2 1 2 2 5
0 0 -1 -1 -2 1 0 1 1 1 7 6
0 0 -1 -1 -2 1 0 1 1 2 3 0
0 0 -1 -1 -2 1 0 1 2 1 7 6
0 0 -1 -1 -2 1 0 1 2 2 3 0
0 0 -1 -1 -2 1 0 2 1 1 7 6
0 0 -1 -1 -2 1 0 2 1 2 3 0
0 0 -1 -1 -2 1 0 2 2 1 7 6
0 0 -1 -1 -2 1 0 2 2 2 3 0
0 0 -1 -1 -2 1 1 0 1 1 8 7
0 0 -1 -1 -2 1 1 0 1 2 3 0
0 0 -1 -1 -2 1 1 0 2 1 8 7
0 0 -1 -1 -2 1 1 0 2 2 3 0
0 0 -1 -1 -2 1 1 1 0 1 7 8
0 0 -1 -1 -2 1 1 1 0 2 4 0
0 0 -1 -1 -2 1 1 2 0 1 7 8
0 0 -1 -1 -2 1 1 2 0 2 4 0
0 0 -1 -1 -2 1 2 0 1 1 8 7
0 0 -1 -1 -2 1 2 0 1 2 3 0
0 0 -1 -1 -2 1 2 0 2 1 8 7
0 0 -1 -1 -2 1 2 0 2 2 3 0
0 0 -1 -1 -2 1 2 1 0 1 7 8
0 0 -1 -1 -2 1 2 1 0 2 4 1
0 0 -1 -1 -2 1 2 2 0 1 7 8
0 0 -1 -1 -2 1 2 2 0 2 4 1
0 0 -1 -1 -2 2 0 1 1 1 7 6
0 0 -1 -1 -2 2 0 1 1 2 3 0
0 0 -1 -1 -2 2 0 1 2 1 7 6
0 0 -1 -1 -2 2 0 1 2 2 3 0
0 0 -1 -1 -2 2 0 2 1 1 7 6
0 0 -1 -1 -2 2 0 2 1 2 3 0
0 0 -1 -1 -2 2 1 0 1 1 8 7
0 0 -1 -1 -2 2 1 0 1 2 3 0
0 0 -1 -1 -2 2 1 0 2 1 8 7
0 0 -1 -1 -2 2 1 0 2 2 3 0
0 0 -1 -1 -2 2 1 1 0 1 7 8
0 0 -1 -1 -2 2 1 1 0 2 4 0
0 0 -1 -1 -2 2 1 2 0 1 7 8
0 0 -1 -1 -2 2 1 2 0 2 4 0
0 0 -1 -1 -2 2 2 0 1 1 8 7
0 0 -1 -1 -2 2 2 0 1 2 3 0
0 0 -1 -1 -2 2 2 1 0 1 7 8
0 0 -1 -1 -2 2 2 1 0 2 4 1
0 0 -1 -1 2 0 -1 1 1 1 4 1
0 0 -1 -1 2 0 -1 1 1 2 2 5
0 0 -1 -1 2 0 1 -1 1 1 4 0
0 0 -1 -1 2 0 1 -1 1 2 2 1
0 0 -1 -1 2 0 1 1 -1 1 4 1
0 0 -1 -1 2 0 1 1 -1 2 2 1
0 0 -1 -1 2 0 1 1 -2 1 4 1
0 0 -1 -1 2 0 1 1 -2 2 2 1
0 0 -1 -1 2 0 1 -2 1 1 4 1
0 0 -1 -1 2 0 1 -2 1 2 2 1
0 0 -1 -1 2 0 1 -2 2 1 4 0
0 0 -1 -1 2 0 1 -2 2 2 2 1
0 0 -1 -1 2 0 1 2 -2 1 4 1
0 0 -1 -1 2 0 1 2 -2 2 2 1
0 0 -1 -1 2 0 -2 1 1 1 4 0
0 0 -1 -1 2 0 -2 1 1 2 2 5
0 0 -1 -1 2 0 -2 1 2 1 4 0
0 0 -1 -1 2 0 -2 1 2 2 2 5
0 0 -1 -1 2 0 -2 2 1 1 4 1
0 0 -1 -1 2 0 -2 2 1 2 2 5
0 0 -1 -1 2 0 2 1 -2 1 4 1
0 0 -1 -1 2 0 2 1 -2 2 2 1
0 0 -1 -1 2 0 2 -2 1 1 4 0
0 0 -1 -1 2 0 2 -2 1 2 2 1
0 0 -1 -1 2 -1 0 1 1 1 4 0
0 0 -1 -1 2 -1 0 1 1 2 2 1
0 0 -1 -1 2 -1 1 0 1 1 4 0
0 0 -1 -1 2 -1 1 0 1 2 2 1
0 0 -1 -1 2 -1 1 1 0 1 4 0
0 0 -1 -1 2 -1 1 1 0 2 5 8
0 0 -1 -1 2 1 0 -1 1 1 4 0
0 0 -1 -1 2 1 0 -1 1 2 2 1
0 0 -1 -1 2 1 0 1 -1 1 4 0
0 0 -1 -1 2 1 0 1 -1 2 3 0
0 0 -1 -1 2 1 0 1 -2 1 4 0
0 0 -1 -1 2 1 0 1 -2 2 3 0
0 0 -1 -1 2 1 0 -2 1 1 4 0
0 0 -1 -1 2 1 0 -2 1 2 2 1
0 0 -1 -1 2 1 0 -2 2 1 4 0
0 0 -1 -1 2 1 0 -2 2 2 3 0
0 0 -1 -1 2 1 0 2 -2 1 4 0
0 0 -1 -1 2 1 0 2 -2 2 3 0
0 0 -1 -1 2 1 -1 0 1 1 4 0
0 0 -1 -1 2 1 -1 0 1 2 6 7
0 0 -1 -1 2 1 -1 1 0 1 4 0
0 0 -1 -1 2 1 -1 1 0 2 3 0
0 0 -1 -1 2 1 1 0 -1 1 4 0
0 0 -1 -1 2 1 1 0 -1 2 3 0
0 0 -1 -1 2 1 1 0 -2 1 4 0
0 0 -1 -1 2 1 1 0 -2 2 3 0
0 0 -1 -1 2 1 1 -1 0 1 4 0
0 0 -1 -1 2 1 1 -1 0 2 2 1
0 0 -1 -1 2 1 1 -2 0 1 4 0
0 0 -1 -1 2 1 1 -2 0 2 2 1
0 0 -1 -1 2 1 -2 0 1 1 4 0
0 0 -1 -1 2 1 -2 0 1 2 6 7
0 0 -1 -1 2 1 -2 0 2 1 4 0
0 0 -1 -1 2 1 -2 0 2 2 3 0
0 0 -1 -1 2 1 -2 1 0 1 4 0
0 0 -1 -1 2 1 -2 1 0 2 3 0
0 0 -1 -1 2 1 -2 2 0 1 4 0
0 0 -1 -1 2 1 -2 2 0 2 3 0
0 0 -1 -1 2 1 2 0 -2 1 4 0
0 0 -1 -1 2 1 2 0 -2 2 3 0
0 0 -1 -1 2 1 2 -2 0 1 4 0
0 0 -1 -1 2 1 2 -2 0 2 3 0
0 0 -1 -1 2 -2 0 1 1 1 4 0
0 0 -1 -1 2 -2 0 1 1 2 2 1
0 0 -1 -1 2 -2 0 1 2 1 4 0
0 0 -1 -1 2 -2 0 1 2 2 2 1
0 0 -1 -1 2 -2 0 2 1 1 4 0
0 0 -1 -1 2 -2 0 2 1 2 2 1
0 0 -1 -1 2 -2 1 0 1 1 4 0
0 0 -1 -1 2 -2 1 0 1 2 2 1
0 0 -1 -1 2 -2 1 0 2 1 4 0
0 0 -1 -1 2 -2 1 0 2 2 2 1
0 0 -1 -1 2 -2 1 1 0 1 4 0
0 0 -1 -1 2 -2 1 1 0 2 2 1
0 0 -1 -1 2 -2 1 2 0 1 4 0
0 0 -1 -1 2 -2 1 2 0 2 3 0
0 0 -1 -1 2 -2 2 0 1 1 4 0
0 0 -1 -1 2 -2 2 0 1 2 2 1
0 0 -1 -1 2 -2 2 1 0 1 4 0
0 0 -1 -1 2 -2 2 1 0 2 2 1
0 0 -1 -1 2 2 0 1 -2 1 4 0
0 0 -1 -1 2 2 0 1 -2 2 3 0
0 0 -1 -1 2 2 0 -2 1 1 4 0
0 0 -1 -1 2 2 0 -2 1 2 2 1
0 0 -1 -1 2 2 1 0 -2 1 4 0
0 0 -1 -1 2 2 1 0 -2 2 3 0
0 0 -1 -1 2 2 1 -2 0 1 4 0
0 0 -1 -1 2 2 1 -2 0 2 2 1
0 0 -1 -1 2 2 -2 0 1 1 4 0
0 0 -1 -1 2 2 -2 0 1 2 6 7
0 0 -1 -1 2 2 -2 1 0 1 4 0
0 0 -1 -1 2 2 -2 1 0 2 3 0
0 0 -1 1 0 -1 -1 1 2 1 7 4
0 0 -1 1 0 -1 -1 1 2 2 2 1
0 0 -1 1 0 -1 -1 2 1 1 3 0
0 0 -1 1 0 -1 -1 2 1 2 2 1
0 0 -1 1 0 -1 1 -1 2 1 6 4
0 0 -1 1 0 -1 1 -1 2 2 2 1
0 0 -1 1 0 -1 1 1 -2 1 3 0
0 0 -1 1 0 -1 1 1 -2 2 2 4
0 0 -1 1 0 -1 1 -2 1 1 3 4
0 0 -1 1 0 -1 1 -2 1 2 5 4
0 0 -1 1 0 -1 1 -2 2 1 6 4
0 0 -1 1 0 -1 1 -2 2 2 5 4
0 0 -1 1 0 -1 1 2 -1 1 3 0
0 0 -1 1 0 -1 1 2 -1 2 5 4
0 0 -1 1 0 -1 1 2 -2 1 3 0
0 0 -1 1 0 -1 1 2 -2 2 2 4
0 0 -1 1 0 -1 -2 1 1 1 7 4
0 0 -1 1 0 -1 -2 1 1 2 2 4
0 0 -1 1 0 -1 -2 1 2 1 7 4
0 0 -1 1 0 -1 -2 1 2 2 2 4
0 0 -1 1 0 -1 -2 2 1 1 7 4
0 0 -1 1 0 -1 -2 2 1 2 2 4
0 0 -1 1 0 -1 -2 2 2 1 7 4
0 0 -1 1 0 -1 -2 2 2 2 2 4
0 0 -1 1 0 -1 2 -1 1 1 8 4
0 0 -1 1 0 -1 2 -1 1 2 2 1
0 0 -1 1 0 -1 2 1 -1 1 3 0
0 0 -1 1 0 -1 2 1 -1 2 2 4
0 0 -1 1 0 -1 2 1 -2 1 3 0
0 0 -1 1 0 -1 2 1 -2 2 2 4
0 0 -1 1 0 -1 2 -2 1 1 8 4
0 0 -1 1 0 -1 2 -2 1 2 5 4
0 0 -1 1 0 -1 2 -2 2 1 6 4
0 0 -1 1 0 -1 2 -2 2 2 5 4
0 0 -1 1 0 -1 2 2 -2 1 3 0
0 0 -1 1 0 -1 2 2 -2 2 2 4
0 0 -1 1 0 1 -1 -1 2 1 5 4
0 0 -1 1 0 1 -1 -1 2 2 2 1
0 0 -1 1 0 1 -1 1 -2 1 3 0
0 0 -1 1 0 1 -1 1 -2 2 2 1
0 0 -1 1 0 1 -1 -2 1 1 5 4
0 0 -1 1 0 1 -1 -2 1 2 6 4
0 0 -1 1 0 1 -1 -2 2 1 5 4
0 0 -1 1 0 1 -1 -2 2 2 6 4
0 0 -1 1 0 1 -1 2 -1 1 3 0
0 0 -1 1 0 1 -1 2 -1 2 6 4
0 0 -1 1 0 1 -1 2 -2 1 3 4
0 0 -1 1 0 1 -1 2 -2 2 2 1
0 0 -1 1 0 1 1 -1 -2 1 3 0
0 0 -1 1 0 1 1 -1 -2 2 2 1
0 0 -1 1 0 1 1 -2 -1 1 3 0
0 0 -1 1 0 1 1 -2 -1 2 8 4
0 0 -1 1 0 1 -2 -1 1 1 3 0
0 0 -1 1 0 1 -2 -1 1 2 6 4
0 0 -1 1 0 1 -2 -1 2 1 5 4
0 0 -1 1 0 1 -2 -1 2 2 2 1
0 0 -1 1 0 1 -2 1 -1 1 5 4
0 0 -1 1 0 1 -2 1 -1 2 2 1
0 0 -1 1 0 1 -2 -2 2 1 5 4
0 0 -1 1 0 1 -2 -2 2 2 6 4
0 0 -1 1 0 1 -2 2 -1 1 3 0
0 0 -1 1 0 1 -2 2 -1 2 2 1
0 0 -1 1 0 1 -2 2 -2 1 3 0
0 0 -1 1 0 1 -2 2 -2 2 2 1
0 0 -1 1 0 1 2 -1 -1 1 3 4
0 0 -1 1 0 1 2 -1 -1 2 7 4
0 0 -1 1 0 1 2 -1 -2 1 3 4
0 0 -1 1 0 1 2 -1 -2 2 7 4
0 0 -1 1 0 1 2 -2 -1 1 3 4
0 0 -1 1 0 1 2 -2 -1 2 8 4
0 0 -1 1 0 1 2 -2 -2 1 3 4
0 0 -1 1 0 1 2 -2 -2 2 8 4
0 0 -1 1 0 -2 -1 1 1 1 3 0
0 0 -1 1 0 -2 -1 1 1 2 2 1
0 0 -1 1 0 -2 -1 1 2 1 7 4
0 0 -1 1 0 -2 -1 1 2 2 2 1
0 0 -1 1 0 -2 -1 2 1 1 3 0
0 0 -1 1 0 -2 -1 2 1 2 2 1
0 0 -1 1 0 -2 -1 2 2 1 7 4
0 0 -1 1 0 -2 -1 2 2 2 2 1
0 0 -1 1 0 -2 1 -1 1 1 3 0
0 0 -1 1 0 -2 1 -1 1 2 2 1
0 0 -1 1 0 -2 1 -1 2 1 6 4
0 0 -1 1 0 -2 1 -1 2 2 2 1
0 0 -1 1 0 -2 1 1 -1 1 3 0
0 0 -1 1 0 -2 1 1 -1 2 2 4
0 0 -1 1 0 -2 1 -2 2 1 6 4
0 0 -1 1 0 -2 1 -2 2 2 5 4
0 0 -1 1 0 -2 1 2 -1 1 3 0
0 0 -1 1 0 -2 1 2 -1 2 5 4
0 0 -1 1 0 -2 1 2 -2 1 6 4
0 0 -1 1 0 -2 1 2 -2 2 2 1
0 0 -1 1 0 -2 -2 1 2 1 7 4
0 0 -1 1 0 -2 -2 1 2 2 2 4
0 0 -1 1 0 -2 -2 2 1 1 8 4
0 0 -1 1 0 -2 -2 2 1 2 2 4
0 0 -1 1 0 -2 -2 2 2 1 7 4
0 0 -1 1 0 -2 -2 2 2 2 2 4
0 0 -1 1 0 -2 2 -1 1 1 8 4
0 0 -1 1 0 -2 2 -1 1 2 2 1
0 0 -1 1 0 -2 2 -1 2 1 6 4
0 0 -1 1 0 -2 2 -1 2 2 2 1
0 0 -1 1 0 -2 2 1 -1 1 3 0
0 0 -1 1 0 -2 2 1 -1 2 2 4
0 0 -1 1 0 -2 2 1 -2 1 6 4
0 0 -1 1 0 -2 2 1 -2 2 2 1
0 0 -1 1 0 -2 2 -2 1 1 8 4
0 0 -1 1 0 -2 2 -2 1 2 5 4
0 0 -1 1 0 -2 2 -2 2 1 6 4
0 0 -1 1 0 -2 2 -2 2 2 5 4
0 0 -1 1 0 -2 2 2 -1 1 3 0
0 0 -1 1 0 -2 2 2 -1 2 5 4
0 0 -1 1 0 -2 2 2 -2 1 6 4
0 0 -1 1 0 -2 2 2 -2 2 2 1
0 0 -1 1 0 2 -1 -1 1 1 3 0
0 0 -1 1 0 2 -1 -1 1 2 6 4
0 0 -1 1 0 2 -1 1 -1 1 3 0
0 0 -1 1 0 2 -1 1 -1 2 2 1
0 0 -1 1 0 2 -1 1 -2 1 3 0
0 0 -1 1 0 2 -1 1 -2 2 2 1
0 0 -1 1 0 2 -1 -2 1 1 5 4
0 0 -1 1 0 2 -1 -2 1 2 6 4
0 0 -1 1 0 2 -1 -2 2 1 5 4
0 0 -1 1 0 2 -1 -2 2 2 6 4
0 0 -1 1 0 2 -1 2 -2 1 3 4
0 0 -1 1 0 2 -1 2 -2 2 2 1
0 0 -1 1 0 2 1 -1 -1 1 3 4
0 0 -1 1 0 2 1 -1 -1 2 2 1
0 0 -1 1 0 2 1 -1 -2 1 3 0
0 0 -1 1 0 2 1 -1 -2 2 2 1
0 0 -1 1 0 2 1 -2 -1 1 3 0
0 0 -1 1 0 2 1 -2 -1 2 8 4
0 0 -1 1 0 2 1 -2 -2 1 3 0
0 0 -1 1 0 2 1 -2 -2 2 8 4
0 0 -1 1 0 2 -2 -1 1 1 3 0
0 0 -1 1 0 2 -2 -1 1 2 6 4
0 0 -1 1 0 2 -2 -1 2 1 5 4
0 0 -1 1 0 2 -2 -1 2 2 2 1
0 0 -1 1 0 2 -2 1 -1 1 5 4
0 0 -1 1 0 2 -2 1 -1 2 2 1
0 0 -1 1 0 2 -2 1 -2 1 3 0
0 0 -1 1 0 2 -2 1 -2 2 2 1
0 0 -1 1 0 2 -2 -2 1 1 5 4
0 0 -1 1 0 2 -2 -2 1 2 6 4
0 0 -1 1 0 2 -2 -2 2 1 5 4
0 0 -1 1 0 2 -2 -2 2 2 6 4
0 0 -1 1 0 2 -2 2 -1 1 3 0
0 0 -1 1 0 2 -2 2 -1 2 2 1
0 0 -1 1 0 2 -2 2 -2 1 3 0
0 0 -1 1 0 2 -2 2 -2 2 2 1
0 0 -1 1 0 2 2 -1 -2 1 3 4
0 0 -1 1 0 2 2 -1 -2 2 7 4
0 0 -1 1 0 2 2 -2 -1 1 3 4
0 0 -1 1 0 2 2 -2 -1 2 8 4
0 0 -1 1 0 2 2 -2 -2 1 3 4
0 0 -1 1 0 2 2 -2 -2 2 8 4
0 0 -1 1 -1 0 -1 1 2 1 8 5
0 0 -1 1 -1 0 -1 1 2 2 2 1
0 0 -1 1 -1 0 1 -1 2 1 3 0
0 0 -1 1 -1 0 1 -1 2 2 2 1
0 0 -1 1 -1 0 1 1 -2 1 3 0
0 0 -1 1 -1 0 1 1 -2 2 2 1
0 0 -1 1 -1 0 1 -2 2 1 3 0
0 0 -1 1 -1 0 1 -2 2 2 4 0
0 0 -1 1 -1 0 1 2 -2 1 3 0
0 0 -1 1 -1 0 1 2 -2 2 2 1
0 0 -1 1 -1 0 -2 1 2 1 3 0
0 0 -1 1 -1 0 -2 1 2 2 4 0
0 0 -1 1 -1 0 -2 2 2 1 3 0
0 0 -1 1 -1 0 -2 2 2 2 2 1
0 0 -1 1 -1 0 2 1 -2 1 3 0
0 0 -1 1 -1 0 2 1 -2 2 2 1
0 0 -1 1 -1 0 2 -2 2 1 3 0
0 0 -1 1 -1 0 2 -2 2 2 2 1
0 0 -1 1 -1 0 2 2 -2 1 3 0
0 0 -1 1 -1 0 2 2 -2 2 2 1
0 0 -1 1 -1 -1 0 2 1 1 3 0
0 0 -1 1 -1 -1 0 2 1 2 4 0
0 0 -1 1 -1 -1 1 0 2 1 3 0
0 0 -1 1 -1 -1 1 0 2 2 4 0
0 0 -1 1 -1 -1 1 2 0 1 3 0
0 0 -1 1 -1 -1 1 2 0 2 5 8
0 0 -1 1 -1 -1 2 0 1 1 3 0
0 0 -1 1 -1 -1 2 0 1 2 4 0
0 0 -1 1 -1 1 0 -2 1 1 3 0
0 0 -1 1 -1 1 0 -2 1 2 4 0
0 0 -1 1 -1 1 0 -2 2 1 3 0
0 0 -1 1 -1 1 0 -2 2 2 4 0
0 0 -1 1 -1 1 0 2 -1 1 3 0
0 0 -1 1 -1 1 0 2 -1 2 4 0
0 0 -1 1 -1 1 0 2 -2 1 3 0
0 0 -1 1 -1 1 0 2 -2 2 4 0
0 0 -1 1 -1 1 -1 0 2 1 8 7
0 0 -1 1 -1 1 -1 0 2 2 2 1
0 0 -1 1 -1 1 -1 2 0 1 3 0
0 0 -1 1 -1 1 -1 2 0 2 4 0
0 0 -1 1 -1 1 1 0 -2 1 3 0
0 0 -1 1 -1 1 1 0 -2 2 4 0
0 0 -1 1 -1 1 1 -2 0 1 5 8
0 0 -1 1 -1 1 1 -2 0 2 2 1
0 0 -1 1 -1 1 -2 0 1 1 8 7
0 0 -1 1 -1 1 -2 0 1 2 6 7
0 0 -1 1 -1 1 -2 0 2 1 3 0
0 0 -1 1 -1 1 -2 0 2 2 2 1
0 0 -1 1 -1 1 -2 2 0 1 3 0
0 0 -1 1 -1 1 -2 2 0 2 4 0
0 0 -1 1 -1 1 2 0 -1 1 3 0
0 0 -1 1 -1 1 2 0 -1 2 2 1
0 0 -1 1 -1 1 2 0 -2 1 3 0
0 0 -1 1 -1 1 2 0 -2 2 4 0
0 0 -1 1 -1 1 2 -2 0 1 3 0
0 0 -1 1 -1 1 2 -2 0 2 4 1
0 0 -1 1 -1 -2 0 2 1 1 3 0
0 0 -1 1 -1 -2 0 2 1 2 4 0
0 0 -1 1 -1 -2 0 2 2 1 3 0
0 0 -1 1 -1 -2 0 2 2 2 4 0
0 0 -1 1 -1 -2 1 0 2 1 3 0
0 0 -1 1 -1 -2 1 0 2 2 4 0
0 0 -1 1 -1 -2 1 1 0 1 3 0
0 0 -1 1 -1 -2 1 1 0 2 5 8
0 0 -1 1 -1 -2 1 2 0 1 3 0
0 0 -1 1 -1 -2 1 2 0 2 5 8
0 0 -1 1 -1 -2 2 0 1 1 3 0
0 0 -1 1 -1 -2 2 0 1 2 4 0
0 0 -1 1 -1 -2 2 0 2 1 3 0
0 0 -1 1 -1 -2 2 0 2 2 4 0
0 0 -1 1 -1 -2 2 1 0 1 3 0
0 0 -1 1 -1 -2 2 1 0 2 5 8
0 0 -1 1 -1 -2 2 2 0 1 3 0
0 0 -1 1 -1 -2 2 2 0 2 5 8
0 0 -1 1 -1 2 0 -2 1 1 3 0
0 0 -1 1 -1 2 0 -2 1 2 4 0
0 0 -1 1 -1 2 0 -2 2 1 3 0
0 0 -1 1 -1 2 0 -2 2 2 4 0
0 0 -1 1 -1 2 0 2 -2 1 3 0
0 0 -1 1 -1 2 0 2 -2 2 4 0
0 0 -1 1 -1 2 -1 1 0 1 3 0
0 0 -1 1 -1 2 -1 1 0 2 2 1
0 0 -1 1 -1 2 1 0 -2 1 3 0
0 0 -1 1 -1 2 1 0 -2 2 4 0
0 0 -1 1 -1 2 1 -1 0 1 3 0
0 0 -1 1 -1 2 1 -1 0 2 2 1
0 0 -1 1 -1 2 1 -2 0 1 5 8
0 0 -1 1 -1 2 1 -2 0 2 2 1
0 0 -1 1 -1 2 -2 0 1 1 8 7
0 0 -1 1 -1 2 -2 0 1 2 6 7
0 0 -1 1 -1 2 -2 0 2 1 3 0
0 0 -1 1 -1 2 -2 0 2 2 2 1
0 0 -1 1 -1 2 -2 1 0 1 3 0
0 0 -1 1 -1 2 -2 1 0 2 2 1
0 0 -1 1 -1 2 -2 2 0 1 3 0
0 0 -1 1 -1 2 -2 2 0 2 4 0
0 0 -1 1 -1 2 2 0 -2 1 3 0
0 0 -1 1 -1 2 2 0 -2 2 2 1
0 0 -1 1 -1 2 2 -2 0 1 3 0
0 0 -1 1 -1 2 2 -2 0 2 2 1
0 0 -1 1 1 0 -1 -1 2 1 3 0
0 0 -1 1 1 0 -1 -1 2 2 2 1
0 0 -1 1 1 0 -1 1 -2 1 3 0
0 0 -1 1 1 0 -1 1 -2 2 2 1
0 0 -1 1 1 0 -1 -2 2 1 3 0
0 0 -1 1 1 0 -1 -2 2 2 2 1
0 0 -1 1 1 0 -1 2 -2 1 3 0
0 0 -1 1 1 0 -1 2 -2 2 2 1
0 0 -1 1 1 0 1 -1 -2 1 3 0
0 0 -1 1 1 0 1 -1 -2 2 2 1
0 0 -1 1 1 0 -2 -1 2 1 3 0
0 0 -1 1 1 0 -2 -1 2 2 2 1
0 0 -1 1 1 0 -2 -2 2 1 3 0
0 0 -1 1 1 0 -2 -2 2 2 2 1
0 0 -1 1 1 0 -2 2 -2 1 3 0
0 0 -1 1 1 0 -2 2 -2 2 2 1
0 0 -1 1 1 0 2 -1 -2 1 3 0
0 0 -1 1 1 0 2 -1 -2 2 2 1
0 0 -1 1 1 0 2 -2 -2 1 3 0
0 0 -1 1 1 0 2 -2 -2 2 2 1
0 0 -1 1 1 -1 0 -2 1 1 3 0
0 0 -1 1 1 -1 0 -2 1 2 2 1
0 0 -1 1 1 -1 0 -2 2 1 3 0
0 0 -1 1 1 -1 0 -2 2 2 2 1
0 0 -1 1 1 -1 0 2 -1 1 3 0
0 0 -1 1 1 -1 0 2 -1 2 2 1
0 0 -1 1 1 -1 0 2 -2 1 3 0
0 0 -1 1 1 -1 0 2 -2 2 2 1
0 0 -1 1 1 -1 -1 0 2 1 3 0
0 0 -1 1 1 -1 -1 0 2 2 6 7
0 0 -1 1 1 -1 -1 2 0 1 4 1
0 0 -1 1 1 -1 -1 2 0 2 2 1
0 0 -1 1 1 -1 1 0 -2 1 6 7
0 0 -1 1 1 -1 1 0 -2 2 2 1
0 0 -1 1 1 -1 1 -2 0 1 4 1
0 0 -1 1 1 -1 1 -2 0 2 2 1
0 0 -1 1 1 -1 -2 0 1 1 3 0
0 0 -1 1 1 -1 -2 0 1 2 6 7
0 0 -1 1 1 -1 -2 0 2 1 3 0
0 0 -1 1 1 -1 -2 0 2 2 6 7
0 0 -1 1 1 -1 -2 2 0 1 3 0
0 0 -1 1 1 -1 -2 2 0 2 2 1
0 0 -1 1 1 -1 2 0 -1 1 3 0
0 0 -1 1 1 -1 2 0 -1 2 2 1
0 0 -1 1 1 -1 2 0 -2 1 3 0
0 0 -1 1 1 -1 2 0 -2 2 2 1
0 0 -1 1 1 -1 2 -2 0 1 3 0
0 0 -1 1 1 -1 2 -2 0 2 2 1
0 0 -1 1 1 1 0 -2 -1 1 4 1
0 0 -1 1 1 1 0 -2 -1 2 2 1
0 0 -1 1 1 1 -1 0 -2 1 3 0
0 0 -1 1 1 1 -1 0 -2 2 2 1
0 0 -1 1 1 1 -1 -2 0 1 3 0
0 0 -1 1 1 1 -1 -2 0 2 2 1
0 0 -1 1 1 1 -2 0 -1 1 3 0
0 0 -1 1 1 1 -2 0 -1 2 2 1
0 0 -1 1 1 -2 0 -2 2 1 3 0
0 0 -1 1 1 -2 0 -2 2 2 2 1
0 0 -1 1 1 -2 0 2 -1 1 3 0
0 0 -1 1 1 -2 0 2 -1 2 2 1
0 0 -1 1 1 -2 0 2 -2 1 3 0
0 0 -1 1 1 -2 0 2 -2 2 2 1
0 0 -1 1 1 -2 -1 0 2 1 3 0
0 0 -1 1 1 -2 -1 0 2 2 6 7
0 0 -1 1 1 -2 -1 1 0 1 3 0
0 0 -1 1 1 -2 -1 1 0 2 2 1
0 0 -1 1 1 -2 -1 2 0 1 4 1
0 0 -1 1 1 -2 -1 2 0 2 2 1
0 0 -1 1 1 -2 1 -1 0 1 3 0
0 0 -1 1 1 -2 1 -1 0 2 2 1
0 0 -1 1 1 -2 -2 0 2 1 3 0
0 0 -1 1 1 -2 -2 0 2 2 6 7
0 0 -1 1 1 -2 -2 2 0 1 3 0
0 0 -1 1 1 -2 -2 2 0 2 2 1
0 0 -1 1 1 -2 2 0 -1 1 3 0
0 0 -1 1 1 -2 2 0 -1 2 2 1
0 0 -1 1 1 -2 2 0 -2 1 3 0
0 0 -1 1 1 -2 2 0 -2 2 2 1
0 0 -1 1 1 -2 2 -1 0 1 3 0
0 0 -1 1 1 -2 2 -1 0 2 2 1
0 0 -1 1 1 -2 2 -2 0 1 3 0
0 0 -1 1 1 -2 2 -2 0 2 2 1
0 0 -1 1 1 2 0 -2 -1 1 4 1
0 0 -1 1 1 2 0 -2 -1 2 2 1
0 0 -1 1 1 2 0 -2 -2 1 3 0
0 0 -1 1 1 2 0 -2 -2 2 2 1
0 0 -1 1 1 2 -1 0 -2 1 3 0
0 0 -1 1 1 2 -1 0 -2 2 2 1
0 0 -1 1 1 2 -1 -1 0 1 3 0
0 0 -1 1 1 2 -1 -1 0 2 2 1
0 0 -1 1 1 2 -1 -2 0 1 3 0
0 0 -1 1 1 2 -1 -2 0 2 2 1
0 0 -1 1 1 2 -2 0 -1 1 4 1
0 0 -1 1 1 2 -2 0 -1 2 2 1
0 0 -1 1 1 2 -2 0 -2 1 3 0
0 0 -1 1 1 2 -2 0 -2 2 2 1
0 0 -1 1 1 2 -2 -1 0 1 3 0
0 0 -1 1 1 2 -2 -1 0 2 2 1
0 0 -1 1 1 2 -2 -2 0 1 3 0
0 0 -1 1 1 2 -2 -2 0 2 2 1
0 0 -1 1 -2 0 -1 1 1 1 8 5
0 0 -1 1 -2 0 -1 1 1 2 2 1
0 0 -1 1 -2 0 -1 1 2 1 8 5
0 0 -1 1 -2 0 -1 1 2 2 2 1
0 0 -1 1 -2 0 -1 2 1 1 8 5
0 0 -1 1 -2 0 -1 2 1 2 2 1
0 0 -1 1 -2 0 -1 2 2 1 8 5
0 0 -1 1 -2 0 -1 2 2 2 2 1
0 0 -1 1 -2 0 1 -1 1 1 3 0
0 0 -1 1 -2 0 1 -1 1 2 2 5
0 0 -1 1 -2 0 1 -1 2 1 3 0
0 0 -1 1 -2 0 1 -1 2 2 2 1
0 0 -1 1 -2 0 1 1 -1 1 3 0
0 0 -1 1 -2 0 1 1 -1 2 4 0
0 0 -1 1 -2 0 1 -2 2 1 3 0
0 0 -1 1 -2 0 1 -2 2 2 2 1
0 0 -1 1 -2 0 1 2 -1 1 3 0
0 0 -1 1 -2 0 1 2 -1 2 4 0
0 0 -1 1 -2 0 1 2 -2 1 3 0
0 0 -1 1 -2 0 1 2 -2 2 2 1
0 0 -1 1 -2 0 -2 1 2 1 8 5
0 0 -1 1 -2 0 -2 1 2 2 2 1
0 0 -1 1 -2 0 -2 2 1 1 8 5
0 0 -1 1 -2 0 -2 2 1 2 2 1
0 0 -1 1 -2 0 -2 2 2 1 8 5
0 0 -1 1 -2 0 -2 2 2 2 2 1
0 0 -1 1 -2 0 2 -1 1 1 8 5
0 0 -1 1 -2 0 2 -1 1 2 2 1
0 0 -1 1 -2 0 2 -1 2 1 8 5
0 0 -1 1 -2 0 2 -1 2 2 2 1
0 0 -1 1 -2 0 2 1 -1 1 3 0
0 0 -1 1 -2 0 2 1 -1 2 2 1
0 0 -1 1 -2 0 2 1 -2 1 3 0
0 0 -1 1 -2 0 2 1 -2 2 2 1
0 0 -1 1 -2 0 2 -2 1 1 3 0
0 0 -1 1 -2 0 2 -2 1 2 2 1
0 0 -1 1 -2 0 2 -2 2 1 3 0
0 0 -1 1 -2 0 2 -2 2 2 2 1
0 0 -1 1 -2 0 2 2 -1 1 3 0
0 0 -1 1 -2 0 2 2 -1 2 4 0
0 0 -1 1 -2 0 2 2 -2 1 3 0
0 0 -1 1 -2 0 2 2 -2 2 2 1
0 0 -1 1 -2 -1 0 1 1 1 3 0
0 0 -1 1 -2 -1 0 1 1 2 4 0
0 0 -1 1 -2 -1 0 1 2 1 3 0
0 0 -1 1 -2 -1 0 1 2 2 4 0
0 0 -1 1 -2 -1 0 2 1 1 3 0
0 0 -1 1 -2 -1 0 2 1 2 4 0
0 0 -1 1 -2 -1 0 2 2 1 3 0
0 0 -1 1 -2 -1 0 2 2 2 4 0
0 0 -1 1 -2 -1 1 0 1 1 3 0
0 0 -1 1 -2 -1 1 0 1 2 4 0
0 0 -1 1 -2 -1 1 0 2 1 3 0
0 0 -1 1 -2 -1 1 0 2 2 4 0
0 0 -1 1 -2 -1 1 1 0 1 3 0
0 0 -1 1 -2 -1 1 1 0 2 5 8
0 0 -1 1 -2 -1 1 2 0 1 3 0
0 0 -1 1 -2 -1 1 2 0 2 5 8
0 0 -1 1 -2 -1 2 0 1 1 3 0
0 0 -1 1 -2 -1 2 0 1 2 4 0
0 0 -1 1 -2 -1 2 0 2 1 3 0
0 0 -1 1 -2 -1 2 0 2 2 4 0
0 0 -1 1 -2 -1 2 1 0 1 3 0
0 0 -1 1 -2 -1 2 1 0 2 5 8
0 0 -1 1 -2 -1 2 2 0 1 3 0
0 0 -1 1 -2 -1 2 2 0 2 5 8
0 0 -1 1 -2 1 0 -1 1 1 3 0
0 0 -1 1 -2 1 0 -1 1 2 2 1
0 0 -1 1 -2 1 0 -1 2 1 3 0
0 0 -1 1 -2 1 0 -1 2 2 2 1
0 0 -1 1 -2 1 0 1 -1 1 3 0
0 0 -1 1 -2 1 0 1 -1 2 2 1
0 0 -1 1 -2 1 0 -2 2 1 3 0
0 0 -1 1 -2 1 0 -2 2 2 2 1
0 0 -1 1 -2 1 0 2 -1 1 3 0
0 0 -1 1 -2 1 0 2 -1 2 4 0
0 0 -1 1 -2 1 0 2 -2 1 3 0
0 0 -1 1 -2 1 0 2 -2 2 4 0
0 0 -1 1 -2 1 -1 0 1 1 8 7
0 0 -1 1 -2 1 -1 0 1 2 6 7
0 0 -1 1 -2 1 -1 0 2 1 8 7
0 0 -1 1 -2 1 -1 0 2 2 6 7
0 0 -1 1 -2 1 -1 1 0 1 3 0
0 0 -1 1 -2 1 -1 1 0 2 2 1
0 0 -1 1 -2 1 -1 2 0 1 3 0
0 0 -1 1 -2 1 -1 2 0 2 4 0
0 0 -1 1 -2 1 1 0 -1 1 3 0
0 0 -1 1 -2 1 1 0 -1 2 8 7
0 0 -1 1 -2 1 1 -1 0 1 3 0
0 0 -1 1 -2 1 1 -1 0 2 2 1
0 0 -1 1 -2 1 -2 0 2 1 8 7
0 0 -1 1 -2 1 -2 0 2 2 2 1
0 0 -1 1 -2 1 -2 2 0 1 3 0
0 0 -1 1 -2 1 -2 2 0 2 2 1
0 0 -1 1 -2 1 2 0 -1 1 3 0
0 0 -1 1 -2 1 2 0 -1 2 8 7
0 0 -1 1 -2 1 2 0 -2 1 3 0
0 0 -1 1 -2 1 2 0 -2 2 2 1
0 0 -1 1 -2 1 2 -1 0 1 3 0
0 0 -1 1 -2 1 2 -1 0 2 2 1
0 0 -1 1 -2 1 2 -2 0 1 3 0
0 0 -1 1 -2 1 2 -2 0 2 2 1
0 0 -1 1 -2 -2 0 1 2 1 3 0
0 0 -1 1 -2 -2 0 1 2 2 4 0
0 0 -1 1 -2 -2 0 2 1 1 3 0
0 0 -1 1 -2 -2 0 2 1 2 4 0
0 0 -1 1 -2 -2 0 2 2 1 3 0
0 0 -1 1 -2 -2 0 2 2 2 4 0
0 0 -1 1 -2 -2 1 0 2 1 3 0
0 0 -1 1 -2 -2 1 0 2 2 4 0
0 0 -1 1 -2 -2 1 2 0 1 3 0
0 0 -1 1 -2 -2 1 2 0 2 5 8
0 0 -1 1 -2 -2 2 0 1 1 3 0
0 0 -1 1 -2 -2 2 0 1 2 4 0
0 0 -1 1 -2 -2 2 0 2 1 3 0
0 0 -1 1 -2 -2 2 0 2 2 4 0
0 0 -1 1 -2 -2 2 1 0 1 3 0
0 0 -1 1 -2 -2 2 1 0 2 5 8
0 0 -1 1 -2 -2 2 2 0 1 3 0
0 0 -1 1 -2 -2 2 2 0 2 5 8
0 0 -1 1 -2 2 0 -1 1 1 3 0
0 0 -1 1 -2 2 0 -1 1 2 2 1
0 0 -1 1 -2 2 0 -1 2 1 3 0
0 0 -1 1 -2 2 0 -1 2 2 2 1
0 0 -1 1 -2 2 0 1 -1 1 3 0
0 0 -1 1 -2 2 0 1 -1 2 2 1
0 0 -1 1 -2 2 0 1 -2 1 3 0
0 0 -1 1 -2 2 0 1 -2 2 2 1
0 0 -1 1 -2 2 0 -2 1 1 3 0
0 0 -1 1 -2 2 0 -2 1 2 2 1
0 0 -1 1 -2 2 0 -2 2 1 3 0
0 0 -1 1 -2 2 0 -2 2 2 2 1
0 0 -1 1 -2 2 0 2 -1 1 3 0
0 0 -1 1 -2 2 0 2 -1 2 4 0
0 0 -1 1 -2 2 0 2 -2 1 3 0
0 0 -1 1 -2 2 0 2 -2 2 4 0
0 0 -1 1 -2 2 -1 0 1 1 8 7
0 0 -1 1 -2 2 -1 0 1 2 6 7
0 0 -1 1 -2 2 -1 0 2 1 8 7
0 0 -1 1 -2 2 -1 0 2 2 6 7
0 0 -1 1 -2 2 -1 1 0 1 3 0
0 0 -1 1 -2 2 -1 1 0 2 2 1
0 0 -1 1 -2 2 -1 2 0 1 3 0
0 0 -1 1 -2 2 -1 2 0 2 4 0
0 0 -1 1 -2 2 1 0 -1 1 6 7
0 0 -1 1 -2 2 1 0 -1 2 8 7
0 0 -1 1 -2 2 1 0 -2 1 3 0
0 0 -1 1 -2 2 1 0 -2 2 2 1
0 0 -1 1 -2 2 1 -1 0 1 3 0
0 0 -1 1 -2 2 1 -1 0 2 2 1
0 0 -1 1 -2 2 1 -2 0 1 3 0
0 0 -1 1 -2 2 1 -2 0 2 2 1
0 0 -1 1 -2 2 -2 0 1 1 8 7
0 0 -1 1 -2 2 -2 0 1 2 2 1
0 0 -1 1 -2 2 -2 0 2 1 8 7
0 0 -1 1 -2 2 -2 0 2 2 2 1
0 0 -1 1 -2 2 -2 1 0 1 3 0
0 0 -1 1 -2 2 -2 1 0 2 2 1
0 0 -1 1 -2 2 -2 2 0 1 3 0
0 0 -1 1 -2 2 -2 2 0 2 2 1
0 0 -1 1 -2 2 2 0 -1 1 6 7
0 0 -1 1 -2 2 2 0 -1 2 8 7
0 0 -1 1 -2 2 2 0 -2 1 3 0
0 0 -1 1 -2 2 2 0 -2 2 2 1
0 0 -1 1 -2 2 2 -1 0 1 3 0
0 0 -1 1 -2 2 2 -1 0 2 2 1
0 0 -1 1 -2 2 2 -2 0 1 3 0
0 0 -1 1 -2 2 2 -2 0 2 2 1
0 0 -1 1 2 0 -1 -1 1 1 3 0
0 0 -1 1 2 0 -1 -1 1 2 2 1
0 0 -1 1 2 0 -1 1 -1 1 3 0
0 0 -1 1 2 0 -1 1 -1 2 2 1
0 0 -1 1 2 0 -1 1 -2 1 3 0
0 0 -1 1 2 0 -1 1 -2 2 2 1
0 0 -1 1 2 0 -1 -2 1 1 3 0
0 0 -1 1 2 0 -1 -2 1 2 2 1
0 0 -1 1 2 0 -1 -2 2 1 3 0
0 0 -1 1 2 0 -1 -2 2 2 2 1
0 0 -1 1 2 0 -1 2 -2 1 3 0
0 0 -1 1 2 0 -1 2 -2 2 2 1
0 0 -1 1 2 0 1 -1 -1 1 3 0
0 0 -1 1 2 0 1 -1 -1 2 2 1
0 0 -1 1 2 0 1 -1 -2 1 3 0
0 0 -1 1 2 0 1 -1 -2 2 2 1
0 0 -1 1 2 0 1 -2 -1 1 4 1
0 0 -1 1 2 0 1 -2 -1 2 2 1
0 0 -1 1 2 0 1 -2 -2 1 4 1
0 0 -1 1 2 0 1 -2 -2 2 2 1
0 0 -1 1 2 0 -2 -1 1 1 3 0
0 0 -1 1 2 0 -2 -1 1 2 2 1
0 0 -1 1 2 0 -2 -1 2 1 3 0
0 0 -1 1 2 0 -2 -1 2 2 2 1
0 0 -1 1 2 0 -2 1 -1 1 3 0
0 0 -1 1 2 0 -2 1 -1 2 2 1
0 0 -1 1 2 0 -2 1 -2 1 3 0
0 0 -1 1 2 0 -2 1 -2 2 2 1
0 0 -1 1 2 0 -2 -2 1 1 3 0
0 0 -1 1 2 0 -2 -2 1 2 2 1
0 0 -1 1 2 0 -2 -2 2 1 3 0
0 0 -1 1 2 0 -2 -2 2 2 2 1
0 0 -1 1 2 0 -2 2 -1 1 3 0
0 0 -1 1 2 0 -2 2 -1 2 2 1
0 0 -1 1 2 0 -2 2 -2 1 3 0
0 0 -1 1 2 0 -2 2 -2 2 2 1
0 0 -1 1 2 0 2 -1 -2 1 3 0
0 0 -1 1 2 0 2 -1 -2 2 2 1
0 0 -1 1 2 0 2 -2 -1 1 3 0
0 0 -1 1 2 0 2 -2 -1 2 2 1
0 0 -1 1 2 0 2 -2 -2 1 3 0
0 0 -1 1 2 0 2 -2 -2 2 2 1
0 0 -1 1 2 -1 0 -1 1 1 3 0
0 0 -1 1 2 -1 0 -1 1 2 2 1
0 0 -1 1 2 -1 0 1 -1 1 3 0
0 0 -1 1 2 -1 0 1 -1 2 2 1
0 0 -1 1 2 -1 0 1 -2 1 3 0
0 0 -1 1 2 -1 0 1 -2 2 2 1
0 0 -1 1 2 -1 0 -2 1 1 3 0
0 0 -1 1 2 -1 0 -2 1 2 2 1
0 0 -1 1 2 -1 0 -2 2 1 3 0
0 0 -1 1 2 -1 0 -2 2 2 2 1
0 0 -1 1 2 -1 0 2 -2 1 3 0
0 0 -1 1 2 -1 0 2 -2 2 2 1
0 0 -1 1 2 -1 -1 0 1 1 3 0
0 0 -1 1 2 -1 -1 0 1 2 6 7
0 0 -1 1 2 -1 -1 1 0 1 7 8
0 0 -1 1 2 -1 -1 1 0 2 2 1
0 0 -1 1 2 -1 1 0 -1 1 6 7
0 0 -1 1 2 -1 1 0 -1 2 8 7
0 0 -1 1 2 -1 1 0 -2 1 6 7
0 0 -1 1 2 -1 1 0 -2 2 2 1
0 0 -1 1 2 -1 1 -1 0 1 3 0
0 0 -1 1 2 -1 1 -1 0 2 2 1
0 0 -1 1 2 -1 1 -2 0 1 4 1
0 0 -1 1 2 -1 1 -2 0 2 2 1
0 0 -1 1 2 -1 -2 0 1 1 3 0
0 0 -1 1 2 -1 -2 0 1 2 6 7
0 0 -1 1 2 -1 -2 0 2 1 3 0
0 0 -1 1 2 -1 -2 0 2 2 2 1
0 0 -1 1 2 -1 -2 1 0 1 7 8
0 0 -1 1 2 -1 -2 1 0 2 2 1
0 0 -1 1 2 -1 -2 2 0 1 3 0
0 0 -1 1 2 -1 -2 2 0 2 2 1
0 0 -1 1 2 -1 2 0 -2 1 3 0
0 0 -1 1 2 -1 2 0 -2 2 2 1
0 0 -1 1 2 -1 2 -2 0 1 3 0
0 0 -1 1 2 -1 2 -2 0 2 2 1
0 0 -1 1 2 1 0 -1 -1 1 3 0
0 0 -1 1 2 1 0 -1 -1 2 2 1
0 0 -1 1 2 1 0 -1 -2 1 3 0
0 0 -1 1 2 1 0 -1 -2 2 2 1
0 0 -1 1 2 1 0 -2 -1 1 3 0
0 0 -1 1 2 1 0 -2 -1 2 2 1
0 0 -1 1 2 1 0 -2 -2 1 3 0
0 0 -1 1 2 1 0 -2 -2 2 2 1
0 0 -1 1 2 1 -1 0 -1 1 3 0
0 0 -1 1 2 1 -1 0 -1 2 2 1
0 0 -1 1 2 1 -1 0 -2 1 3 0
0 0 -1 1 2 1 -1 0 -2 2 2 1
0 0 -1 1 2 1 -1 -1 0 1 5 8
0 0 -1 1 2 1 -1 -1 0 2 2 1
0 0 -1 1 2 1 -1 -2 0 1 5 8
0 0 -1 1 2 1 -1 -2 0 2 2 1
0 0 -1 1 2 1 -2 0 -1 1 3 0
0 0 -1 1 2 1 -2 0 -1 2 2 1
0 0 -1 1 2 1 -2 0 -2 1 3 0
0 0 -1 1 2 1 -2 0 -2 2 2 1
0 0 -1 1 2 1 -2 -1 0 1 5 8
0 0 -1 1 2 1 -2 -1 0 2 2 1
0 0 -1 1 2 1 -2 -2 0 1 5 8
0 0 -1 1 2 1 -2 -2 0 2 2 1
0 0 -1 1 2 -2 0 -1 1 1 3 0
0 0 -1 1 2 -2 0 -1 1 2 2 1
0 0 -1 1 2 -2 0 -1 2 1 3 0
0 0 -1 1 2 -2 0 -1 2 2 2 1
0 0 -1 1 2 -2 0 1 -1 1 3 0
0 0 -1 1 2 -2 0 1 -1 2 2 1
0 0 -1 1 2 -2 0 1 -2 1 4 1
0 0 -1 1 2 -2 0 1 -2 2 2 1
0 0 -1 1 2 -2 0 -2 1 1 3 0
0 0 -1 1 2 -2 0 -2 1 2 2 1
0 0 -1 1 2 -2 0 -2 2 1 3 0
0 0 -1 1 2 -2 0 -2 2 2 2 1
0 0 -1 1 2 -2 0 2 -1 1 3 0
0 0 -1 1 2 -2 0 2 -1 2 2 1
0 0 -1 1 2 -2 0 2 -2 1 3 0
0 0 -1 1 2 -2 0 2 -2 2 2 1
0 0 -1 1 2 -2 -1 0 1 1 3 0
0 0 -1 1 2 -2 -1 0 1 2 6 7
0 0 -1 1 2 -2 -1 0 2 1 3 0
0 0 -1 1 2 -2 -1 0 2 2 2 1
0 0 -1 1 2 -2 -1 1 0 1 7 8
0 0 -1 1 2 -2 -1 1 0 2 2 1
0 0 -1 1 2 -2 -1 2 0 1 3 0
0 0 -1 1 2 -2 -1 2 0 2 2 1
0 0 -1 1 2 -2 1 0 -1 1 6 7
0 0 -1 1 2 -2 1 0 -1 2 8 7
0 0 -1 1 2 -2 1 0 -2 1 3 0
0 0 -1 1 2 -2 1 0 -2 2 2 1
0 0 -1 1 2 -2 1 -1 0 1 3 0
0 0 -1 1 2 -2 1 -1 0 2 2 1
0 0 -1 1 2 -2 1 -2 0 1 4 1
0 0 -1 1 2 -2 1 -2 0 2 2 1
0 0 -1 1 2 -2 -2 0 1 1 3 0
0 0 -1 1 2 -2 -2 0 1 2 6 7
0 0 -1 1 2 -2 -2 0 2 1 3 0
0 0 -1 1 2 -2 -2 0 2 2 2 1
0 0 -1 1 2 -2 -2 1 0 1 7 8
0 0 -1 1 2 -2 -2 1 0 2 2 1
0 0 -1 1 2 -2 -2 2 0 1 3 0
0 0 -1 1 2 -2 -2 2 0 2 2 1
0 0 -1 1 2 -2 2 0 -1 1 3 0
0 0 -1 1 2 -2 2 0 -1 2 2 1
0 0 -1 1 2 -2 2 0 -2 1 3 0
0 0 -1 1 2 -2 2 0 -2 2 2 1
0 0 -1 1 2 -2 2 -1 0 1 3 0
0 0 -1 1 2 -2 2 -1 0 2 2 1
0 0 -1 1 2 -2 2 -2 0 1 3 0
0 0 -1 1 2 -2 2 -2 0 2 2 1
0 0 -1 1 2 2 0 -1 -2 1 3 0
0 0 -1 1 2 2 0 -1 -2 2 2 1
0 0 -1 1 2 2 0 -2 -1 1 4 1
0 0 -1 1 2 2 0 -2 -1 2 2 1
0 0 -1 1 2 2 0 -2 -2 1 3 0
0 0 -1 1 2 2 0 -2 -2 2 2 1
0 0 -1 1 2 2 -1 0 -2 1 3 0
0 0 -1 1 2 2 -1 0 -2 2 2 1
0 0 -1 1 2 2 -1 -2 0 1 5 8
0 0 -1 1 2 2 -1 -2 0 2 2 1
0 0 -1 1 2 2 -2 0 -1 1 4 1
0 0 -1 1 2 2 -2 0 -1 2 2 1
0 0 -1 1 2 2 -2 0 -2 1 3 0
0 0 -1 1 2 2 -2 0 -2 2 2 1
0 0 -1 1 2 2 -2 -1 0 1 5 8
0 0 -1 1 2 2 -2 -1 0 2 2 1
0 0 -1 1 2 2 -2 -2 0 1 5 8
0 0 -1 1 2 2 -2 -2 0 2 2 1
0 0 -1 -2 0 -1 1 1 1 1 6 4
0 0 -1 -2 0 -1 1 1 1 2 2 4
0 0 -1 -2 0 -1 1 1 2 1 6 4
0 0 -1 -2 0 -1 1 1 2 2 2 4
0 0 -1 -2 0 -1 1 2 1 1 6 4
0 0 -1 -2 0 -1 1 2 1 2 2 4
0 0 -1 -2 0 -1 1 2 2 1 6 4
0 0 -1 -2 0 -1 1 2 2 2 2 4
0 0 -1 -2 0 -1 2 1 1 1 6 4
0 0 -1 -2 0 -1 2 1 1 2 2 4
0 0 -1 -2 0 -1 2 1 2 1 6 4
0 0 -1 -2 0 -1 2 1 2 2 2 4
0 0 -1 -2 0 -1 2 2 1 1 6 4
0 0 -1 -2 0 -1 2 2 1 2 2 4
0 0 -1 -2 0 1 -1 1 1 1 5 4
0 0 -1 -2 0 1 -1 1 1 2 3 4
0 0 -1 -2 0 1 -1 1 2 1 5 4
0 0 -1 -2 0 1 -1 1 2 2 3 4
0 0 -1 -2 0 1 -1 2 1 1 8 4
0 0 -1 -2 0 1 -1 2 1 2 3 4
0 0 -1 -2 0 1 -1 2 2 1 8 4
0 0 -1 -2 0 1 -1 2 2 2 3 4
0 0 -1 -2 0 1 1 -1 1 1 5 4
0 0 -1 -2 0 1 1 -1 1 2 3 4
0 0 -1 -2 0 1 1 -1 2 1 5 4
0 0 -1 -2 0 1 1 -1 2 2 2 1
0 0 -1 -2 0 1 1 1 -1 1 5 4
0 0 -1 -2 0 1 1 1 -1 2 2 1
0 0 -1 -2 0 1 1 -2 2 1 8 4
0 0 -1 -2 0 1 1 -2 2 2 3 4
0 0 -1 -2 0 1 1 2 -1 1 5 4
0 0 -1 -2 0 1 1 2 -1 2 2 1
0 0 -1 -2 0 1 1 2 -2 1 6 4
0 0 -1 -2 0 1 1 2 -2 2 2 4
0 0 -1 -2 0 1 -2 1 2 1 8 4
0 0 -1 -2 0 1 -2 1 2 2 3 4
0 0 -1 -2 0 1 -2 2 1 1 8 4
0 0 -1 -2 0 1 -2 2 1 2 3 4
0 0 -1 -2 0 1 -2 2 2 1 8 4
0 0 -1 -2 0 1 -2 2 2 2 3 4
0 0 -1 -2 0 1 2 -1 1 1 5 4
0 0 -1 -2 0 1 2 -1 1 2 3 4
0 0 -1 -2 0 1 2 -1 2 1 5 4
0 0 -1 -2 0 1 2 -1 2 2 2 1
0 0 -1 -2 0 1 2 1 -1 1 5 4
0 0 -1 -2 0 1 2 1 -1 2 2 1
0 0 -1 -2 0 1 2 1 -2 1 6 4
0 0 -1 -2 0 1 2 1 -2 2 2 4
0 0 -1 -2 0 1 2 -2 1 1 5 4
0 0 -1 -2 0 1 2 -2 1 2 3 4
0 0 -1 -2 0 1 2 -2 2 1 5 4
0 0 -1 -2 0 1 2 -2 2 2 3 4
0 0 -1 -2 0 1 2 2 -1 1 5 4
0 0 -1 -2 0 1 2 2 -1 2 2 1
0 0 -1 -2 0 1 2 2 -2 1 6 4
0 0 -1 -2 0 1 2 2 -2 2 2 4
0 0 -1 -2 0 -2 1 1 2 1 6 4
0 0 -1 -2 0 -2 1 1 2 2 2 1
0 0 -1 -2 0 -2 1 2 1 1 6 4
0 0 -1 -2 0 -2 1 2 1 2 2 1
0 0 -1 -2 0 -2 1 2 2 1 6 4
0 0 -1 -2 0 -2 1 2 2 2 2 1
0 0 -1 -2 0 -2 2 1 1 1 6 4
0 0 -1 -2 0 -2 2 1 1 2 2 1
0 0 -1 -2 0 -2 2 1 2 1 6 4
0 0 -1 -2 0 -2 2 1 2 2 2 1
0 0 -1 -2 0 -2 2 2 1 1 6 4
0 0 -1 -2 0 -2 2 2 1 2 2 1
0 0 -1 -2 0 -2 2 2 2 1 6 4
0 0 -1 -2 0 -2 2 2 2 2 2 1
0 0 -1 -2 0 2 -1 1 1 1 8 4
0 0 -1 -2 0 2 -1 1 1 2 3 4
0 0 -1 -2 0 2 -1 1 2 1 8 4
0 0 -1 -2 0 2 -1 1 2 2 3 4
0 0 -1 -2 0 2 -1 2 1 1 8 4
0 0 -1 -2 0 2 -1 2 1 2 3 4
0 0 -1 -2 0 2 1 -1 1 1 5 4
0 0 -1 -2 0 2 1 -1 1 2 3 4
0 0 -1 -2 0 2 1 -1 2 1 5 4
0 0 -1 -2 0 2 1 -1 2 2 2 1
0 0 -1 -2 0 2 1 1 -1 1 5 4
0 0 -1 -2 0 2 1 1 -1 2 2 1
0 0 -1 -2 0 2 1 1 -2 1 6 4
0 0 -1 -2 0 2 1 1 -2 2 2 4
0 0 -1 -2 0 2 1 -2 1 1 8 4
0 0 -1 -2 0 2 1 -2 1 2 3 4
0 0 -1 -2 0 2 1 -2 2 1 8 4
0 0 -1 -2 0 2 1 -2 2 2 3 4
0 0 -1 -2 0 2 1 2 -1 1 5 4
0 0 -1 -2 0 2 1 2 -1 2 2 4
0 0 -1 -2 0 2 1 2 -2 1 6 4
0 0 -1 -2 0 2 1 2 -2 2 2 4
0 0 -1 -2 0 2 -2 1 1 1 8 4
0 0 -1 -2 0 2 -2 1 1 2 3 4
0 0 -1 -2 0 2 -2 1 2 1 7 4
0 0 -1 -2 0 2 -2 1 2 2 3 4
0 0 -1 -2 0 2 -2 2 1 1 8 4
0 0 -1 -2 0 2 -2 2 1 2 3 4
0 0 -1 -2 0 2 -2 2 2 1 7 4
0 0 -1 -2 0 2 -2 2 2 2 3 4
0 0 -1 -2 0 2 2 -1 1 1 5 4
0 0 -1 -2 0 2 2 -1 1 2 3 4
0 0 -1 -2 0 2 2 1 -1 1 5 4
0 0 -1 -2 0 2 2 1 -1 2 2 1
0 0 -1 -2 0 2 2 1 -2 1 6 4
0 0 -1 -2 0 2 2 1 -2 2 2 4
0 0 -1 -2 0 2 2 -2 1 1 5 4
0 0 -1 -2 0 2 2 -2 1 2 3 4
0 0 -1 -2 0 2 2 -2 2 1 5 4
0 0 -1 -2 0 2 2 -2 2 2 3 4
0 0 -1 -2 0 2 2 2 -2 1 6 4
0 0 -1 -2 0 2 2 2 -2 2 2 4
0 0 -1 -2 -1 0 1 1 1 1 8 5
0 0 -1 -2 -1 0 1 1 1 2 2 5
0 0 -1 -2 -1 0 1 1 2 1 8 5
0 0 -1 -2 -1 0 1 1 2 2 2 5
0 0 -1 -2 -1 0 1 2 1 1 8 5
0 0 -1 -2 -1 0 1 2 1 2 2 5
0 0 -1 -2 -1 0 1 2 2 1 8 5
0 0 -1 -2 -1 0 1 2 2 2 2 5
0 0 -1 -2 -1 0 2 1 1 1 8 5
0 0 -1 -2 -1 0 2 1 1 2 2 5
0 0 -1 -2 -1 0 2 1 2 1 8 5
0 0 -1 -2 -1 0 2 1 2 2 2 5
0 0 -1 -2 -1 0 2 2 1 1 8 5
0 0 -1 -2 -1 0 2 2 1 2 2 5
0 0 -1 -2 -1 1 0 1 1 1 7 6
0 0 -1 -2 -1 1 0 1 1 2 3 0
0 0 -1 -2 -1 1 0 1 2 1 7 6
0 0 -1 -2 -1 1 0 1 2 2 3 0
0 0 -1 -2 -1 1 0 2 1 1 7 6
0 0 -1 -2 -1 1 0 2 1 2 3 0
0 0 -1 -2 -1 1 0 2 2 1 7 6
0 0 -1 -2 -1 1 0 2 2 2 3 0
0 0 -1 -2 -1 1 1 0 1 1 6 7
0 0 -1 -2 -1 1 1 0 1 2 3 0
0 0 -1 -2 -1 1 1 0 2 1 6 7
0 0 -1 -2 -1 1 1 0 2 2 3 0
0 0 -1 -2 -1 1 1 1 0 1 7 8
0 0 -1 -2 -1 1 1 1 0 2 4 0
0 0 -1 -2 -1 1 1 2 0 1 7 8
0 0 -1 -2 -1 1 1 2 0 2 4 0
0 0 -1 -2 -1 1 2 0 1 1 6 7
0 0 -1 -2 -1 1 2 0 1 2 3 0
0 0 -1 -2 -1 1 2 0 2 1 6 7
0 0 -1 -2 -1 1 2 0 2 2 3 0
0 0 -1 -2 -1 1 2 1 0 1 7 8
0 0 -1 -2 -1 1 2 1 0 2 4 1
0 0 -1 -2 -1 1 2 2 0 1 7 8
0 0 -1 -2 -1 1 2 2 0 2 4 1
0 0 -1 -2 -1 2 0 1 1 1 7 6
0 0 -1 -2 -1 2 0 1 1 2 3 0
0 0 -1 -2 -1 2 0 1 2 1 7 6
0 0 -1 -2 -1 2 0 1 2 2 3 0
0 0 -1 -2 -1 2 0 2 1 1 7 6
0 0 -1 -2 -1 2 0 2 1 2 3 0
0 0 -1 -2 -1 2 1 0 1 1 6 7
0 0 -1 -2 -1 2 1 0 1 2 3 0
0 0 -1 -2 -1 2 1 0 2 1 6 7
0 0 -1 -2 -1 2 1 0 2 2 3 0
0 0 -1 -2 -1 2 1 1 0 1 7 8
0 0 -1 -2 -1 2 1 1 0 2 4 0
0 0 -1 -2 -1 2 1 2 0 1 7 8
0 0 -1 -2 -1 2 1 2 0 2 4 0
0 0 -1 -2 -1 2 2 0 1 1 6 7
0 0 -1 -2 -1 2 2 0 1 2 3 0
0 0 -1 -2 -1 2 2 1 0 1 7 8
0 0 -1 -2 -1 2 2 1 0 2 4 1
0 0 -1 -2 1 0 -1 1 1 1 8 5
0 0 -1 -2 1 0 -1 1 1 2 2 5
0 0 -1 -2 1 0 -1 1 2 1 4 1
0 0 -1 -2 1 0 -1 1 2 2 2 5
0 0 -1 -2 1 0 -1 2 1 1 4 0
0 0 -1 -2 1 0 -1 2 1 2 2 5
0 0 -1 -2 1 0 -1 2 2 1 4 0
0 0 -1 -2 1 0 -1 2 2 2 2 5
0 0 -1 -2 1 0 1 -1 1 1 4 0
0 0 -1 -2 1 0 1 -1 1 2 2 5
0 0 -1 -2 1 0 1 -1 2 1 4 0
0 0 -1 -2 1 0 1 -1 2 2 2 1
0 0 -1 -2 1 0 1 1 -1 1 4 0
0 0 -1 -2 1 0 1 1 -1 2 2 1
0 0 -1 -2 1 0 1 -2 2 1 4 0
0 0 -1 -2 1 0 1 -2 2 2 2 1
0 0 -1 -2 1 0 1 2 -1 1 4 0
0 0 -1 -2 1 0 1 2 -1 2 2 1
0 0 -1 -2 1 0 1 2 -2 1 4 1
0 0 -1 -2 1 0 1 2 -2 2 2 1
0 0 -1 -2 1 0 -2 1 2 1 4 0
0 0 -1 -2 1 0 -2 1 2 2 2 1
0 0 -1 -2 1 0 -2 2 1 1 4 1
0 0 -1 -2 1 0 -2 2 1 2 2 1
0 0 -1 -2 1 0 -2 2 2 1 4 1
0 0 -1 -2 1 0 -2 2 2 2 2 1
0 0 -1 -2 1 0 2 -1 1 1 4 0
0 0 -1 -2 1 0 2 -1 1 2 2 1
0 0 -1 -2 1 0 2 -1 2 1 4 0
0 0 -1 -2 1 0 2 -1 2 2 2 1
0 0 -1 -2 1 0 2 1 -1 1 4 0
0 0 -1 -2 1 0 2 1 -1 2 2 1
0 0 -1 -2 1 0 2 1 -2 1 4 1
0 0 -1 -2 1 0 2 1 -2 2 2 1
0 0 -1 -2 1 0 2 -2 1 1 4 0
0 0 -1 -2 1 0 2 -2 1 2 2 1
0 0 -1 -2 1 0 2 -2 2 1 4 0
0 0 -1 -2 1 0 2 -2 2 2 2 1
0 0 -1 -2 1 0 2 2 -1 1 4 0
0 0 -1 -2 1 0 2 2 -1 2 2 1
0 0 -1 -2 1 0 2 2 -2 1 4 1
0 0 -1 -2 1 0 2 2 -2 2 2 1
0 0 -1 -2 1 -1 0 1 1 1 4 1
0 0 -1 -2 1 -1 0 1 1 2 2 1
0 0 -1 -2 1 -1 0 1 2 1 4 0
0 0 -1 -2 1 -1 0 1 2 2 2 1
0 0 -1 -2 1 -1 0 2 1 1 4 1
0 0 -1 -2 1 -1 0 2 1 2 2 1
0 0 -1 -2 1 -1 0 2 2 1 4 0
0 0 -1 -2 1 -1 0 2 2 2 2 1
0 0 -1 -2 1 -1 1 0 1 1 4 1
0 0 -1 -2 1 -1 1 0 1 2 2 1
0 0 -1 -2 1 -1 1 0 2 1 4 1
0 0 -1 -2 1 -1 1 0 2 2 2 1
0 0 -1 -2 1 -1 1 1 0 1 7 8
0 0 -1 -2 1 -1 1 1 0 2 2 1
0 0 -1 -2 1 -1 1 2 0 1 7 8
0 0 -1 -2 1 -1 1 2 0 2 2 1
0 0 -1 -2 1 -1 2 0 1 1 4 0
0 0 -1 -2 1 -1 2 0 1 2 2 1
0 0 -1 -2 1 -1 2 0 2 1 4 0
0 0 -1 -2 1 -1 2 0 2 2 2 1
0 0 -1 -2 1 -1 2 1 0 1 7 8
0 0 -1 -2 1 -1 2 1 0 2 2 1
0 0 -1 -2 1 -1 2 2 0 1 7 8
0 0 -1 -2 1 -1 2 2 0 2 2 1
0 0 -1 -2 1 1 0 -1 1 1 4 0
0 0 -1 -2 1 1 0 -1 1 2 2 1
0 0 -1 -2 1 1 0 -1 2 1 4 0
0 0 -1 -2 1 1 0 -1 2 2 3 0
0 0 -1 -2 1 1 0 1 -1 1 4 0
0 0 -1 -2 1 1 0 1 -1 2 2 1
0 0 -1 -2 1 1 0 -2 2 1 4 0
0 0 -1 -2 1 1 0 -2 2 2 3 0
0 0 -1 -2 1 1 0 2 -1 1 4 0
0 0 -1 -2 1 1 0 2 -1 2 2 1
0 0 -1 -2 1 1 0 2 -2 1 4 0
0 0 -1 -2 1 1 0 2 -2 2 3 0
0 0 -1 -2 1 1 -1 0 1 1 8 7
0 0 -1 -2 1 1 -1 0 1 2 6 7
0 0 -1 -2 1 1 -1 0 2 1 4 0
0 0 -1 -2 1 1 -1 0 2 2 3 0
0 0 -1 -2 1 1 -1 1 0 1 4 0
0 0 -1 -2 1 1 -1 1 0 2 3 0
0 0 -1 -2 1 1 -1 2 0 1 4 0
0 0 -1 -2 1 1 -1 2 0 2 3 0
0 0 -1 -2 1 1 1 0 -1 1 4 0
0 0 -1 -2 1 1 1 0 -1 2 2 1
0 0 -1 -2 1 1 1 -1 0 1 4 0
0 0 -1 -2 1 1 1 -1 0 2 2 1
0 0 -1 -2 1 1 -2 0 2 1 4 0
0 0 -1 -2 1 1 -2 0 2 2 2 1
0 0 -1 -2 1 1 -2 2 0 1 4 0
0 0 -1 -2 1 1 -2 2 0 2 2 1
0 0 -1 -2 1 1 2 0 -1 1 4 0
0 0 -1 -2 1 1 2 0 -1 2 2 1
0 0 -1 -2 1 1 2 0 -2 1 4 0
0 0 -1 -2 1 1 2 0 -2 2 2 1
0 0 -1 -2 1 1 2 -1 0 1 4 0
0 0 -1 -2 1 1 2 -1 0 2 2 1
0 0 -1 -2 1 1 2 -2 0 1 4 0
0 0 -1 -2 1 1 2 -2 0 2 2 1
0 0 -1 -2 1 -2 0 1 2 1 4 0
0 0 -1 -2 1 -2 0 1 2 2 2 1
0 0 -1 -2 1 -2 0 2 1 1 4 1
0 0 -1 -2 1 -2 0 2 1 2 2 1
0 0 -1 -2 1 -2 0 2 2 1 4 0
0 0 -1 -2 1 -2 0 2 2 2 2 1
0 0 -1 -2 1 -2 1 0 2 1 4 0
0 0 -1 -2 1 -2 1 0 2 2 2 1
0 0 -1 -2 1 -2 1 2 0 1 4 0
0 0 -1 -2 1 -2 1 2 0 2 2 1
0 0 -1 -2 1 -2 2 0 1 1 4 0
0 0 -1 -2 1 -2 2 0 1 2 2 1
0 0 -1 -2 1 -2 2 0 2 1 4 0
0 0 -1 -2 1 -2 2 0 2 2 2 1
0 0 -1 -2 1 -2 2 1 0 1 4 0
0 0 -1 -2 1 -2 2 1 0 2 2 1
0 0 -1 -2 1 -2 2 2 0 1 4 0
0 0 -1 -2 1 -2 2 2 0 2 2 1
0 0 -1 -2 1 2 0 -1 1 1 4 0
0 0 -1 -2 1 2 0 -1 1 2 2 1
0 0 -1 -2 1 2 0 -1 2 1 4 0
0 0 -1 -2 1 2 0 -1 2 2 3 0
0 0 -1 -2 1 2 0 1 -1 1 4 0
0 0 -1 -2 1 2 0 1 -1 2 2 1
0 0 -1 -2 1 2 0 1 -2 1 4 0
0 0 -1 -2 1 2 0 1 -2 2 3 0
0 0 -1 -2 1 2 0 -2 1 1 4 0
0 0 -1 -2 1 2 0 -2 1 2 2 1
0 0 -1 -2 1 2 0 -2 2 1 4 0
0 0 -1 -2 1 2 0 -2 2 2 3 0
0 0 -1 -2 1 2 0 2 -1 1 4 0
0 0 -1 -2 1 2 0 2 -1 2 3 0
0 0 -1 -2 1 2 0 2 -2 1 4 0
0 0 -1 -2 1 2 0 2 -2 2 3 0
0 0 -1 -2 1 2 -1 0 1 1 8 7
0 0 -1 -2 1 2 -1 0 1 2 6 7
0 0 -1 -2 1 2 -1 0 2 1 4 0
0 0 -1 -2 1 2 -1 0 2 2 6 7
0 0 -1 -2 1 2 -1 1 0 1 4 0
0 0 -1 -2 1 2 -1 1 0 2 3 0
0 0 -1 -2 1 2 -1 2 0 1 4 0
0 0 -1 -2 1 2 -1 2 0 2 3 0
0 0 -1 -2 1 2 1 0 -1 1 4 0
0 0 -1 -2 1 2 1 0 -1 2 2 1
0 0 -1 -2 1 2 1 0 -2 1 4 0
0 0 -1 -2 1 2 1 0 -2 2 2 1
0 0 -1 -2 1 2 1 -1 0 1 4 0
0 0 -1 -2 1 2 1 -1 0 2 2 1
0 0 -1 -2 1 2 1 -2 0 1 4 0
0 0 -1 -2 1 2 1 -2 0 2 2 1
0 0 -1 -2 1 2 -2 0 1 1 4 0
0 0 -1 -2 1 2 -2 0 1 2 2 1
0 0 -1 -2 1 2 -2 0 2 1 4 0
0 0 -1 -2 1 2 -2 0 2 2 3 0
0 0 -1 -2 1 2 -2 1 0 1 4 0
0 0 -1 -2 1 2 -2 1 0 2 2 1
0 0 -1 -2 1 2 -2 2 0 1 4 0
0 0 -1 -2 1 2 -2 2 0 2 2 1
0 0 -1 -2 1 2 2 0 -1 1 4 0
0 0 -1 -2 1 2 2 0 -1 2 3 0
0 0 -1 -2 1 2 2 0 -2 1 4 0
0 0 -1 -2 1 2 2 0 -2 2 2 1
0 0 -1 -2 1 2 2 -1 0 1 4 0
0 0 -1 -2 1 2 2 -1 0 2 3 0
0 0 -1 -2 1 2 2 -2 0 1 4 0
0 0 -1 -2 1 2 2 -2 0 2 2 1
0 0 -1 -2 -2 0 1 1 2 1 8 5
0 0 -1 -2 -2 0 1 1 2 2 2 1
0 0 -1 -2 -2 0 1 2 1 1 8 5
0 0 -1 -2 -2 0 1 2 1 2 2 1
0 0 -1 -2 -2 0 1 2 2 1 8 5
0 0 -1 -2 -2 0 1 2 2 2 2 1
0 0 -1 -2 -2 0 2 1 1 1 8 5
0 0 -1 -2 -2 0 2 1 1 2 2 1
0 0 -1 -2 -2 0 2 1 2 1 8 5
0 0 -1 -2 -2 0 2 1 2 2 2 1
0 0 -1 -2 -2 0 2 2 1 1 8 5
0 0 -1 -2 -2 0 2 2 1 2 2 1
0 0 -1 -2 -2 0 2 2 2 1 8 5
0 0 -1 -2 -2 0 2 2 2 2 2 1
0 0 -1 -2 -2 1 0 1 2 1 7 6
0 0 -1 -2 -2 1 0 1 2 2 3 0
0 0 -1 -2 -2 1 0 2 1 1 7 6
0 0 -1 -2 -2 1 0 2 1 2 3 0
0 0 -1 -2 -2 1 0 2 2 1 7 6
0 0 -1 -2 -2 1 0 2 2 2 3 0
0 0 -1 -2 -2 1 1 0 2 1 8 7
0 0 -1 -2 -2 1 1 0 2 2 3 0
0 0 -1 -2 -2 1 1 2 0 1 7 8
0 0 -1 -2 -2 1 1 2 0 2 4 0
0 0 -1 -2 -2 1 2 0 1 1 8 7
0 0 -1 -2 -2 1 2 0 1 2 3 0
0 0 -1 -2 -2 1 2 0 2 1 8 7
0 0 -1 -2 -2 1 2 0 2 2 3 0
0 0 -1 -2 -2 1 2 1 0 1 7 8
0 0 -1 -2 -2 1 2 1 0 2 4 1
0 0 -1 -2 -2 1 2 2 0 1 7 8
0 0 -1 -2 -2 1 2 2 0 2 4 1
0 0 -1 -2 -2 2 0 1 1 1 7 6
0 0 -1 -2 -2 2 0 1 1 2 3 0
0 0 -1 -2 -2 2 0 1 2 1 7 6
0 0 -1 -2 -2 2 0 1 2 2 3 0
0 0 -1 -2 -2 2 0 2 1 1 7 6
0 0 -1 -2 -2 2 0 2 1 2 3 0
0 0 -1 -2 -2 2 0 2 2 1 7 6
0 0 -1 -2 -2 2 0 2 2 2 3 0
0 0 -1 -2 -2 2 1 0 1 1 8 7
0 0 -1 -2 -2 2 1 0 1 2 3 0
0 0 -1 -2 -2 2 1 0 2 1 8 7
0 0 -1 -2 -2 2 1 0 2 2 3 0
0 0 -1 -2 -2 2 1 1 0 1 7 8
0 0 -1 -2 -2 2 1 1 0 2 4 0
0 0 -1 -2 -2 2 1 2 0 1 7 8
0 0 -1 -2 -2 2 1 2 0 2 4 0
0 0 -1 -2 -2 2 2 0 1 1 8 7
0 0 -1 -2 -2 2 2 0 1 2 3 0
0 0 -1 -2 -2 2 2 0 2 1 8 7
0 0 -1 -2 -2 2 2 0 2 2 3 0
0 0 -1 -2 -2 2 2 1 0 1 7 8
0 0 -1 -2 -2 2 2 1 0 2 4 1
0 0 -1 -2 -2 2 2 2 0 1 7 8
0 0 -1 -2 -2 2 2 2 0 2 4 1
0 0 -1 -2 2 0 -1 1 1 1 8 5
0 0 -1 -2 2 0 -1 1 1 2 2 5
0 0 -1 -2 2 0 -1 1 2 1 4 1
0 0 -1 -2 2 0 -1 1 2 2 2 5
0 0 -1 -2 2 0 -1 2 1 1 4 0
0 0 -1 -2 2 0 -1 2 1 2 2 5
0 0 -1 -2 2 0 1 -1 1 1 4 0
0 0 -1 -2 2 0 1 -1 1 2 2 5
0 0 -1 -2 2 0 1 -1 2 1 4 0
0 0 -1 -2 2 0 1 -1 2 2 2 1
0 0 -1 -2 2 0 1 1 -1 1 4 0
0 0 -1 -2 2 0 1 1 -1 2 2 1
0 0 -1 -2 2 0 1 1 -2 1 4 1
0 0 -1 -2 2 0 1 1 -2 2 2 1
0 0 -1 -2 2 0 1 -2 1 1 4 1
0 0 -1 -2 2 0 1 -2 1 2 2 1
0 0 -1 -2 2 0 1 -2 2 1 4 0
0 0 -1 -2 2 0 1 -2 2 2 2 1
0 0 -1 -2 2 0 1 2 -1 1 4 0
0 0 -1 -2 2 0 1 2 -1 2 2 1
0 0 -1 -2 2 0 1 2 -2 1 4 1
0 0 -1 -2 2 0 1 2 -2 2 2 1
0 0 -1 -2 2 0 -2 1 1 1 4 0
0 0 -1 -2 2 0 -2 1 1 2 2 1
0 0 -1 -2 2 0 -2 1 2 1 4 0
0 0 -1 -2 2 0 -2 1 2 2 2 1
0 0 -1 -2 2 0 -2 2 1 1 4 1
0 0 -1 -2 2 0 -2 2 1 2 2 1
0 0 -1 -2 2 0 -2 2 2 1 4 1
0 0 -1 -2 2 0 -2 2 2 2 2 1
0 0 -1 -2 2 0 2 -1 1 1 4 0
0 0 -1 -2 2 0 2 -1 1 2 2 1
0 0 -1 -2 2 0 2 1 -1 1 4 0
0 0 -1 -2 2 0 2 1 -1 2 2 1
0 0 -1 -2 2 0 2 1 -2 1 4 1
0 0 -1 -2 2 0 2 1 -2 2 2 1
0 0 -1 -2 2 0 2 -2 1 1 4 0
0 0 -1 -2 2 0 2 -2 1 2 2 1
0 0 -1 -2 2 0 2 -2 2 1 4 0
0 0 -1 -2 2 0 2 -2 2 2 2 1
0 0 -1 -2 2 0 2 2 -2 1 4 1
0 0 -1 -2 2 0 2 2 -2 2 2 1
0 0 -1 -2 2 -1 0 1 1 1 4 1
0 0 -1 -2 2 -1 0 1 1 2 2 1
0 0 -1 -2 2 -1 0 1 2 1 4 0
0 0 -1 -2 2 -1 0 1 2 2 2 1
0 0 -1 -2 2 -1 0 2 1 1 4 1
0 0 -1 -2 2 -1 0 2 1 2 2 1
0 0 -1 -2 2 -1 1 0 1 1 4 1
0 0 -1 -2 2 -1 1 0 1 2 2 1
0 0 -1 -2 2 -1 1 0 2 1 4 1
0 0 -1 -2 2 -1 1 0 2 2 2 1
0 0 -1 -2 2 -1 1 1 0 1 7 8
0 0 -1 -2 2 -1 1 1 0 2 2 1
0 0 -1 -2 2 -1 1 2 0 1 7 8
0 0 -1 -2 2 -1 1 2 0 2 2 1
0 0 -1 -2 2 -1 2 0 1 1 4 0
0 0 -1 -2 2 -1 2 0 1 2 2 1
0 0 -1 -2 2 -1 2 1 0 1 7 8
0 0 -1 -2 2 -1 2 1 0 2 2 1
0 0 -1 -2 2 1 0 -1 1 1 4 0
0 0 -1 -2 2 1 0 -1 1 2 2 1
0 0 -1 -2 2 1 0 -1 2 1 4 0
0 0 -1 -2 2 1 0 -1 2 2 3 0
0 0 -1 -2 2 1 0 1 -1 1 4 0
0 0 -1 -2 2 1 0 1 -1 2 3 0
0 0 -1 -2 2 1 0 1 -2 1 4 0
0 0 -1 -2 2 1 0 1 -2 2 3 0
0 0 -1 -2 2 1 0 -2 1 1 4 0
0 0 -1 -2 2 1 0 -2 1 2 2 1
0 0 -1 -2 2 1 0 -2 2 1 4 0
0 0 -1 -2 2 1 0 -2 2 2 3 0
0 0 -1 -2 2 1 0 2 -1 1 4 0
0 0 -1 -2 2 1 0 2 -1 2 3 0
0 0 -1 -2 2 1 0 2 -2 1 4 0
0 0 -1 -2 2 1 0 2 -2 2 3 0
0 0 -1 -2 2 1 -1 0 1 1 8 7
0 0 -1 -2 2 1 -1 0 1 2 6 7
0 0 -1 -2 2 1 -1 0 2 1 4 0
0 0 -1 -2 2 1 -1 0 2 2 3 0
0 0 -1 -2 2 1 -1 1 0 1 4 0
0 0 -1 -2 2 1 -1 1 0 2 3 0
0 0 -1 -2 2 1 -1 2 0 1 4 0
0 0 -1 -2 2 1 -1 2 0 2 3 0
0 0 -1 -2 2 1 1 0 -1 1 4 0
0 0 -1 -2 2 1 1 0 -1 2 2 1
0 0 -1 -2 2 1 1 0 -2 1 4 0
0 0 -1 -2 2 1 1 0 -2 2 2 1
0 0 -1 -2 2 1 1 -1 0 1 4 0
0 0 -1 -2 2 1 1 -1 0 2 2 1
0 0 -1 -2 2 1 1 -2 0 1 4 0
0 0 -1 -2 2 1 1 -2 0 2 2 1
0 0 -1 -2 2 1 -2 0 1 1 4 0
0 0 -1 -2 2 1 -2 0 1 2 2 1
0 0 -1 -2 2 1 -2 0 2 1 4 0
0 0 -1 -2 2 1 -2 0 2 2 2 1
0 0 -1 -2 2 1 -2 1 0 1 4 0
0 0 -1 -2 2 1 -2 1 0 2 2 1
0 0 -1 -2 2 1 -2 2 0 1 4 0
0 0 -1 -2 2 1 -2 2 0 2 2 1
0 0 -1 -2 2 1 2 0 -1 1 4 0
0 0 -1 -2 2 1 2 0 -1 2 3 0
0 0 -1 -2 2 1 2 0 -2 1 4 0
0 0 -1 -2 2 1 2 0 -2 2 3 0
0 0 -1 -2 2 1 2 -1 0 1 4 0
0 0 -1 -2 2 1 2 -1 0 2 3 0
0 0 -1 -2 2 1 2 -2 0 1 4 0
0 0 -1 -2 2 1 2 -2 0 2 3 0
0 0 -1 -2 2 -2 0 1 1 1 4 1
0 0 -1 -2 2 -2 0 1 1 2 2 1
0 0 -1 -2 2 -2 0 1 2 1 4 0
0 0 -1 -2 2 -2 0 1 2 2 2 1
0 0 -1 -2 2 -2 0 2 1 1 4 1
0 0 -1 -2 2 -2 0 2 1 2 2 1
0 0 -1 -2 2 -2 0 2 2 1 4 0
0 0 -1 -2 2 -2 0 2 2 2 2 1
0 0 -1 -2 2 -2 1 0 1 1 4 0
0 0 -1 -2 2 -2 1 0 1 2 2 1
0 0 -1 -2 2 -2 1 0 2 1 4 0
0 0 -1 -2 2 -2 1 0 2 2 2 1
0 0 -1 -2 2 -2 1 1 0 1 4 0
0 0 -1 -2 2 -2 1 1 0 2 2 1
0 0 -1 -2 2 -2 1 2 0 1 4 0
0 0 -1 -2 2 -2 1 2 0 2 2 1
0 0 -1 -2 2 -2 2 0 1 1 4 0
0 0 -1 -2 2 -2 2 0 1 2 2 1
0 0 -1 -2 2 -2 2 0 2 1 4 0
0 0 -1 -2 2 -2 2 0 2 2 2 1
0 0 -1 -2 2 -2 2 1 0 1 4 0
0 0 -1 -2 2 -2 2 1 0 2 2 1
0 0 -1 -2 2 -2 2 2 0 1 4 0
0 0 -1 -2 2 -2 2 2 0 2 2 1
0 0 -1 -2 2 2 0 -1 1 1 4 0
0 0 -1 -2 2 2 0 -1 1 2 2 1
0 0 -1 -2 2 2 0 1 -1 1 4 0
0 0 -1 -2 2 2 0 1 -1 2 3 0
0 0 -1 -2 2 2 0 1 -2 1 4 0
0 0 -1 -2 2 2 0 1 -2 2 3 0
0 0 -1 -2 2 2 0 -2 1 1 4 0
0 0 -1 -2 2 2 0 -2 1 2 2 1
0 0 -1 -2 2 2 0 -2 2 1 4 0
0 0 -1 -2 2 2 0 -2 2 2 3 0
0 0 -1 -2 2 2 0 2 -2 1 4 0
0 0 -1 -2 2 2 0 2 -2 2 3 0
0 0 -1 -2 2 2 -1 0 1 1 8 7
0 0 -1 -2 2 2 -1 0 1 2 6 7
0 0 -1 -2 2 2 -1 1 0 1 4 0
0 0 -1 -2 2 2 -1 1 0 2 3 0
0 0 -1 -2 2 2 1 0 -1 1 4 0
0 0 -1 -2 2 2 1 0 -1 2 3 0
0 0 -1 -2 2 2 1 0 -2 1 4 0
0 0 -1 -2 2 2 1 0 -2 2 2 1
0 0 -1 -2 2 2 1 -1 0 1 4 0
0 0 -1 -2 2 2 1 -1 0 2 2 1
0 0 -1 -2 2 2 1 -2 0 1 4 0
0 0 -1 -2 2 2 1 -2 0 2 2 1
0 0 -1 -2 2 2 -2 0 1 1 4 0
0 0 -1 -2 2 2 -2 0 1 2 2 1
0 0 -1 -2 2 2 -2 0 2 1 4 0
0 0 -1 -2 2 2 -2 0 2 2 3 0
0 0 -1 -2 2 2 -2 1 0 1 4 0
0 0 -1 -2 2 2 -2 1 0 2 2 1
0 0 -1 -2 2 2 -2 2 0 1 4 0
0 0 -1 -2 2 2 -2 2 0 2 2 1
0 0 -1 -2 2 2 2 0 -2 1 4 0
0 0 -1 -2 2 2 2 0 -2 2 3 0
0 0 -1 -2 2 2 2 -2 0 1 4 0
0 0 -1 -2 2 2 2 -2 0 2 3 0
0 0 -1 2 0 -1 -1 1 1 1 3 0
0 0 -1 2 0 -1 -1 1 1 2 2 4
0 0 -1 2 0 -1 1 -1 1 1 3 0
0 0 -1 2 0 -1 1 -1 1 2 2 1
0 0 -1 2 0 -1 1 1 -1 1 3 0
0 0 -1 2 0 -1 1 1 -1 2 2 4
0 0 -1 2 0 -1 1 1 -2 1 3 0
0 0 -1 2 0 -1 1 1 -2 2 2 4
0 0 -1 2 0 -1 1 -2 1 1 3 4
0 0 -1 2 0 -1 1 -2 1 2 5 4
0 0 -1 2 0 -1 1 -2 2 1 6 4
0 0 -1 2 0 -1 1 -2 2 2 5 4
0 0 -1 2 0 -1 1 2 -2 1 3 0
0 0 -1 2 0 -1 1 2 -2 2 2 4
0 0 -1 2 0 -1 -2 1 1 1 7 4
0 0 -1 2 0 -1 -2 1 1 2 2 4
0 0 -1 2 0 -1 -2 1 2 1 7 4
0 0 -1 2 0 -1 -2 1 2 2 2 4
0 0 -1 2 0 -1 -2 2 1 1 7 4
0 0 -1 2 0 -1 -2 2 1 2 2 4
0 0 -1 2 0 -1 2 1 -2 1 3 0
0 0 -1 2 0 -1 2 1 -2 2 2 4
0 0 -1 2 0 -1 2 -2 1 1 8 4
0 0 -1 2 0 -1 2 -2 1 2 5 4
0 0 -1 2 0 1 -1 -1 1 1 3 0
0 0 -1 2 0 1 -1 -1 1 2 6 4
0 0 -1 2 0 1 -1 1 -1 1 5 4
0 0 -1 2 0 1 -1 1 -1 2 2 1
0 0 -1 2 0 1 -1 1 -2 1 3 0
0 0 -1 2 0 1 -1 1 -2 2 2 1
0 0 -1 2 0 1 -1 -2 1 1 5 4
0 0 -1 2 0 1 -1 -2 1 2 6 4
0 0 -1 2 0 1 -1 -2 2 1 5 4
0 0 -1 2 0 1 -1 -2 2 2 6 4
0 0 -1 2 0 1 -1 2 -2 1 3 4
0 0 -1 2 0 1 -1 2 -2 2 2 1
0 0 -1 2 0 1 1 -1 -1 1 3 4
0 0 -1 2 0 1 1 -1 -1 2 2 1
0 0 -1 2 0 1 1 -1 -2 1 3 0
0 0 -1 2 0 1 1 -1 -2 2 2 1
0 0 -1 2 0 1 1 -2 -1 1 3 0
0 0 -1 2 0 1 1 -2 -1 2 8 4
0 0 -1 2 0 1 1 -2 -2 1 3 0
0 0 -1 2 0 1 1 -2 -2 2 8 4
0 0 -1 2 0 1 -2 -1 1 1 3 0
0 0 -1 2 0 1 -2 -1 1 2 6 4
0 0 -1 2 0 1 -2 -1 2 1 5 4
0 0 -1 2 0 1 -2 -1 2 2 2 1
0 0 -1 2 0 1 -2 1 -1 1 5 4
0 0 -1 2 0 1 -2 1 -1 2 2 1
0 0 -1 2 0 1 -2 1 -2 1 3 0
0 0 -1 2 0 1 -2 1 -2 2 2 1
0 0 -1 2 0 1 -2 -2 1 1 5 4
0 0 -1 2 0 1 -2 -2 1 2 6 4
0 0 -1 2 0 1 -2 -2 2 1 5 4
0 0 -1 2 0 1 -2 -2 2 2 6 4
0 0 -1 2 0 1 -2 2 -1 1 3 0
0 0 -1 2 0 1 -2 2 -1 2 2 1
0 0 -1 2 0 1 -2 2 -2 1 3 0
0 0 -1 2 0 1 -2 2 -2 2 2 1
0 0 -1 2 0 1 2 -1 -2 1 3 4
0 0 -1 2 0 1 2 -1 -2 2 7 4
0 0 -1 2 0 1 2 -2 -1 1 3 4
0 0 -1 2 0 1 2 -2 -1 2 8 4
0 0 -1 2 0 1 2 -2 -2 1 3 4
0 0 -1 2 0 1 2 -2 -2 2 8 4
0 0 -1 2 0 -2 -1 1 1 1 3 0
0 0 -1 2 0 -2 -1 1 1 2 2 4
0 0 -1 2 0 -2 -1 1 2 1 7 4
0 0 -1 2 0 -2 -1 1 2 2 2 1
0 0 -1 2 0 -2 -1 2 1 1 3 0
0 0 -1 2 0 -2 -1 2 1 2 2 1
0 0 -1 2 0 -2 1 -1 1 1 3 0
0 0 -1 2 0 -2 1 -1 1 2 2 1
0 0 -1 2 0 -2 1 -1 2 1 6 4
0 0 -1 2 0 -2 1 -1 2 2 2 1
0 0 -1 2 0 -2 1 1 -1 1 3 0
0 0 -1 2 0 -2 1 1 -1 2 2 4
0 0 -1 2 0 -2 1 1 -2 1 6 4
0 0 -1 2 0 -2 1 1 -2 2 2 1
0 0 -1 2 0 -2 1 -2 1 1 6 4
0 0 -1 2 0 -2 1 -2 1 2 5 4
0 0 -1 2 0 -2 1 -2 2 1 6 4
0 0 -1 2 0 -2 1 -2 2 2 5 4
0 0 -1 2 0 -2 1 2 -1 1 3 0
0 0 -1 2 0 -2 1 2 -1 2 5 4
0 0 -1 2 0 -2 1 2 -2 1 6 4
0 0 -1 2 0 -2 1 2 -2 2 2 1
0 0 -1 2 0 -2 -2 1 1 1 7 4
0 0 -1 2 0 -2 -2 1 1 2 2 4
0 0 -1 2 0 -2 -2 1 2 1 7 4
0 0 -1 2 0 -2 -2 1 2 2 2 4
0 0 -1 2 0 -2 -2 2 1 1 7 4
0 0 -1 2 0 -2 -2 2 1 2 2 4
0 0 -1 2 0 -2 -2 2 2 1 7 4
0 0 -1 2 0 -2 -2 2 2 2 2 4
0 0 -1 2 0 -2 2 -1 1 1 8 4
0 0 -1 2 0 -2 2 -1 1 2 2 1
0 0 -1 2 0 -2 2 1 -1 1 3 0
0 0 -1 2 0 -2 2 1 -1 2 2 4
0 0 -1 2 0 -2 2 1 -2 1 7 4
0 0 -1 2 0 -2 2 1 -2 2 2 1
0 0 -1 2 0 -2 2 -2 1 1 8 4
0 0 -1 2 0 -2 2 -2 1 2 5 4
0 0 -1 2 0 -2 2 -2 2 1 6 4
0 0 -1 2 0 -2 2 -2 2 2 5 4
0 0 -1 2 0 -2 2 2 -2 1 7 4
0 0 -1 2 0 -2 2 2 -2 2 2 1
0 0 -1 2 0 2 -1 1 -2 1 3 0
0 0 -1 2 0 2 -1 1 -2 2 2 1
0 0 -1 2 0 2 -1 -2 1 1 5 4
0 0 -1 2 0 2 -1 -2 1 2 6 4
0 0 -1 2 0 2 1 -1 -2 1 3 0
0 0 -1 2 0 2 1 -1 -2 2 2 1
0 0 -1 2 0 2 1 -2 -1 1 3 0
0 0 -1 2 0 2 1 -2 -1 2 8 4
0 0 -1 2 0 2 1 -2 -2 1 3 0
0 0 -1 2 0 2 1 -2 -2 2 8 4
0 0 -1 2 0 2 -2 -1 1 1 3 0
0 0 -1 2 0 2 -2 -1 1 2 6 4
0 0 -1 2 0 2 -2 1 -1 1 5 4
0 0 -1 2 0 2 -2 1 -1 2 2 1
0 0 -1 2 0 2 -2 1 -2 1 3 0
0 0 -1 2 0 2 -2 1 -2 2 2 1
0 0 -1 2 0 2 -2 -2 1 1 5 4
0 0 -1 2 0 2 -2 -2 1 2 6 4
0 0 -1 2 0 2 -2 -2 2 1 5 4
0 0 -1 2 0 2 -2 -2 2 2 6 4
0 0 -1 2 0 2 -2 2 -2 1 3 0
0 0 -1 2 0 2 -2 2 -2 2 2 1
0 0 -1 2 0 2 2 -2 -2 1 3 4
0 0 -1 2 0 2 2 -2 -2 2 8 4
0 0 -1 2 -1 0 -1 1 1 1 8 5
0 0 -1 2 -1 0 -1 1 1 2 2 5
0 0 -1 2 -1 0 1 -1 1 1 3 0
0 0 -1 2 -1 0 1 -1 1 2 2 5
0 0 -1 2 -1 0 1 1 -1 1 3 0
0 0 -1 2 -1 0 1 1 -1 2 2 1
0 0 -1 2 -1 0 1 1 -2 1 3 0
0 0 -1 2 -1 0 1 1 -2 2 2 1
0 0 -1 2 -1 0 1 -2 1 1 3 0
0 0 -1 2 -1 0 1 -2 1 2 2 1
0 0 -1 2 -1 0 1 -2 2 1 3 0
0 0 -1 2 -1 0 1 -2 2 2 4 0
0 0 -1 2 -1 0 1 2 -2 1 3 0
0 0 -1 2 -1 0 1 2 -2 2 2 1
0 0 -1 2 -1 0 -2 1 1 1 8 5
0 0 -1 2 -1 0 -2 1 1 2 2 5
0 0 -1 2 -1 0 -2 1 2 1 3 0
0 0 -1 2 -1 0 -2 1 2 2 2 1
0 0 -1 2 -1 0 -2 2 1 1 3 0
0 0 -1 2 -1 0 -2 2 1 2 2 1
0 0 -1 2 -1 0 2 1 -2 1 3 0
0 0 -1 2 -1 0 2 1 -2 2 2 1
0 0 -1 2 -1 0 2 -2 1 1 3 0
0 0 -1 2 -1 0 2 -2 1 2 4 1
0 0 -1 2 -1 -1 0 1 1 1 3 0
0 0 -1 2 -1 -1 0 1 1 2 4 0
0 0 -1 2 -1 -1 1 0 1 1 3 0
0 0 -1 2 -1 -1 1 0 1 2 4 0
0 0 -1 2 -1 -1 1 1 0 1 3 0
0 0 -1 2 -1 -1 1 1 0 2 5 8
0 0 -1 2 -1 1 0 -1 1 1 3 0
0 0 -1 2 -1 1 0 -1 1 2 2 1
0 0 -1 2 -1 1 0 1 -1 1 3 0
0 0 -1 2 -1 1 0 1 -1 2 2 1
0 0 -1 2 -1 1 0 1 -2 1 3 0
0 0 -1 2 -1 1 0 1 -2 2 2 1
0 0 -1 2 -1 1 0 -2 1 1 3 0
0 0 -1 2 -1 1 0 -2 1 2 4 0
0 0 -1 2 -1 1 0 -2 2 1 3 0
0 0 -1 2 -1 1 0 -2 2 2 4 0
0 0 -1 2 -1 1 0 2 -2 1 3 0
0 0 -1 2 -1 1 0 2 -2 2 4 0
0 0 -1 2 -1 1 -1 0 1 1 8 7
0 0 -1 2 -1 1 -1 0 1 2 6 7
0 0 -1 2 -1 1 -1 1 0 1 3 0
0 0 -1 2 -1 1 -1 1 0 2 2 1
0 0 -1 2 -1 1 1 0 -1 1 3 0
0 0 -1 2 -1 1 1 0 -1 2 2 1
0 0 -1 2 -1 1 1 0 -2 1 3 0
0 0 -1 2 -1 1 1 0 -2 2 4 0
0 0 -1 2 -1 1 1 -1 0 1 3 0
0 0 -1 2 -1 1 1 -1 0 2 2 1
0 0 -1 2 -1 1 1 -2 0 1 5 8
0 0 -1 2 -1 1 1 -2 0 2 2 1
0 0 -1 2 -1 1 -2 0 1 1 8 7
0 0 -1 2 -1 1 -2 0 1 2 6 7
0 0 -1 2 -1 1 -2 0 2 1 3 0
0 0 -1 2 -1 1 -2 0 2 2 2 1
0 0 -1 2 -1 1 -2 1 0 1 3 0
0 0 -1 2 -1 1 -2 1 0 2 2 1
0 0 -1 2 -1 1 -2 2 0 1 3 0
0 0 -1 2 -1 1 -2 2 0 2 4 0
0 0 -1 2 -1 1 2 0 -2 1 3 0
0 0 -1 2 -1 1 2 0 -2 2 4 0
0 0 -1 2 -1 1 2 -2 0 1 3 0
0 0 -1 2 -1 1 2 -2 0 2 2 1
0 0 -1 2 -1 -2 0 1 1 1 3 0
0 0 -1 2 -1 -2 0 1 1 2 4 0
0 0 -1 2 -1 -2 0 1 2 1 3 0
0 0 -1 2 -1 -2 0 1 2 2 4 0
0 0 -1 2 -1 -2 0 2 1 1 3 0
0 0 -1 2 -1 -2 0 2 1 2 4 0
0 0 -1 2 -1 -2 1 0 1 1 3 0
0 0 -1 2 -1 -2 1 0 1 2 4 0
0 0 -1 2 -1 -2 1 0 2 1 3 0
0 0 -1 2 -1 -2 1 0 2 2 4 0
0 0 -1 2 -1 -2 1 1 0 1 3 0
0 0 -1 2 -1 -2 1 1 0 2 5 8
0 0 -1 2 -1 -2 1 2 0 1 3 0
0 0 -1 2 -1 -2 1 2 0 2 5 8
0 0 -1 2 -1 -2 2 0 1 1 3 0
0 0 -1 2 -1 -2 2 0 1 2 4 0
0 0 -1 2 -1 -2 2 1 0 1 3 0
0 0 -1 2 -1 -2 2 1 0 2 5 8
0 0 -1 2 -1 2 0 1 -2 1 3 0
0 0 -1 2 -1 2 0 1 -2 2 2 1
0 0 -1 2 -1 2 0 -2 1 1 3 0
0 0 -1 2 -1 2 0 -2 1 2 4 0
0 0 -1 2 -1 2 1 0 -2 1 3 0
0 0 -1 2 -1 2 1 0 -2 2 4 0
0 0 -1 2 -1 2 1 -2 0 1 5 8
0 0 -1 2 -1 2 1 -2 0 2 2 1
0 0 -1 2 -1 2 -2 0 1 1 8 7
0 0 -1 2 -1 2 -2 0 1 2 6 7
0 0 -1 2 -1 2 -2 1 0 1 3 0
0 0 -1 2 -1 2 -2 1 0 2 2 1
0 0 -1 2 1 0 -1 -1 1 1 3 0
0 0 -1 2 1 0 -1 -1 1 2 2 1
0 0 -1 2 1 0 -1 1 -1 1 3 0
0 0 -1 2 1 0 -1 1 -1 2 2 1
0 0 -1 2 1 0 -1 1 -2 1 3 0
0 0 -1 2 1 0 -1 1 -2 2 2 1
0 0 -1 2 1 0 -1 -2 1 1 3 0
0 0 -1 2 1 0 -1 -2 1 2 2 1
0 0 -1 2 1 0 -1 -2 2 1 3 0
0 0 -1 2 1 0 -1 -2 2 2 2 1
0 0 -1 2 1 0 -1 2 -2 1 3 0
0 0 -1 2 1 0 -1 2 -2 2 2 1
0 0 -1 2 1 0 1 -1 -1 1 3 0
0 0 -1 2 1 0 1 -1 -1 2 2 1
0 0 -1 2 1 0 1 -1 -2 1 3 0
0 0 -1 2 1 0 1 -1 -2 2 2 1
0 0 -1 2 1 0 1 -2 -1 1 4 1
0 0 -1 2 1 0 1 -2 -1 2 2 1
0 0 -1 2 1 0 1 -2 -2 1 4 1
0 0 -1 2 1 0 1 -2 -2 2 2 1
0 0 -1 2 1 0 -2 -1 1 1 3 0
0 0 -1 2 1 0 -2 -1 1 2 2 1
0 0 -1 2 1 0 -2 -1 2 1 3 0
0 0 -1 2 1 0 -2 -1 2 2 2 1
0 0 -1 2 1 0 -2 1 -1 1 3 0
0 0 -1 2 1 0 -2 1 -1 2 2 1
0 0 -1 2 1 0 -2 1 -2 1 3 0
0 0 -1 2 1 0 -2 1 -2 2 2 1
0 0 -1 2 1 0 -2 -2 1 1 3 0
0 0 -1 2 1 0 -2 -2 1 2 2 1
0 0 -1 2 1 0 -2 -2 2 1 3 0
0 0 -1 2 1 0 -2 -2 2 2 2 1
0 0 -1 2 1 0 -2 2 -1 1 3 0
0 0 -1 2 1 0 -2 2 -1 2 2 1
0 0 -1 2 1 0 -2 2 -2 1 3 0
0 0 -1 2 1 0 -2 2 -2 2 2 1
0 0 -1 2 1 0 2 -1 -2 1 3 0
0 0 -1 2 1 0 2 -1 -2 2 2 1
0 0 -1 2 1 0 2 -2 -1 1 3 0
0 0 -1 2 1 0 2 -2 -1 2 2 1
0 0 -1 2 1 0 2 -2 -2 1 3 0
0 0 -1 2 1 0 2 -2 -2 2 2 1
0 0 -1 2 1 -1 0 -1 1 1 3 0
0 0 -1 2 1 -1 0 -1 1 2 2 1
0 0 -1 2 1 -1 0 1 -1 1 3 0
0 0 -1 2 1 -1 0 1 -1 2 2 1
0 0 -1 2 1 -1 0 1 -2 1 3 0
0 0 -1 2 1 -1 0 1 -2 2 2 1
0 0 -1 2 1 -1 0 -2 1 1 4 1
0 0 -1 2 1 -1 0 -2 1 2 2 1
0 0 -1 2 1 -1 0 -2 2 1 3 0
0 0 -1 2 1 -1 0 -2 2 2 2 1
0 0 -1 2 1 -1 0 2 -2 1 3 0
0 0 -1 2 1 -1 0 2 -2 2 2 1
0 0 -1 2 1 -1 -1 0 1 1 3 0
0 0 -1 2 1 -1 -1 0 1 2 2 1
0 0 -1 2 1 -1 -1 1 0 1 7 8
0 0 -1 2 1 -1 -1 1 0 2 2 1
0 0 -1 2 1 -1 1 0 -1 1 6 7
0 0 -1 2 1 -1 1 0 -1 2 8 7
0 0 -1 2 1 -1 1 0 -2 1 6 7
0 0 -1 2 1 -1 1 0 -2 2 2 1
0 0 -1 2 1 -1 1 -1 0 1 3 0
0 0 -1 2 1 -1 1 -1 0 2 2 1
0 0 -1 2 1 -1 1 -2 0 1 4 1
0 0 -1 2 1 -1 1 -2 0 2 2 1
0 0 -1 2 1 -1 -2 0 1 1 3 0
0 0 -1 2 1 -1 -2 0 1 2 2 1
0 0 -1 2 1 -1 -2 0 2 1 3 0
0 0 -1 2 1 -1 -2 0 2 2 2 1
0 0 -1 2 1 -1 -2 1 0 1 3 0
0 0 -1 2 1 -1 -2 1 0 2 2 1
0 0 -1 2 1 -1 -2 2 0 1 3 0
0 0 -1 2 1 -1 -2 2 0 2 2 1
0 0 -1 2 1 -1 2 0 -2 1 3 0
0 0 -1 2 1 -1 2 0 -2 2 2 1
0 0 -1 2 1 -1 2 -2 0 1 3 0
0 0 -1 2 1 -1 2 -2 0 2 2 1
0 0 -1 2 1 1 0 -1 -1 1 4 0
0 0 -1 2 1 1 0 -1 -1 2 2 1
0 0 -1 2 1 1 0 -1 -2 1 3 0
0 0 -1 2 1 1 0 -1 -2 2 2 1
0 0 -1 2 1 1 0 -2 -1 1 4 1
0 0 -1 2 1 1 0 -2 -1 2 2 1
0 0 -1 2 1 1 0 -2 -2 1 3 0
0 0 -1 2 1 1 0 -2 -2 2 2 1
0 0 -1 2 1 1 -1 0 -1 1 3 0
0 0 -1 2 1 1 -1 0 -1 2 2 1
0 0 -1 2 1 1 -1 0 -2 1 3 0
0 0 -1 2 1 1 -1 0 -2 2 2 1
0 0 -1 2 1 1 -1 -1 0 1 3 0
0 0 -1 2 1 1 -1 -1 0 2 2 1
0 0 -1 2 1 1 -1 -2 0 1 3 0
0 0 -1 2 1 1 -1 -2 0 2 2 1
0 0 -1 2 1 1 -2 0 -1 1 3 0
0 0 -1 2 1 1 -2 0 -1 2 2 1
0 0 -1 2 1 1 -2 0 -2 1 3 0
0 0 -1 2 1 1 -2 0 -2 2 2 1
0 0 -1 2 1 1 -2 -1 0 1 3 0
0 0 -1 2 1 1 -2 -1 0 2 2 1
0 0 -1 2 1 1 -2 -2 0 1 3 0
0 0 -1 2 1 1 -2 -2 0 2 2 1
0 0 -1 2 1 -2 0 -1 1 1 3 0
0 0 -1 2 1 -2 0 -1 1 2 2 1
0 0 -1 2 1 -2 0 -1 2 1 3 0
0 0 -1 2 1 -2 0 -1 2 2 2 1
0 0 -1 2 1 -2 0 1 -1 1 3 0
0 0 -1 2 1 -2 0 1 -1 2 2 1
0 0 -1 2 1 -2 0 1 -2 1 4 0
0 0 -1 2 1 -2 0 1 -2 2 2 1
0 0 -1 2 1 -2 0 -2 1 1 3 0
0 0 -1 2 1 -2 0 -2 1 2 2 1
0 0 -1 2 1 -2 0 -2 2 1 3 0
0 0 -1 2 1 -2 0 -2 2 2 2 1
0 0 -1 2 1 -2 0 2 -1 1 3 0
0 0 -1 2 1 -2 0 2 -1 2 2 1
0 0 -1 2 1 -2 0 2 -2 1 3 0
0 0 -1 2 1 -2 0 2 -2 2 2 1
0 0 -1 2 1 -2 -1 0 1 1 3 0
0 0 -1 2 1 -2 -1 0 1 2 2 1
0 0 -1 2 1 -2 -1 0 2 1 4 0
0 0 -1 2 1 -2 -1 0 2 2 6 7
0 0 -1 2 1 -2 -1 1 0 1 3 0
0 0 -1 2 1 -2 -1 1 0 2 2 1
0 0 -1 2 1 -2 -1 2 0 1 4 1
0 0 -1 2 1 -2 -1 2 0 2 2 1
0 0 -1 2 1 -2 1 0 -1 1 6 7
0 0 -1 2 1 -2 1 0 -1 2 2 1
0 0 -1 2 1 -2 1 0 -2 1 3 0
0 0 -1 2 1 -2 1 0 -2 2 2 1
0 0 -1 2 1 -2 1 -1 0 1 3 0
0 0 -1 2 1 -2 1 -1 0 2 2 1
0 0 -1 2 1 -2 1 -2 0 1 4 1
0 0 -1 2 1 -2 1 -2 0 2 2 1
0 0 -1 2 1 -2 -2 0 1 1 3 0
0 0 -1 2 1 -2 -2 0 1 2 2 1
0 0 -1 2 1 -2 -2 0 2 1 3 0
0 0 -1 2 1 -2 -2 0 2 2 2 1
0 0 -1 2 1 -2 -2 1 0 1 3 0
0 0 -1 2 1 -2 -2 1 0 2 2 1
0 0 -1 2 1 -2 -2 2 0 1 3 0
0 0 -1 2 1 -2 -2 2 0 2 2 1
0 0 -1 2 1 -2 2 0 -1 1 3 0
0 0 -1 2 1 -2 2 0 -1 2 2 1
0 0 -1 2 1 -2 2 0 -2 1 3 0
0 0 -1 2 1 -2 2 0 -2 2 2 1
0 0 -1 2 1 -2 2 -1 0 1 3 0
0 0 -1 2 1 -2 2 -1 0 2 2 1
0 0 -1 2 1 -2 2 -2 0 1 3 0
0 0 -1 2 1 -2 2 -2 0 2 2 1
0 0 -1 2 1 2 0 -1 -2 1 3 0
0 0 -1 2 1 2 0 -1 -2 2 2 1
0 0 -1 2 1 2 0 -2 -1 1 4 1
0 0 -1 2 1 2 0 -2 -1 2 2 1
0 0 -1 2 1 2 0 -2 -2 1 3 0
0 0 -1 2 1 2 0 -2 -2 2 2 1
0 0 -1 2 1 2 -1 0 -2 1 3 0
0 0 -1 2 1 2 -1 0 -2 2 2 1
0 0 -1 2 1 2 -1 -2 0 1 3 0
0 0 -1 2 1 2 -1 -2 0 2 2 1
0 0 -1 2 1 2 -2 0 -1 1 4 1
0 0 -1 2 1 2 -2 0 -1 2 2 1
0 0 -1 2 1 2 -2 0 -2 1 3 0
0 0 -1 2 1 2 -2 0 -2 2 2 1
0 0 -1 2 1 2 -2 -1 0 1 3 0
0 0 -1 2 1 2 -2 -1 0 2 2 1
0 0 -1 2 1 2 -2 -2 0 1 3 0
0 0 -1 2 1 2 -2 -2 0 2 2 1
0 0 -1 2 -2 0 -1 1 1 1 8 5
0 0 -1 2 -2 0 -1 1 1 2 2 5
0 0 -1 2 -2 0 -1 1 2 1 8 5
0 0 -1 2 -2 0 -1 1 2 2 2 1
0 0 -1 2 -2 0 -1 2 1 1 8 5
0 0 -1 2 -2 0 -1 2 1 2 2 1
0 0 -1 2 -2 0 1 -1 1 1 3 0
0 0 -1 2 -2 0 1 -1 1 2 2 5
0 0 -1 2 -2 0 1 -1 2 1 3 0
0 0 -1 2 -2 0 1 -1 2 2 2 1
0 0 -1 2 -2 0 1 1 -1 1 3 0
0 0 -1 2 -2 0 1 1 -1 2 2 1
0 0 -1 2 -2 0 1 1 -2 1 3 0
0 0 -1 2 -2 0 1 1 -2 2 2 1
0 0 -1 2 -2 0 1 -2 1 1 3 0
0 0 -1 2 -2 0 1 -2 1 2 2 1
0 0 -1 2 -2 0 1 -2 2 1 3 0
0 0 -1 2 -2 0 1 -2 2 2 2 1
0 0 -1 2 -2 0 1 2 -1 1 3 0
0 0 -1 2 -2 0 1 2 -1 2 4 0
0 0 -1 2 -2 0 1 2 -2 1 3 0
0 0 -1 2 -2 0 1 2 -2 2 2 1
0 0 -1 2 -2 0 -2 1 1 1 8 5
0 0 -1 2 -2 0 -2 1 1 2 2 1
0 0 -1 2 -2 0 -2 1 2 1 8 5
0 0 -1 2 -2 0 -2 1 2 2 2 1
0 0 -1 2 -2 0 -2 2 1 1 8 5
0 0 -1 2 -2 0 -2 2 1 2 2 1
0 0 -1 2 -2 0 -2 2 2 1 8 5
0 0 -1 2 -2 0 -2 2 2 2 2 1
0 0 -1 2 -2 0 2 -1 1 1 8 5
0 0 -1 2 -2 0 2 -1 1 2 2 1
0 0 -1 2 -2 0 2 1 -1 1 3 0
0 0 -1 2 -2 0 2 1 -1 2 2 1
0 0 -1 2 -2 0 2 1 -2 1 3 0
0 0 -1 2 -2 0 2 1 -2 2 2 1
0 0 -1 2 -2 0 2 -2 1 1 3 0
0 0 -1 2 -2 0 2 -2 1 2 2 1
0 0 -1 2 -2 0 2 -2 2 1 3 0
0 0 -1 2 -2 0 2 -2 2 2 2 1
0 0 -1 2 -2 0 2 2 -2 1 3 0
0 0 -1 2 -2 0 2 2 -2 2 2 1
0 0 -1 2 -2 -1 0 1 1 1 3 0
0 0 -1 2 -2 -1 0 1 1 2 4 0
0 0 -1 2 -2 -1 0 1 2 1 3 0
0 0 -1 2 -2 -1 0 1 2 2 4 0
0 0 -1 2 -2 -1 0 2 1 1 3 0
0 0 -1 2 -2 -1 0 2 1 2 4 0
0 0 -1 2 -2 -1 1 0 1 1 3 0
0 0 -1 2 -2 -1 1 0 1 2 4 0
0 0 -1 2 -2 -1 1 0 2 1 3 0
0 0 -1 2 -2 -1 1 0 2 2 4 0
0 0 -1 2 -2 -1 1 1 0 1 3 0
0 0 -1 2 -2 -1 1 1 0 2 5 8
0 0 -1 2 -2 -1 1 2 0 1 3 0
0 0 -1 2 -2 -1 1 2 0 2 5 8
0 0 -1 2 -2 -1 2 0 1 1 3 0
0 0 -1 2 -2 -1 2 0 1 2 4 0
0 0 -1 2 -2 -1 2 1 0 1 3 0
0 0 -1 2 -2 -1 2 1 0 2 5 8
0 0 -1 2 -2 1 0 -1 1 1 3 0
0 0 -1 2 -2 1 0 -1 1 2 2 1
0 0 -1 2 -2 1 0 -1 2 1 3 0
0 0 -1 2 -2 1 0 -1 2 2 2 1
0 0 -1 2 -2 1 0 1 -1 1 3 0
0 0 -1 2 -2 1 0 1 -1 2 2 1
0 0 -1 2 -2 1 0 1 -2 1 3 0
0 0 -1 2 -2 1 0 1 -2 2 2 1
0 0 -1 2 -2 1 0 -2 1 1 3 0
0 0 -1 2 -2 1 0 -2 1 2 2 1
0 0 -1 2 -2 1 0 -2 2 1 3 0
0 0 -1 2 -2 1 0 -2 2 2 2 1
0 0 -1 2 -2 1 0 2 -1 1 3 0
0 0 -1 2 -2 1 0 2 -1 2 4 0
0 0 -1 2 -2 1 0 2 -2 1 3 0
0 0 -1 2 -2 1 0 2 -2 2 4 0
0 0 -1 2 -2 1 -1 0 1 1 8 7
0 0 -1 2 -2 1 -1 0 1 2 6 7
0 0 -1 2 -2 1 -1 0 2 1 8 7
0 0 -1 2 -2 1 -1 0 2 2 6 7
0 0 -1 2 -2 1 -1 1 0 1 3 0
0 0 -1 2 -2 1 -1 1 0 2 2 1
0 0 -1 2 -2 1 -1 2 0 1 3 0
0 0 -1 2 -2 1 -1 2 0 2 4 0
0 0 -1 2 -2 1 1 0 -1 1 3 0
0 0 -1 2 -2 1 1 0 -1 2 8 7
0 0 -1 2 -2 1 1 0 -2 1 3 0
0 0 -1 2 -2 1 1 0 -2 2 2 1
0 0 -1 2 -2 1 1 -1 0 1 3 0
0 0 -1 2 -2 1 1 -1 0 2 2 1
0 0 -1 2 -2 1 1 -2 0 1 3 0
0 0 -1 2 -2 1 1 -2 0 2 2 1
0 0 -1 2 -2 1 -2 0 1 1 8 7
0 0 -1 2 -2 1 -2 0 1 2 2 1
0 0 -1 2 -2 1 -2 0 2 1 8 7
0 0 -1 2 -2 1 -2 0 2 2 2 1
0 0 -1 2 -2 1 -2 1 0 1 3 0
0 0 -1 2 -2 1 -2 1 0 2 2 1
0 0 -1 2 -2 1 -2 2 0 1 3 0
0 0 -1 2 -2 1 -2 2 0 2 2 1
0 0 -1 2 -2 1 2 0 -1 1 3 0
0 0 -1 2 -2 1 2 0 -1 2 8 7
0 0 -1 2 -2 1 2 0 -2 1 3 0
0 0 -1 2 -2 1 2 0 -2 2 2 1
0 0 -1 2 -2 1 2 -1 0 1 3 0
0 0 -1 2 -2 1 2 -1 0 2 2 1
0 0 -1 2 -2 1 2 -2 0 1 3 0
0 0 -1 2 -2 1 2 -2 0 2 2 1
0 0 -1 2 -2 -2 0 1 1 1 3 0
0 0 -1 2 -2 -2 0 1 1 2 4 0
0 0 -1 2 -2 -2 0 1 2 1 3 0
0 0 -1 2 -2 -2 0 1 2 2 4 0
0 0 -1 2 -2 -2 0 2 1 1 3 0
0 0 -1 2 -2 -2 0 2 1 2 4 0
0 0 -1 2 -2 -2 0 2 2 1 3 0
0 0 -1 2 -2 -2 0 2 2 2 4 0
0 0 -1 2 -2 -2 1 0 1 1 3 0
0 0 -1 2 -2 -2 1 0 1 2 4 0
0 0 -1 2 -2 -2 1 0 2 1 3 0
0 0 -1 2 -2 -2 1 0 2 2 4 0
0 0 -1 2 -2 -2 1 1 0 1 3 0
0 0 -1 2 -2 -2 1 1 0 2 5 8
0 0 -1 2 -2 -2 1 2 0 1 3 0
0 0 -1 2 -2 -2 1 2 0 2 5 8
0 0 -1 2 -2 -2 2 0 1 1 3 0
0 0 -1 2 -2 -2 2 0 1 2 4 0
0 0 -1 2 -2 -2 2 0 2 1 3 0
0 0 -1 2 -2 -2 2 0 2 2 4 0
0 0 -1 2 -2 -2 2 1 0 1 3 0
0 0 -1 2 -2 -2 2 1 0 2 5 8
0 0 -1 2 -2 -2 2 2 0 1 3 0
0 0 -1 2 -2 -2 2 2 0 2 5 8
0 0 -1 2 -2 2 0 -1 1 1 3 0
0 0 -1 2 -2 2 0 -1 1 2 2 1
0 0 -1 2 -2 2 0 1 -1 1 3 0
0 0 -1 2 -2 2 0 1 -1 2 2 1
0 0 -1 2 -2 2 0 1 -2 1 3 0
0 0 -1 2 -2 2 0 1 -2 2 2 1
0 0 -1 2 -2 2 0 -2 1 1 3 0
0 0 -1 2 -2 2 0 -2 1 2 2 1
0 0 -1 2 -2 2 0 -2 2 1 3 0
0 0 -1 2 -2 2 0 -2 2 2 2 1
0 0 -1 2 -2 2 0 2 -2 1 3 0
0 0 -1 2 -2 2 0 2 -2 2 4 0
0 0 -1 2 -2 2 -1 0 1 1 8 7
0 0 -1 2 -2 2 -1 0 1 2 6 7
0 0 -1 2 -2 2 -1 1 0 1 3 0
0 0 -1 2 -2 2 -1 1 0 2 2 1
0 0 -1 2 -2 2 1 0 -1 1 6 7
0 0 -1 2 -2 2 1 0 -1 2 8 7
0 0 -1 2 -2 2 1 0 -2 1 3 0
0 0 -1 2 -2 2 1 0 -2 2 2 1
0 0 -1 2 -2 2 1 -1 0 1 3 0
0 0 -1 2 -2 2 1 -1 0 2 2 1
0 0 -1 2 -2 2 1 -2 0 1 3 0
0 0 -1 2 -2 2 1 -2 0 2 2 1
0 0 -1 2 -2 2 -2 0 1 1 8 7
0 0 -1 2 -2 2 -2 0 1 2 2 1
0 0 -1 2 -2 2 -2 0 2 1 8 7
0 0 -1 2 -2 2 -2 0 2 2 2 1
0 0 -1 2 -2 2 -2 1 0 1 3 0
0 0 -1 2 -2 2 -2 1 0 2 2 1
0 0 -1 2 -2 2 -2 2 0 1 3 0
0 0 -1 2 -2 2 -2 2 0 2 2 1
0 0 -1 2 -2 2 2 0 -2 1 3 0
0 0 -1 2 -2 2 2 0 -2 2 2 1
0 0 -1 2 -2 2 2 -2 0 1 3 0
0 0 -1 2 -2 2 2 -2 0 2 2 1
0 0 -1 2 2 0 -1 1 -2 1 3 0
0 0 -1 2 2 0 -1 1 -2 2 2 1
0 0 -1 2 2 0 -1 -2 1 1 3 0
0 0 -1 2 2 0 -1 -2 1 2 2 1
0 0 -1 2 2 0 1 -1 -2 1 3 0
0 0 -1 2 2 0 1 -1 -2 2 2 1
0 0 -1 2 2 0 1 -2 -1 1 4 1
0 0 -1 2 2 0 1 -2 -1 2 2 1
0 0 -1 2 2 0 1 -2 -2 1 4 1
0 0 -1 2 2 0 1 -2 -2 2 2 1
0 0 -1 2 2 0 -2 -1 1 1 3 0
0 0 -1 2 2 0 -2 -1 1 2 2 1
0 0 -1 2 2 0 -2 1 -1 1 3 0
0 0 -1 2 2 0 -2 1 -1 2 2 1
0 0 -1 2 2 0 -2 1 -2 1 3 0
0 0 -1 2 2 0 -2 1 -2 2 2 1
0 0 -1 2 2 0 -2 -2 1 1 3 0
0 0 -1 2 2 0 -2 -2 1 2 2 1
0 0 -1 2 2 0 -2 -2 2 1 3 0
0 0 -1 2 2 0 -2 -2 2 2 2 1
0 0 -1 2 2 0 -2 2 -2 1 3 0
0 0 -1 2 2 0 -2 2 -2 2 2 1
0 0 -1 2 2 0 2 -2 -2 1 3 0
0 0 -1 2 2 0 2 -2 -2 2 2 1
0 0 -1 2 2 -1 0 1 -2 1 3 0
0 0 -1 2 2 -1 0 1 -2 2 2 1
0 0 -1 2 2 -1 0 -2 1 1 3 0
0 0 -1 2 2 -1 0 -2 1 2 2 1
0 0 -1 2 2 -1 1 0 -2 1 6 7
0 0 -1 2 2 -1 1 0 -2 2 2 1
0 0 -1 2 2 -1 1 -2 0 1 4 1
0 0 -1 2 2 -1 1 -2 0 2 2 1
0 0 -1 2 2 -1 -2 0 1 1 3 0
0 0 -1 2 2 -1 -2 0 1 2 2 1
0 0 -1 2 2 -1 -2 1 0 1 7 8
0 0 -1 2 2 -1 -2 1 0 2 2 1
0 0 -1 2 2 1 0 -1 -2 1 3 0
0 0 -1 2 2 1 0 -1 -2 2 2 1
0 0 -1 2 2 1 0 -2 -1 1 3 0
0 0 -1 2 2 1 0 -2 -1 2 2 1
0 0 -1 2 2 1 0 -2 -2 1 3 0
0 0 -1 2 2 1 0 -2 -2 2 2 1
0 0 -1 2 2 1 -1 0 -2 1 3 0
0 0 -1 2 2 1 -1 0 -2 2 2 1
0 0 -1 2 2 1 -1 -2 0 1 5 8
0 0 -1 2 2 1 -1 -2 0 2 2 1
0 0 -1 2 2 1 -2 0 -1 1 3 0
0 0 -1 2 2 1 -2 0 -1 2 2 1
0 0 -1 2 2 1 -2 0 -2 1 3 0
0 0 -1 2 2 1 -2 0 -2 2 2 1
0 0 -1 2 2 1 -2 -1 0 1 5 8
0 0 -1 2 2 1 -2 -1 0 2 2 1
0 0 -1 2 2 1 -2 -2 0 1 5 8
0 0 -1 2 2 1 -2 -2 0 2 2 1
0 0 -1 2 2 -2 0 -1 1 1 3 0
0 0 -1 2 2 -2 0 -1 1 2 2 1
0 0 -1 2 2 -2 0 1 -1 1 3 0
0 0 -1 2 2 -2 0 1 -1 2 2 1
0 0 -1 2 2 -2 0 1 -2 1 4 0
0 0 -1 2 2 -2 0 1 -2 2 2 1
0 0 -1 2 2 -2 0 -2 1 1 3 0
0 0 -1 2 2 -2 0 -2 1 2 2 1
0 0 -1 2 2 -2 0 -2 2 1 3 0
0 0 -1 2 2 -2 0 -2 2 2 2 1
0 0 -1 2 2 -2 0 2 -2 1 3 0
0 0 -1 2 2 -2 0 2 -2 2 2 1
0 0 -1 2 2 -2 -1 0 1 1 3 0
0 0 -1 2 2 -2 -1 0 1 2 2 1
0 0 -1 2 2 -2 -1 1 0 1 7 8
0 0 -1 2 2 -2 -1 1 0 2 2 1
0 0 -1 2 2 -2 1 0 -1 1 6 7
0 0 -1 2 2 -2 1 0 -1 2 2 1
0 0 -1 2 2 -2 1 0 -2 1 3 0
0 0 -1 2 2 -2 1 0 -2 2 2 1
0 0 -1 2 2 -2 1 -1 0 1 3 0
0 0 -1 2 2 -2 1 -1 0 2 2 1
0 0 -1 2 2 -2 1 -2 0 1 4 1
0 0 -1 2 2 -2 1 -2 0 2 2 1
0 0 -1 2 2 -2 -2 0 1 1 3 0
0 0 -1 2 2 -2 -2 0 1 2 2 1
0 0 -1 2 2 -2 -2 0 2 1 3 0
0 0 -1 2 2 -2 -2 0 2 2 2 1
0 0 -1 2 2 -2 -2 1 0 1 7 8
0 0 -1 2 2 -2 -2 1 0 2 2 1
0 0 -1 2 2 -2 -2 2 0 1 3 0
0 0 -1 2 2 -2 -2 2 0 2 2 1
0 0 -1 2 2 -2 2 0 -2 1 3 0
0 0 -1 2 2 -2 2 0 -2 2 2 1
0 0 -1 2 2 -2 2 -2 0 1 3 0
0 0 -1 2 2 -2 2 -2 0 2 2 1
0 0 -1 2 2 2 0 -2 -2 1 3 0
0 0 -1 2 2 2 0 -2 -2 2 2 1
0 0 -1 2 2 2 -2 0 -2 1 3 0
0 0 -1 2 2 2 -2 0 -2 2 2 1
0 0 -1 2 2 2 -2 -2 0 1 5 8
0 0 -1 2 2 2 -2 -2 0 2 2 1
0 0 1 0 -1 -1 -2 1 1 1 2 1
0 0 1 0 -1 -1 -2 1 1 2 4 0
0 0 1 0 -1 -1 -2 1 2 1 2 1
0 0 1 0 -1 -1 -2 1 2 2 4 1
0 0 1 0 -1 -1 -2 2 1 1 2 1
0 0 1 0 -1 -1 -2 2 1 2 4 0
0 0 1 0 -1 -1 -2 2 2 1 2 1
0 0 1 0 -1 -1 -2 2 2 2 4 0
0 0 1 0 -1 -1 2 -1 1 1 2 1
0 0 1 0 -1 -1 2 -1 1 2 4 0
0 0 1 0 -1 -1 2 1 -1 1 2 1
0 0 1 0 -1 -1 2 1 -1 2 4 0
0 0 1 0 -1 -1 2 1 -2 1 6 3
0 0 1 0 -1 -1 2 1 -2 2 4 0
0 0 1 0 -1 -1 2 -2 1 1 2 1
0 0 1 0 -1 -1 2 -2 1 2 4 0
0 0 1 0 -1 -1 2 -2 2 1 2 1
0 0 1 0 -1 -1 2 -2 2 2 4 0
0 0 1 0 -1 -1 2 2 -2 1 6 3
0 0 1 0 -1 -1 2 2 -2 2 4 0
0 0 1 0 -1 1 -2 -1 1 1 2 1
0 0 1 0 -1 1 -2 -1 1 2 4 0
0 0 1 0 -1 1 -2 -1 2 1 2 1
0 0 1 0 -1 1 -2 -1 2 2 4 0
0 0 1 0 -1 1 -2 1 -1 1 2 1
0 0 1 0 -1 1 -2 1 -1 2 4 1
0 0 1 0 -1 1 -2 -2 2 1 2 1
0 0 1 0 -1 1 -2 -2 2 2 4 0
0 0 1 0 -1 1 -2 2 -1 1 2 1
0 0 1 0 -1 1 -2 2 -1 2 4 0
0 0 1 0 -1 1 -2 2 -2 1 2 1
0 0 1 0 -1 1 -2 2 -2 2 4 0
0 0 1 0 -1 1 2 -1 -1 1 2 1
0 0 1 0 -1 1 2 -1 -1 2 4 1
0 0 1 0 -1 1 2 -1 -2 1 2 1
0 0 1 0 -1 1 2 -1 -2 2 4 1
0 0 1 0 -1 1 2 -2 -1 1 2 1
0 0 1 0 -1 1 2 -2 -1 2 4 1
0 0 1 0 -1 1 2 -2 -2 1 2 1
0 0 1 0 -1 1 2 -2 -2 2 4 1
0 0 1 0 -1 -2 -2 1 2 1 2 1
0 0 1 0 -1 -2 -2 1 2 2 4 0
0 0 1 0 -1 -2 -2 2 1 1 2 1
0 0 1 0 -1 -2 -2 2 1 2 4 0
0 0 1 0 -1 -2 -2 2 2 1 2 1
0 0 1 0 -1 -2 -2 2 2 2 4 0
0 0 1 0 -1 -2 2 -1 1 1 2 1
0 0 1 0 -1 -2 2 -1 1 2 4 0
0 0 1 0 -1 -2 2 -1 2 1 2 1
0 0 1 0 -1 -2 2 -1 2 2 4 0
0 0 1 0 -1 -2 2 1 -1 1 2 1
0 0 1 0 -1 -2 2 1 -1 2 4 0
0 0 1 0 -1 -2 2 1 -2 1 6 3
0 0 1 0 -1 -2 2 1 -2 2 4 0
0 0 1 0 -1 -2 2 -2 1 1 2 1
0 0 1 0 -1 -2 2 -2 1 2 4 0
0 0 1 0 -1 -2 2 -2 2 1 2 1
0 0 1 0 -1 -2 2 -2 2 2 4 0
0 0 1 0 -1 -2 2 2 -1 1 2 1
0 0 1 0 -1 -2 2 2 -1 2 4 0
0 0 1 0 -1 -2 2 2 -2 1 6 3
0 0 1 0 -1 -2 2 2 -2 2 4 0
0 0 1 0 -1 2 -2 -1 1 1 2 1
0 0 1 0 -1 2 -2 -1 1 2 4 0
0 0 1 0 -1 2 -2 -1 2 1 2 1
0 0 1 0 -1 2 -2 -1 2 2 4 1
0 0 1 0 -1 2 -2 1 -1 1 2 1
0 0 1 0 -1 2 -2 1 -1 2 4 1
0 0 1 0 -1 2 -2 1 -2 1 2 1
0 0 1 0 -1 2 -2 1 -2 2 4 1
0 0 1 0 -1 2 -2 -2 1 1 2 1
0 0 1 0 -1 2 -2 -2 1 2 4 0
0 0 1 0 -1 2 -2 -2 2 1 2 1
0 0 1 0 -1 2 -2 -2 2 2 4 1
0 0 1 0 -1 2 -2 2 -1 1 2 1
0 0 1 0 -1 2 -2 2 -1 2 4 0
0 0 1 0 -1 2 -2 2 -2 1 2 1
0 0 1 0 -1 2 -2 2 -2 2 4 0
0 0 1 0 -1 2 2 -1 -2 1 2 1
0 0 1 0 -1 2 2 -1 -2 2 4 1
0 0 1 0 -1 2 2 -2 -1 1 2 1
0 0 1 0 -1 2 2 -2 -1 2 4 1
0 0 1 0 -1 2 2 -2 -2 1 2 1
0 0 1 0 -1 2 2 -2 -2 2 4 1
0 0 1 0 1 -1 -2 -1 1 1 2 1
0 0 1 0 1 -1 -2 -1 1 2 6 3
0 0 1 0 1 -1 -2 -1 2 1 2 1
0 0 1 0 1 -1 -2 -1 2 2 6 3
0 0 1 0 1 -1 -2 1 -1 1 2 1
0 0 1 0 1 -1 -2 1 -1 2 6 3
0 0 1 0 1 -1 -2 -2 2 1 2 1
0 0 1 0 1 -1 -2 -2 2 2 6 3
0 0 1 0 1 -1 -2 2 -1 1 4 1
0 0 1 0 1 -1 -2 2 -1 2 6 3
0 0 1 0 1 -1 -2 2 -2 1 2 1
0 0 1 0 1 -1 -2 2 -2 2 6 3
0 0 1 0 1 -1 2 -1 -2 1 2 1
0 0 1 0 1 -1 2 -1 -2 2 2 1
0 0 1 0 1 -1 2 -2 -1 1 2 1
0 0 1 0 1 -1 2 -2 -1 2 2 1
0 0 1 0 1 -1 2 -2 -2 1 2 1
0 0 1 0 1 -1 2 -2 -2 2 2 1
0 0 1 0 1 1 -2 -1 -1 1 2 1
0 0 1 0 1 1 -2 -1 -1 2 6 3
0 0 1 0 1 -2 -2 -1 2 1 2 1
0 0 1 0 1 -2 -2 -1 2 2 6 3
0 0 1 0 1 -2 -2 2 -1 1 2 1
0 0 1 0 1 -2 -2 2 -1 2 6 3
0 0 1 0 1 -2 2 -1 -1 1 2 1
0 0 1 0 1 -2 2 -1 -1 2 2 1
0 0 1 0 1 -2 2 -1 -2 1 2 1
0 0 1 0 1 -2 2 -1 -2 2 2 1
0 0 1 0 1 -2 2 -2 -1 1 2 1
0 0 1 0 1 -2 2 -2 -1 2 2 1
0 0 1 0 1 2 -2 -1 -1 1 2 1
0 0 1 0 1 2 -2 -1 -1 2 6 3
0 0 1 0 1 2 -2 -1 -2 1 2 1
0 0 1 0 1 2 -2 -1 -2 2 6 3
0 0 1 0 1 2 -2 -2 -1 1 2 1
0 0 1 0 1 2 -2 -2 -1 2 6 3
0 0 1 0 -2 -1 -1 1 1 1 2 1
0 0 1 0 -2 -1 -1 1 1 2 4 0
0 0 1 0 -2 -1 -1 1 2 1 2 1
0 0 1 0 -2 -1 -1 1 2 2 4 0
0 0 1 0 -2 -1 -1 2 1 1 2 1
0 0 1 0 -2 -1 -1 2 1 2 4 0
0 0 1 0 -2 -1 -1 2 2 1 2 1
0 0 1 0 -2 -1 -1 2 2 2 4 0
0 0 1 0 -2 -1 1 -1 1 1 2 1
0 0 1 0 -2 -1 1 -1 1 2 4 0
0 0 1 0 -2 -1 1 -1 2 1 2 1
0 0 1 0 -2 -1 1 -1 2 2 4 0
0 0 1 0 -2 -1 1 1 -1 1 6 3
0 0 1 0 -2 -1 1 1 -1 2 4 0
0 0 1 0 -2 -1 1 -2 2 1 2 1
0 0 1 0 -2 -1 1 -2 2 2 4 0
0 0 1 0 -2 -1 1 2 -1 1 2 1
0 0 1 0 -2 -1 1 2 -1 2 4 0
0 0 1 0 -2 -1 1 2 -2 1 6 3
0 0 1 0 -2 -1 1 2 -2 2 4 0
0 0 1 0 -2 -1 -2 1 2 1 2 1
0 0 1 0 -2 -1 -2 1 2 2 4 1
0 0 1 0 -2 -1 -2 2 1 1 2 1
0 0 1 0 -2 -1 -2 2 1 2 4 0
0 0 1 0 -2 -1 -2 2 2 1 2 1
0 0 1 0 -2 -1 -2 2 2 2 4 0
0 0 1 0 -2 -1 2 -1 1 1 2 1
0 0 1 0 -2 -1 2 -1 1 2 4 0
0 0 1 0 -2 -1 2 -1 2 1 2 1
0 0 1 0 -2 -1 2 -1 2 2 4 0
0 0 1 0 -2 -1 2 1 -1 1 2 1
0 0 1 0 -2 -1 2 1 -1 2 4 0
0 0 1 0 -2 -1 2 1 -2 1 6 3
0 0 1 0 -2 -1 2 1 -2 2 4 0
0 0 1 0 -2 -1 2 -2 1 1 2 1
0 0 1 0 -2 -1 2 -2 1 2 4 0
0 0 1 0 -2 -1 2 -2 2 1 2 1
0 0 1 0 -2 -1 2 -2 2 2 4 0
0 0 1 0 -2 -1 2 2 -1 1 2 1
0 0 1 0 -2 -1 2 2 -1 2 4 0
0 0 1 0 -2 -1 2 2 -2 1 6 3
0 0 1 0 -2 -1 2 2 -2 2 4 0
0 0 1 0 -2 1 -1 -1 1 1 2 1
0 0 1 0 -2 1 -1 -1 1 2 4 0
0 0 1 0 -2 1 -1 -1 2 1 2 1
0 0 1 0 -2 1 -1 -1 2 2 4 0
0 0 1 0 -2 1 -1 1 -1 1 2 1
0 0 1 0 -2 1 -1 1 -1 2 4 0
0 0 1 0 -2 1 -1 -2 2 1 2 1
0 0 1 0 -2 1 -1 -2 2 2 4 0
0 0 1 0 -2 1 -1 2 -1 1 2 1
0 0 1 0 -2 1 -1 2 -1 2 4 1
0 0 1 0 -2 1 -1 2 -2 1 2 1
0 0 1 0 -2 1 -1 2 -2 2 6 3
0 0 1 0 -2 1 1 -1 -1 1 2 1
0 0 1 0 -2 1 1 -1 -1 2 4 0
0 0 1 0 -2 1 -2 -1 2 1 2 1
0 0 1 0 -2 1 -2 -1 2 2 4 0
0 0 1 0 -2 1 -2 2 -1 1 2 1
0 0 1 0 -2 1 -2 2 -1 2 4 0
0 0 1 0 -2 1 2 -1 -1 1 2 1
0 0 1 0 -2 1 2 -1 -1 2 4 1
0 0 1 0 -2 1 2 -1 -2 1 2 1
0 0 1 0 -2 1 2 -1 -2 2 4 1
0 0 1 0 -2 1 2 -2 -1 1 2 1
0 0 1 0 -2 1 2 -2 -1 2 4 1
0 0 1 0 -2 -2 -1 1 2 1 2 1
0 0 1 0 -2 -2 -1 1 2 2 4 0
0 0 1 0 -2 -2 -1 2 1 1 2 1
0 0 1 0 -2 -2 -1 2 1 2 4 0
0 0 1 0 -2 -2 -1 2 2 1 2 1
0 0 1 0 -2 -2 -1 2 2 2 4 0
0 0 1 0 -2 -2 1 -1 2 1 2 1
0 0 1 0 -2 -2 1 -1 2 2 4 0
0 0 1 0 -2 -2 1 2 -1 1 2 1
0 0 1 0 -2 -2 1 2 -1 2 4 0
0 0 1 0 -2 -2 -2 2 2 1 2 1
0 0 1 0 -2 -2 -2 2 2 2 4 0
0 0 1 0 -2 -2 2 -1 1 1 2 1
0 0 1 0 -2 -2 2 -1 1 2 4 0
0 0 1 0 -2 -2 2 -1 2 1 2 1
0 0 1 0 -2 -2 2 -1 2 2 4 0
0 0 1 0 -2 -2 2 1 -1 1 2 1
0 0 1 0 -2 -2 2 1 -1 2 4 0
0 0 1 0 -2 -2 2 -2 2 1 2 1
0 0 1 0 -2 -2 2 -2 2 2 4 0
0 0 1 0 -2 -2 2 2 -1 1 2 1
0 0 1 0 -2 -2 2 2 -1 2 4 0
0 0 1 0 -2 -2 2 2 -2 1 6 3
0 0 1 0 -2 -2 2 2 -2 2 4 0
0 0 1 0 -2 2 -1 -1 1 1 2 1
0 0 1 0 -2 2 -1 -1 1 2 4 0
0 0 1 0 -2 2 -1 -1 2 1 2 1
0 0 1 0 -2 2 -1 -1 2 2 4 1
0 0 1 0 -2 2 -1 1 -1 1 2 1
0 0 1 0 -2 2 -1 1 -1 2 4 0
0 0 1 0 -2 2 -1 1 -2 1 2 1
0 0 1 0 -2 2 -1 1 -2 2 6 3
0 0 1 0 -2 2 -1 -2 1 1 2 1
0 0 1 0 -2 2 -1 -2 1 2 4 0
0 0 1 0 -2 2 -1 -2 2 1 2 1
0 0 1 0 -2 2 -1 -2 2 2 4 1
0 0 1 0 -2 2 -1 2 -1 1 2 1
0 0 1 0 -2 2 -1 2 -1 2 4 1
0 0 1 0 -2 2 -1 2 -2 1 2 1
0 0 1 0 -2 2 -1 2 -2 2 6 3
0 0 1 0 -2 2 1 -1 -1 1 2 1
0 0 1 0 -2 2 1 -1 -1 2 4 0
0 0 1 0 -2 2 1 -1 -2 1 2 1
0 0 1 0 -2 2 1 -1 -2 2 4 0
0 0 1 0 -2 2 1 -2 -1 1 2 1
0 0 1 0 -2 2 1 -2 -1 2 4 0
0 0 1 0 -2 2 -2 -1 1 1 2 1
0 0 1 0 -2 2 -2 -1 1 2 4 0
0 0 1 0 -2 2 -2 -1 2 1 2 1
0 0 1 0 -2 2 -2 -1 2 2 4 1
0 0 1 0 -2 2 -2 1 -1 1 2 1
0 0 1 0 -2 2 -2 1 -1 2 4 1
0 0 1 0 -2 2 -2 -2 2 1 2 1
0 0 1 0 -2 2 -2 -2 2 2 4 1
0 0 1 0 -2 2 -2 2 -1 1 2 1
0 0 1 0 -2 2 -2 2 -1 2 4 0
0 0 1 0 -2 2 -2 2 -2 1 2 1
0 0 1 0 -2 2 -2 2 -2 2 6 3
0 0 1 0 -2 2 2 -1 -1 1 2 1
0 0 1 0 -2 2 2 -1 -1 2 4 1
0 0 1 0 -2 2 2 -1 -2 1 2 1
0 0 1 0 -2 2 2 -1 -2 2 4 1
0 0 1 0 -2 2 2 -2 -1 1 2 1
0 0 1 0 -2 2 2 -2 -1 2 4 1
0 0 1 0 -2 2 2 -2 -2 1 2 1
0 0 1 0 -2 2 2 -2 -2 2 4 1
0 0 1 0 2 -1 -1 -1 1 1 2 1
0 0 1 0 2 -1 -1 -1 1 2 6 3
0 0 1 0 2 -1 -1 1 -1 1 4 1
0 0 1 0 2 -1 -1 1 -1 2 6 3
0 0 1 0 2 -1 -1 1 -2 1 2 1
0 0 1 0 2 -1 -1 1 -2 2 6 3
0 0 1 0 2 -1 -1 -2 1 1 2 1
0 0 1 0 2 -1 -1 -2 1 2 6 3
0 0 1 0 2 -1 -1 -2 2 1 2 1
0 0 1 0 2 -1 -1 -2 2 2 6 3
0 0 1 0 2 -1 -1 2 -2 1 2 1
0 0 1 0 2 -1 -1 2 -2 2 6 3
0 0 1 0 2 -1 1 -1 -2 1 2 1
0 0 1 0 2 -1 1 -1 -2 2 2 1
0 0 1 0 2 -1 1 -2 -1 1 2 1
0 0 1 0 2 -1 1 -2 -1 2 2 1
0 0 1 0 2 -1 1 -2 -2 1 2 1
0 0 1 0 2 -1 1 -2 -2 2 2 1
0 0 1 0 2 -1 -2 -1 1 1 2 1
0 0 1 0 2 -1 -2 -1 1 2 6 3
0 0 1 0 2 -1 -2 -1 2 1 2 1
0 0 1 0 2 -1 -2 -1 2 2 6 3
0 0 1 0 2 -1 -2 1 -1 1 2 1
0 0 1 0 2 -1 -2 1 -1 2 6 3
0 0 1 0 2 -1 -2 1 -2 1 2 1
0 0 1 0 2 -1 -2 1 -2 2 6 3
0 0 1 0 2 -1 -2 -2 1 1 2 1
0 0 1 0 2 -1 -2 -2 1 2 6 3
0 0 1 0 2 -1 -2 -2 2 1 2 1
0 0 1 0 2 -1 -2 -2 2 2 6 3
0 0 1 0 2 -1 -2 2 -1 1 2 1
0 0 1 0 2 -1 -2 2 -1 2 6 3
0 0 1 0 2 -1 -2 2 -2 1 2 1
0 0 1 0 2 -1 -2 2 -2 2 6 3
0 0 1 0 2 -1 2 -1 -2 1 2 1
0 0 1 0 2 -1 2 -1 -2 2 2 1
0 0 1 0 2 -1 2 -2 -1 1 2 1
0 0 1 0 2 -1 2 -2 -1 2 2 1
0 0 1 0 2 -1 2 -2 -2 1 2 1
0 0 1 0 2 -1 2 -2 -2 2 2 1
0 0 1 0 2 1 -1 -1 -1 1 2 1
0 0 1 0 2 1 -1 -1 -1 2 6 3
0 0 1 0 2 1 -1 -1 -2 1 2 1
0 0 1 0 2 1 -1 -1 -2 2 6 3
0 0 1 0 2 1 -1 -2 -1 1 2 1
0 0 1 0 2 1 -1 -2 -1 2 6 3
0 0 1 0 2 1 -1 -2 -2 1 2 1
0 0 1 0 2 1 -1 -2 -2 2 6 3
0 0 1 0 2 1 -2 -1 -1 1 2 1
0 0 1 0 2 1 -2 -1 -1 2 6 3
0 0 1 0 2 1 -2 -1 -2 1 2 1
0 0 1 0 2 1 -2 -1 -2 2 6 3
0 0 1 0 2 1 -2 -2 -1 1 2 1
0 0 1 0 2 1 -2 -2 -1 2 6 3
0 0 1 0 2 -2 -1 -1 1 1 2 1
0 0 1 0 2 -2 -1 -1 1 2 6 3
0 0 1 0 2 -2 -1 -1 2 1 2 1
0 0 1 0 2 -2 -1 -1 2 2 6 3
0 0 1 0 2 -2 -1 1 -1 1 2 1
0 0 1 0 2 -2 -1 1 -1 2 6 3
0 0 1 0 2 -2 -1 1 -2 1 2 1
0 0 1 0 2 -2 -1 1 -2 2 6 3
0 0 1 0 2 -2 -1 -2 1 1 2 1
0 0 1 0 2 -2 -1 -2 1 2 6 3
0 0 1 0 2 -2 -1 -2 2 1 2 1
0 0 1 0 2 -2 -1 -2 2 2 6 3
0 0 1 0 2 -2 -1 2 -1 1 2 1
0 0 1 0 2 -2 -1 2 -1 2 6 3
0 0 1 0 2 -2 -1 2 -2 1 2 1
0 0 1 0 2 -2 -1 2 -2 2 6 3
0 0 1 0 2 -2 1 -1 -1 1 2 1
0 0 1 0 2 -2 1 -1 -1 2 2 1
0 0 1 0 2 -2 1 -1 -2 1 2 1
0 0 1 0 2 -2 1 -1 -2 2 2 1
0 0 1 0 2 -2 1 -2 -1 1 2 1
0 0 1 0 2 -2 1 -2 -1 2 2 1
0 0 1 0 2 -2 -2 -1 1 1 2 1
0 0 1 0 2 -2 -2 -1 1 2 6 3
0 0 1 0 2 -2 -2 -1 2 1 2 1
0 0 1 0 2 -2 -2 -1 2 2 6 3
0 0 1 0 2 -2 -2 1 -1 1 2 1
0 0 1 0 2 -2 -2 1 -1 2 6 3
0 0 1 0 2 -2 -2 -2 2 1 2 1
0 0 1 0 2 -2 -2 -2 2 2 6 3
0 0 1 0 2 -2 -2 2 -1 1 2 1
0 0 1 0 2 -2 -2 2 -1 2 6 3
0 0 1 0 2 -2 -2 2 -2 1 2 1
0 0 1 0 2 -2 -2 2 -2 2 6 3
0 0 1 0 2 -2 2 -1 -1 1 2 1
0 0 1 0 2 -2 2 -1 -1 2 2 1
0 0 1 0 2 -2 2 -1 -2 1 2 1
0 0 1 0 2 -2 2 -1 -2 2 2 1
0 0 1 0 2 -2 2 -2 -1 1 2 1
0 0 1 0 2 -2 2 -2 -1 2 2 1
0 0 1 0 2 -2 2 -2 -2 1 2 1
0 0 1 0 2 -2 2 -2 -2 2 2 1
0 0 1 0 2 2 -1 -1 -2 1 2 1
0 0 1 0 2 2 -1 -1 -2 2 6 3
0 0 1 0 2 2 -1 -2 -1 1 2 1
0 0 1 0 2 2 -1 -2 -1 2 6 3
0 0 1 0 2 2 -1 -2 -2 1 2 1
0 0 1 0 2 2 -1 -2 -2 2 6 3
0 0 1 0 2 2 -2 -1 -1 1 2 1
0 0 1 0 2 2 -2 -1 -1 2 6 3
0 0 1 0 2 2 -2 -1 -2 1 2 1
0 0 1 0 2 2 -2 -1 -2 2 6 3
0 0 1 0 2 2 -2 -2 -1 1 2 1
0 0 1 0 2 2 -2 -2 -1 2 6 3
0 0 1 0 2 2 -2 -2 -2 1 2 1
0 0 1 0 2 2 -2 -2 -2 2 6 3
0 0 1 -1 0 -1 -1 1 2 1 2 1
0 0 1 -1 0 -1 -1 1 2 2 3 0
0 0 1 -1 0 -1 -1 2 1 1 8 4
0 0 1 -1 0 -1 -1 2 1 2 3 0
0 0 1 -1 0 -1 1 -1 2 1 2 1
0 0 1 -1 0 -1 1 -1 2 2 3 0
0 0 1 -1 0 -1 1 1 -2 1 2 1
0 0 1 -1 0 -1 1 1 -2 2 5 4
0 0 1 -1 0 -1 1 -2 1 1 6 4
0 0 1 -1 0 -1 1 -2 1 2 3 0
0 0 1 -1 0 -1 1 -2 2 1 2 1
0 0 1 -1 0 -1 1 -2 2 2 3 4
0 0 1 -1 0 -1 1 2 -1 1 6 4
0 0 1 -1 0 -1 1 2 -1 2 5 4
0 0 1 -1 0 -1 1 2 -2 1 6 4
0 0 1 -1 0 -1 1 2 -2 2 5 4
0 0 1 -1 0 -1 -2 1 1 1 7 4
0 0 1 -1 0 -1 -2 1 1 2 3 4
0 0 1 -1 0 -1 -2 1 2 1 7 4
0 0 1 -1 0 -1 -2 1 2 2 3 4
0 0 1 -1 0 -1 -2 2 1 1 8 4
0 0 1 -1 0 -1 -2 2 1 2 3 4
0 0 1 -1 0 -1 -2 2 2 1 8 4
0 0 1 -1 0 -1 -2 2 2 2 3 4
0 0 1 -1 0 -1 2 -1 1 1 2 1
0 0 1 -1 0 -1 2 -1 1 2 5 4
0 0 1 -1 0 -1 2 1 -1 1 6 4
0 0 1 -1 0 -1 2 1 -1 2 3 0
0 0 1 -1 0 -1 2 1 -2 1 2 1
0 0 1 -1 0 -1 2 1 -2 2 5 4
0 0 1 -1 0 -1 2 -2 1 1 2 1
0 0 1 -1 0 -1 2 -2 1 2 3 0
0 0 1 -1 0 -1 2 -2 2 1 2 1
0 0 1 -1 0 -1 2 -2 2 2 3 0
0 0 1 -1 0 -1 2 2 -2 1 6 4
0 0 1 -1 0 -1 2 2 -2 2 5 4
0 0 1 -1 0 1 -1 -1 2 1 2 4
0 0 1 -1 0 1 -1 -1 2 2 3 0
0 0 1 -1 0 1 -1 1 -2 1 2 1
0 0 1 -1 0 1 -1 1 -2 2 6 4
0 0 1 -1 0 1 -1 -2 1 1 5 4
0 0 1 -1 0 1 -1 -2 1 2 3 0
0 0 1 -1 0 1 -1 -2 2 1 2 4
0 0 1 -1 0 1 -1 -2 2 2 3 0
0 0 1 -1 0 1 -1 2 -1 1 5 4
0 0 1 -1 0 1 -1 2 -1 2 3 4
0 0 1 -1 0 1 -1 2 -2 1 5 4
0 0 1 -1 0 1 -1 2 -2 2 6 4
0 0 1 -1 0 1 1 -1 -2 1 2 1
0 0 1 -1 0 1 1 -1 -2 2 7 4
0 0 1 -1 0 1 1 -2 -1 1 2 1
0 0 1 -1 0 1 1 -2 -1 2 3 0
0 0 1 -1 0 1 -2 -1 1 1 2 4
0 0 1 -1 0 1 -2 -1 1 2 3 0
0 0 1 -1 0 1 -2 -1 2 1 2 4
0 0 1 -1 0 1 -2 -1 2 2 3 0
0 0 1 -1 0 1 -2 1 -1 1 2 1
0 0 1 -1 0 1 -2 1 -1 2 8 4
0 0 1 -1 0 1 -2 -2 2 1 2 4
0 0 1 -1 0 1 -2 -2 2 2 3 0
0 0 1 -1 0 1 -2 2 -1 1 5 4
0 0 1 -1 0 1 -2 2 -1 2 8 4
0 0 1 -1 0 1 -2 2 -2 1 5 4
0 0 1 -1 0 1 -2 2 -2 2 6 4
0 0 1 -1 0 1 2 -1 -1 1 2 4
0 0 1 -1 0 1 2 -1 -1 2 7 4
0 0 1 -1 0 1 2 -1 -2 1 2 4
0 0 1 -1 0 1 2 -1 -2 2 7 4
0 0 1 -1 0 1 2 -2 -1 1 2 4
0 0 1 -1 0 1 2 -2 -1 2 7 4
0 0 1 -1 0 1 2 -2 -2 1 2 4
0 0 1 -1 0 1 2 -2 -2 2 7 4
0 0 1 -1 0 -2 -1 1 1 1 2 1
0 0 1 -1 0 -2 -1 1 1 2 3 4
0 0 1 -1 0 -2 -1 1 2 1 2 1
0 0 1 -1 0 -2 -1 1 2 2 3 0
0 0 1 -1 0 -2 -1 2 1 1 8 4
0 0 1 -1 0 -2 -1 2 1 2 3 0
0 0 1 -1 0 -2 -1 2 2 1 8 4
0 0 1 -1 0 -2 -1 2 2 2 3 0
0 0 1 -1 0 -2 1 -1 1 1 2 1
0 0 1 -1 0 -2 1 -1 1 2 3 0
0 0 1 -1 0 -2 1 -1 2 1 2 1
0 0 1 -1 0 -2 1 -1 2 2 3 0
0 0 1 -1 0 -2 1 1 -1 1 6 4
0 0 1 -1 0 -2 1 1 -1 2 3 0
0 0 1 -1 0 -2 1 -2 2 1 2 1
0 0 1 -1 0 -2 1 -2 2 2 3 4
0 0 1 -1 0 -2 1 2 -1 1 6 4
0 0 1 -1 0 -2 1 2 -1 2 5 4
0 0 1 -1 0 -2 1 2 -2 1 6 4
0 0 1 -1 0 -2 1 2 -2 2 5 4
0 0 1 -1 0 -2 -2 1 2 1 7 4
0 0 1 -1 0 -2 -2 1 2 2 3 4
0 0 1 -1 0 -2 -2 2 1 1 8 4
0 0 1 -1 0 -2 -2 2 1 2 3 4
0 0 1 -1 0 -2 -2 2 2 1 8 4
0 0 1 -1 0 -2 -2 2 2 2 3 4
0 0 1 -1 0 -2 2 -1 1 1 2 1
0 0 1 -1 0 -2 2 -1 1 2 5 4
0 0 1 -1 0 -2 2 -1 2 1 2 1
0 0 1 -1 0 -2 2 -1 2 2 3 0
0 0 1 -1 0 -2 2 1 -1 1 6 4
0 0 1 -1 0 -2 2 1 -1 2 3 0
0 0 1 -1 0 -2 2 1 -2 1 2 1
0 0 1 -1 0 -2 2 1 -2 2 5 4
0 0 1 -1 0 -2 2 -2 1 1 2 1
0 0 1 -1 0 -2 2 -2 1 2 3 0
0 0 1 -1 0 -2 2 -2 2 1 2 1
0 0 1 -1 0 -2 2 -2 2 2 3 0
0 0 1 -1 0 -2 2 2 -1 1 6 4
0 0 1 -1 0 -2 2 2 -1 2 5 4
0 0 1 -1 0 -2 2 2 -2 1 6 4
0 0 1 -1 0 -2 2 2 -2 2 5 4
0 0 1 -1 0 2 -1 -1 1 1 2 4
0 0 1 -1 0 2 -1 -1 1 2 3 0
0 0 1 -1 0 2 -1 1 -1 1 2 1
0 0 1 -1 0 2 -1 1 -1 2 3 0
0 0 1 -1 0 2 -1 1 -2 1 2 1
0 0 1 -1 0 2 -1 1 -2 2 6 4
0 0 1 -1 0 2 -1 -2 1 1 5 4
0 0 1 -1 0 2 -1 -2 1 2 3 0
0 0 1 -1 0 2 -1 -2 2 1 2 1
0 0 1 -1 0 2 -1 -2 2 2 6 4
0 0 1 -1 0 2 -1 2 -2 1 5 4
0 0 1 -1 0 2 -1 2 -2 2 6 4
0 0 1 -1 0 2 1 -1 -1 1 2 1
0 0 1 -1 0 2 1 -1 -1 2 3 0
0 0 1 -1 0 2 1 -1 -2 1 2 1
0 0 1 -1 0 2 1 -1 -2 2 7 4
0 0 1 -1 0 2 1 -2 -1 1 2 1
0 0 1 -1 0 2 1 -2 -1 2 3 0
0 0 1 -1 0 2 1 -2 -2 1 2 1
0 0 1 -1 0 2 1 -2 -2 2 7 4
0 0 1 -1 0 2 -2 -1 1 1 2 4
0 0 1 -1 0 2 -2 -1 1 2 3 0
0 0 1 -1 0 2 -2 -1 2 1 2 1
0 0 1 -1 0 2 -2 -1 2 2 6 4
0 0 1 -1 0 2 -2 1 -1 1 2 1
0 0 1 -1 0 2 -2 1 -1 2 8 4
0 0 1 -1 0 2 -2 1 -2 1 2 1
0 0 1 -1 0 2 -2 1 -2 2 6 4
0 0 1 -1 0 2 -2 -2 1 1 5 4
0 0 1 -1 0 2 -2 -2 1 2 3 0
0 0 1 -1 0 2 -2 -2 2 1 2 1
0 0 1 -1 0 2 -2 -2 2 2 6 4
0 0 1 -1 0 2 -2 2 -1 1 5 4
0 0 1 -1 0 2 -2 2 -1 2 8 4
0 0 1 -1 0 2 -2 2 -2 1 5 4
0 0 1 -1 0 2 -2 2 -2 2 6 4
0 0 1 -1 0 2 2 -1 -2 1 2 4
0 0 1 -1 0 2 2 -1 -2 2 7 4
0 0 1 -1 0 2 2 -2 -1 1 2 4
0 0 1 -1 0 2 2 -2 -1 2 8 4
0 0 1 -1 0 2 2 -2 -2 1 2 4
0 0 1 -1 0 2 2 -2 -2 2 7 4
0 0 1 -1 -1 0 -1 1 2 1 2 1
0 0 1 -1 -1 0 -1 1 2 2 3 0
0 0 1 -1 -1 0 1 -1 2 1 2 1
0 0 1 -1 -1 0 1 -1 2 2 3 0
0 0 1 -1 -1 0 1 1 -2 1 2 1
0 0 1 -1 -1 0 1 1 -2 2 3 0
0 0 1 -1 -1 0 1 -2 2 1 2 1
0 0 1 -1 -1 0 1 -2 2 2 3 0
0 0 1 -1 -1 0 1 2 -2 1 2 1
0 0 1 -1 -1 0 1 2 -2 2 3 0
0 0 1 -1 -1 0 -2 1 2 1 2 1
0 0 1 -1 -1 0 -2 1 2 2 3 0
0 0 1 -1 -1 0 -2 2 2 1 2 1
0 0 1 -1 -1 0 -2 2 2 2 3 0
0 0 1 -1 -1 0 2 1 -2 1 2 1
0 0 1 -1 -1 0 2 1 -2 2 3 0
0 0 1 -1 -1 0 2 -2 2 1 2 1
0 0 1 -1 -1 0 2 -2 2 2 3 0
0 0 1 -1 -1 0 2 2 -2 1 2 1
0 0 1 -1 -1 0 2 2 -2 2 3 0
0 0 1 -1 -1 -1 0 2 1 1 2 1
0 0 1 -1 -1 -1 0 2 1 2 4 1
0 0 1 -1 -1 -1 1 0 2 1 2 1
0 0 1 -1 -1 -1 1 0 2 2 3 0
0 0 1 -1 -1 -1 1 2 0 1 2 1
0 0 1 -1 -1 -1 1 2 0 2 3 0
0 0 1 -1 -1 -1 2 0 1 1 2 1
0 0 1 -1 -1 -1 2 0 1 2 3 0
0 0 1 -1 -1 1 0 -2 1 1 2 1
0 0 1 -1 -1 1 0 -2 1 2 3 0
0 0 1 -1 -1 1 0 -2 2 1 2 1
0 0 1 -1 -1 1 0 -2 2 2 3 0
0 0 1 -1 -1 1 0 2 -1 1 2 1
0 0 1 -1 -1 1 0 2 -1 2 3 0
0 0 1 -1 -1 1 0 2 -2 1 2 1
0 0 1 -1 -1 1 0 2 -2 2 3 0
0 0 1 -1 -1 1 -1 0 2 1 2 1
0 0 1 -1 -1 1 -1 0 2 2 6 7
0 0 1 -1 -1 1 -1 2 0 1 2 1
0 0 1 -1 -1 1 -1 2 0 2 4 1
0 0 1 -1 -1 1 1 0 -2 1 6 7
0 0 1 -1 -1 1 1 0 -2 2 3 0
0 0 1 -1 -1 1 1 -2 0 1 2 1
0 0 1 -1 -1 1 1 -2 0 2 4 1
0 0 1 -1 -1 1 -2 0 1 1 2 1
0 0 1 -1 -1 1 -2 0 1 2 3 0
0 0 1 -1 -1 1 -2 0 2 1 2 1
0 0 1 -1 -1 1 -2 0 2 2 3 0
0 0 1 -1 -1 1 -2 2 0 1 2 1
0 0 1 -1 -1 1 -2 2 0 2 3 0
0 0 1 -1 -1 1 2 0 -1 1 6 7
0 0 1 -1 -1 1 2 0 -1 2 3 0
0 0 1 -1 -1 1 2 0 -2 1 6 7
0 0 1 -1 -1 1 2 0 -2 2 3 0
0 0 1 -1 -1 1 2 -2 0 1 2 1
0 0 1 -1 -1 1 2 -2 0 2 3 0
0 0 1 -1 -1 -2 0 2 1 1 2 1
0 0 1 -1 -1 -2 0 2 1 2 3 0
0 0 1 -1 -1 -2 0 2 2 1 2 1
0 0 1 -1 -1 -2 0 2 2 2 3 0
0 0 1 -1 -1 -2 1 0 2 1 2 1
0 0 1 -1 -1 -2 1 0 2 2 3 0
0 0 1 -1 -1 -2 1 1 0 1 2 1
0 0 1 -1 -1 -2 1 1 0 2 3 0
0 0 1 -1 -1 -2 1 2 0 1 2 1
0 0 1 -1 -1 -2 1 2 0 2 3 0
0 0 1 -1 -1 -2 2 0 1 1 2 1
0 0 1 -1 -1 -2 2 0 1 2 3 0
0 0 1 -1 -1 -2 2 0 2 1 2 1
0 0 1 -1 -1 -2 2 0 2 2 3 0
0 0 1 -1 -1 -2 2 1 0 1 2 1
0 0 1 -1 -1 -2 2 1 0 2 3 0
0 0 1 -1 -1 -2 2 2 0 1 2 1
0 0 1 -1 -1 -2 2 2 0 2 3 0
0 0 1 -1 -1 2 0 -2 1 1 2 1
0 0 1 -1 -1 2 0 -2 1 2 3 0
0 0 1 -1 -1 2 0 -2 2 1 2 1
0 0 1 -1 -1 2 0 -2 2 2 3 0
0 0 1 -1 -1 2 0 2 -2 1 2 1
0 0 1 -1 -1 2 0 2 -2 2 3 0
0 0 1 -1 -1 2 -1 1 0 1 2 1
0 0 1 -1 -1 2 -1 1 0 2 3 0
0 0 1 -1 -1 2 1 0 -2 1 6 7
0 0 1 -1 -1 2 1 0 -2 2 3 0
0 0 1 -1 -1 2 1 -1 0 1 2 1
0 0 1 -1 -1 2 1 -1 0 2 3 0
0 0 1 -1 -1 2 1 -2 0 1 2 1
0 0 1 -1 -1 2 1 -2 0 2 4 1
0 0 1 -1 -1 2 -2 0 1 1 2 1
0 0 1 -1 -1 2 -2 0 1 2 3 0
0 0 1 -1 -1 2 -2 0 2 1 2 1
0 0 1 -1 -1 2 -2 0 2 2 3 0
0 0 1 -1 -1 2 -2 1 0 1 2 1
0 0 1 -1 -1 2 -2 1 0 2 3 0
0 0 1 -1 -1 2 -2 2 0 1 2 1
0 0 1 -1 -1 2 -2 2 0 2 3 0
0 0 1 -1 -1 2 2 0 -2 1 6 7
0 0 1 -1 -1 2 2 0 -2 2 3 0
0 0 1 -1 -1 2 2 -2 0 1 2 1
0 0 1 -1 -1 2 2 -2 0 2 3 0
0 0 1 -1 1 0 -1 -1 2 1 2 1
0 0 1 -1 1 0 -1 -1 2 2 3 0
0 0 1 -1 1 0 -1 1 -2 1 2 1
0 0 1 -1 1 0 -1 1 -2 2 3 0
0 0 1 -1 1 0 -1 -2 2 1 2 1
0 0 1 -1 1 0 -1 -2 2 2 3 0
0 0 1 -1 1 0 -1 2 -2 1 4 0
0 0 1 -1 1 0 -1 2 -2 2 3 0
0 0 1 -1 1 0 1 -1 -2 1 2 1
0 0 1 -1 1 0 1 -1 -2 2 8 5
0 0 1 -1 1 0 -2 -1 2 1 2 1
0 0 1 -1 1 0 -2 -1 2 2 3 0
0 0 1 -1 1 0 -2 -2 2 1 2 1
0 0 1 -1 1 0 -2 -2 2 2 3 0
0 0 1 -1 1 0 -2 2 -2 1 2 1
0 0 1 -1 1 0 -2 2 -2 2 3 0
0 0 1 -1 1 0 2 -1 -2 1 4 0
0 0 1 -1 1 0 2 -1 -2 2 3 0
0 0 1 -1 1 0 2 -2 -2 1 2 1
0 0 1 -1 1 0 2 -2 -2 2 3 0
0 0 1 -1 1 -1 0 -2 1 1 4 0
0 0 1 -1 1 -1 0 -2 1 2 3 0
0 0 1 -1 1 -1 0 -2 2 1 4 0
0 0 1 -1 1 -1 0 -2 2 2 3 0
0 0 1 -1 1 -1 0 2 -1 1 4 0
0 0 1 -1 1 -1 0 2 -1 2 3 0
0 0 1 -1 1 -1 0 2 -2 1 4 0
0 0 1 -1 1 -1 0 2 -2 2 3 0
0 0 1 -1 1 -1 -1 0 2 1 4 0
0 0 1 -1 1 -1 -1 0 2 2 3 0
0 0 1 -1 1 -1 -1 2 0 1 2 1
0 0 1 -1 1 -1 -1 2 0 2 5 8
0 0 1 -1 1 -1 1 0 -2 1 2 1
0 0 1 -1 1 -1 1 0 -2 2 8 7
0 0 1 -1 1 -1 1 -2 0 1 4 0
0 0 1 -1 1 -1 1 -2 0 2 3 0
0 0 1 -1 1 -1 -2 0 1 1 2 1
0 0 1 -1 1 -1 -2 0 1 2 3 0
0 0 1 -1 1 -1 -2 0 2 1 4 0
0 0 1 -1 1 -1 -2 0 2 2 3 0
0 0 1 -1 1 -1 -2 2 0 1 4 1
0 0 1 -1 1 -1 -2 2 0 2 3 0
0 0 1 -1 1 -1 2 0 -1 1 6 7
0 0 1 -1 1 -1 2 0 -1 2 8 7
0 0 1 -1 1 -1 2 0 -2 1 2 1
0 0 1 -1 1 -1 2 0 -2 2 3 0
0 0 1 -1 1 -1 2 -2 0 1 4 0
0 0 1 -1 1 -1 2 -2 0 2 3 0
0 0 1 -1 1 1 0 -2 -1 1 4 0
0 0 1 -1 1 1 0 -2 -1 2 3 0
0 0 1 -1 1 1 -1 0 -2 1 4 0
0 0 1 -1 1 1 -1 0 -2 2 3 0
0 0 1 -1 1 1 -1 -2 0 1 4 0
0 0 1 -1 1 1 -1 -2 0 2 3 0
0 0 1 -1 1 1 -2 0 -1 1 4 0
0 0 1 -1 1 1 -2 0 -1 2 3 0
0 0 1 -1 1 -2 0 -2 2 1 4 0
0 0 1 -1 1 -2 0 -2 2 2 3 0
0 0 1 -1 1 -2 0 2 -1 1 4 0
0 0 1 -1 1 -2 0 2 -1 2 3 0
0 0 1 -1 1 -2 0 2 -2 1 4 0
0 0 1 -1 1 -2 0 2 -2 2 3 0
0 0 1 -1 1 -2 -1 0 2 1 4 0
0 0 1 -1 1 -2 -1 0 2 2 3 0
0 0 1 -1 1 -2 -1 1 0 1 2 1
0 0 1 -1 1 -2 -1 1 0 2 3 0
0 0 1 -1 1 -2 -1 2 0 1 2 1
0 0 1 -1 1 -2 -1 2 0 2 5 8
0 0 1 -1 1 -2 1 -1 0 1 2 1
0 0 1 -1 1 -2 1 -1 0 2 3 0
0 0 1 -1 1 -2 -2 0 2 1 2 1
0 0 1 -1 1 -2 -2 0 2 2 3 0
0 0 1 -1 1 -2 -2 2 0 1 2 1
0 0 1 -1 1 -2 -2 2 0 2 3 0
0 0 1 -1 1 -2 2 0 -1 1 6 7
0 0 1 -1 1 -2 2 0 -1 2 8 7
0 0 1 -1 1 -2 2 0 -2 1 2 1
0 0 1 -1 1 -2 2 0 -2 2 3 0
0 0 1 -1 1 -2 2 -1 0 1 2 1
0 0 1 -1 1 -2 2 -1 0 2 3 0
0 0 1 -1 1 -2 2 -2 0 1 4 0
0 0 1 -1 1 -2 2 -2 0 2 3 0
0 0 1 -1 1 2 0 -2 -1 1 4 0
0 0 1 -1 1 2 0 -2 -1 2 3 0
0 0 1 -1 1 2 0 -2 -2 1 4 0
0 0 1 -1 1 2 0 -2 -2 2 3 0
0 0 1 -1 1 2 -1 0 -2 1 4 0
0 0 1 -1 1 2 -1 0 -2 2 3 0
0 0 1 -1 1 2 -1 -1 0 1 4 0
0 0 1 -1 1 2 -1 -1 0 2 3 0
0 0 1 -1 1 2 -1 -2 0 1 4 0
0 0 1 -1 1 2 -1 -2 0 2 3 0
0 0 1 -1 1 2 -2 0 -1 1 4 0
0 0 1 -1 1 2 -2 0 -1 2 3 0
0 0 1 -1 1 2 -2 0 -2 1 4 0
0 0 1 -1 1 2 -2 0 -2 2 3 0
0 0 1 -1 1 2 -2 -1 0 1 4 0
0 0 1 -1 1 2 -2 -1 0 2 3 0
0 0 1 -1 1 2 -2 -2 0 1 4 0
0 0 1 -1 1 2 -2 -2 0 2 3 0
0 0 1 -1 -2 0 -1 1 1 1 2 1
0 0 1 -1 -2 0 -1 1 1 2 3 0
0 0 1 -1 -2 0 -1 1 2 1 2 1
0 0 1 -1 -2 0 -1 1 2 2 3 0
0 0 1 -1 -2 0 -1 2 1 1 2 1
0 0 1 -1 -2 0 -1 2 1 2 4 1
0 0 1 -1 -2 0 -1 2 2 1 2 1
0 0 1 -1 -2 0 -1 2 2 2 4 1
0 0 1 -1 -2 0 1 -1 1 1 2 1
0 0 1 -1 -2 0 1 -1 1 2 3 0
0 0 1 -1 -2 0 1 -1 2 1 2 1
0 0 1 -1 -2 0 1 -1 2 2 3 0
0 0 1 -1 -2 0 1 1 -1 1 2 1
0 0 1 -1 -2 0 1 1 -1 2 3 0
0 0 1 -1 -2 0 1 -2 2 1 2 1
0 0 1 -1 -2 0 1 -2 2 2 3 0
0 0 1 -1 -2 0 1 2 -1 1 2 1
0 0 1 -1 -2 0 1 2 -1 2 3 0
0 0 1 -1 -2 0 1 2 -2 1 2 1
0 0 1 -1 -2 0 1 2 -2 2 3 0
0 0 1 -1 -2 0 -2 1 2 1 2 1
0 0 1 -1 -2 0 -2 1 2 2 3 0
0 0 1 -1 -2 0 -2 2 1 1 2 1
0 0 1 -1 -2 0 -2 2 1 2 3 0
0 0 1 -1 -2 0 -2 2 2 1 2 1
0 0 1 -1 -2 0 -2 2 2 2 3 0
0 0 1 -1 -2 0 2 -1 1 1 2 1
0 0 1 -1 -2 0 2 -1 1 2 3 0
0 0 1 -1 -2 0 2 -1 2 1 2 1
0 0 1 -1 -2 0 2 -1 2 2 3 0
0 0 1 -1 -2 0 2 1 -1 1 2 1
0 0 1 -1 -2 0 2 1 -1 2 3 0
0 0 1 -1 -2 0 2 1 -2 1 2 1
0 0 1 -1 -2 0 2 1 -2 2 3 0
0 0 1 -1 -2 0 2 -2 1 1 2 1
0 0 1 -1 -2 0 2 -2 1 2 3 0
0 0 1 -1 -2 0 2 -2 2 1 2 1
0 0 1 -1 -2 0 2 -2 2 2 3 0
0 0 1 -1 -2 0 2 2 -1 1 2 1
0 0 1 -1 -2 0 2 2 -1 2 3 0
0 0 1 -1 -2 0 2 2 -2 1 2 1
0 0 1 -1 -2 0 2 2 -2 2 3 0
0 0 1 -1 -2 -1 0 1 1 1 2 1
0 0 1 -1 -2 -1 0 1 1 2 3 0
0 0 1 -1 -2 -1 0 1 2 1 2 1
0 0 1 -1 -2 -1 0 1 2 2 3 0
0 0 1 -1 -2 -1 0 2 1 1 2 1
0 0 1 -1 -2 -1 0 2 1 2 3 0
0 0 1 -1 -2 -1 0 2 2 1 2 1
0 0 1 -1 -2 -1 0 2 2 2 3 0
0 0 1 -1 -2 -1 1 0 1 1 2 1
0 0 1 -1 -2 -1 1 0 1 2 3 0
0 0 1 -1 -2 -1 1 0 2 1 2 1
0 0 1 -1 -2 -1 1 0 2 2 3 0
0 0 1 -1 -2 -1 1 1 0 1 2 1
0 0 1 -1 -2 -1 1 1 0 2 5 8
0 0 1 -1 -2 -1 1 2 0 1 2 1
0 0 1 -1 -2 -1 1 2 0 2 5 8
0 0 1 -1 -2 -1 2 0 1 1 2 1
0 0 1 -1 -2 -1 2 0 1 2 3 0
0 0 1 -1 -2 -1 2 0 2 1 2 1
0 0 1 -1 -2 -1 2 0 2 2 3 0
0 0 1 -1 -2 -1 2 1 0 1 2 1
0 0 1 -1 -2 -1 2 1 0 2 5 8
0 0 1 -1 -2 -1 2 2 0 1 2 1
0 0 1 -1 -2 -1 2 2 0 2 5 8
0 0 1 -1 -2 1 0 -1 1 1 2 1
0 0 1 -1 -2 1 0 -1 1 2 3 0
0 0 1 -1 -2 1 0 -1 2 1 2 1
0 0 1 -1 -2 1 0 -1 2 2 3 0
0 0 1 -1 -2 1 0 1 -1 1 2 1
0 0 1 -1 -2 1 0 1 -1 2 3 0
0 0 1 -1 -2 1 0 -2 2 1 2 1
0 0 1 -1 -2 1 0 -2 2 2 3 0
0 0 1 -1 -2 1 0 2 -1 1 2 1
0 0 1 -1 -2 1 0 2 -1 2 3 0
0 0 1 -1 -2 1 0 2 -2 1 2 1
0 0 1 -1 -2 1 0 2 -2 2 3 0
0 0 1 -1 -2 1 -1 0 1 1 8 7
0 0 1 -1 -2 1 -1 0 1 2 6 7
0 0 1 -1 -2 1 -1 0 2 1 2 1
0 0 1 -1 -2 1 -1 0 2 2 6 7
0 0 1 -1 -2 1 -1 1 0 1 2 1
0 0 1 -1 -2 1 -1 1 0 2 3 0
0 0 1 -1 -2 1 -1 2 0 1 2 1
0 0 1 -1 -2 1 -1 2 0 2 4 1
0 0 1 -1 -2 1 1 0 -1 1 6 7
0 0 1 -1 -2 1 1 0 -1 2 3 0
0 0 1 -1 -2 1 1 -1 0 1 2 1
0 0 1 -1 -2 1 1 -1 0 2 7 8
0 0 1 -1 -2 1 -2 0 2 1 2 1
0 0 1 -1 -2 1 -2 0 2 2 3 0
0 0 1 -1 -2 1 -2 2 0 1 2 1
0 0 1 -1 -2 1 -2 2 0 2 3 0
0 0 1 -1 -2 1 2 0 -1 1 6 7
0 0 1 -1 -2 1 2 0 -1 2 3 0
0 0 1 -1 -2 1 2 0 -2 1 2 1
0 0 1 -1 -2 1 2 0 -2 2 3 0
0 0 1 -1 -2 1 2 -1 0 1 2 1
0 0 1 -1 -2 1 2 -1 0 2 7 8
0 0 1 -1 -2 1 2 -2 0 1 2 1
0 0 1 -1 -2 1 2 -2 0 2 3 0
0 0 1 -1 -2 -2 0 1 2 1 2 1
0 0 1 -1 -2 -2 0 1 2 2 3 0
0 0 1 -1 -2 -2 0 2 1 1 2 1
0 0 1 -1 -2 -2 0 2 1 2 3 0
0 0 1 -1 -2 -2 0 2 2 1 2 1
0 0 1 -1 -2 -2 0 2 2 2 3 0
0 0 1 -1 -2 -2 1 0 2 1 2 1
0 0 1 -1 -2 -2 1 0 2 2 3 0
0 0 1 -1 -2 -2 1 2 0 1 2 1
0 0 1 -1 -2 -2 1 2 0 2 5 8
0 0 1 -1 -2 -2 2 0 1 1 2 1
0 0 1 -1 -2 -2 2 0 1 2 3 0
0 0 1 -1 -2 -2 2 0 2 1 2 1
0 0 1 -1 -2 -2 2 0 2 2 3 0
0 0 1 -1 -2 -2 2 1 0 1 2 1
0 0 1 -1 -2 -2 2 1 0 2 5 8
0 0 1 -1 -2 -2 2 2 0 1 2 1
0 0 1 -1 -2 -2 2 2 0 2 5 8
0 0 1 -1 -2 2 0 -1 1 1 2 1
0 0 1 -1 -2 2 0 -1 1 2 3 0
0 0 1 -1 -2 2 0 -1 2 1 2 1
0 0 1 -1 -2 2 0 -1 2 2 4 1
0 0 1 -1 -2 2 0 1 -1 1 2 1
0 0 1 -1 -2 2 0 1 -1 2 3 0
0 0 1 -1 -2 2 0 1 -2 1 2 1
0 0 1 -1 -2 2 0 1 -2 2 3 0
0 0 1 -1 -2 2 0 -2 1 1 2 1
0 0 1 -1 -2 2 0 -2 1 2 3 0
0 0 1 -1 -2 2 0 -2 2 1 2 1
0 0 1 -1 -2 2 0 -2 2 2 3 0
0 0 1 -1 -2 2 0 2 -1 1 2 1
0 0 1 -1 -2 2 0 2 -1 2 3 0
0 0 1 -1 -2 2 0 2 -2 1 2 1
0 0 1 -1 -2 2 0 2 -2 2 3 0
0 0 1 -1 -2 2 -1 0 1 1 8 7
0 0 1 -1 -2 2 -1 0 1 2 6 7
0 0 1 -1 -2 2 -1 0 2 1 2 1
0 0 1 -1 -2 2 -1 0 2 2 3 0
0 0 1 -1 -2 2 -1 1 0 1 2 1
0 0 1 -1 -2 2 -1 1 0 2 3 0
0 0 1 -1 -2 2 -1 2 0 1 2 1
0 0 1 -1 -2 2 -1 2 0 2 4 1
0 0 1 -1 -2 2 1 0 -1 1 6 7
0 0 1 -1 -2 2 1 0 -1 2 3 0
0 0 1 -1 -2 2 1 0 -2 1 2 1
0 0 1 -1 -2 2 1 0 -2 2 3 0
0 0 1 -1 -2 2 1 -1 0 1 2 1
0 0 1 -1 -2 2 1 -1 0 2 7 8
0 0 1 -1 -2 2 1 -2 0 1 2 1
0 0 1 -1 -2 2 1 -2 0 2 3 0
0 0 1 -1 -2 2 -2 0 1 1 2 1
0 0 1 -1 -2 2 -2 0 1 2 3 0
0 0 1 -1 -2 2 -2 0 2 1 2 1
0 0 1 -1 -2 2 -2 0 2 2 3 0
0 0 1 -1 -2 2 -2 1 0 1 2 1
0 0 1 -1 -2 2 -2 1 0 2 3 0
0 0 1 -1 -2 2 -2 2 0 1 2 1
0 0 1 -1 -2 2 -2 2 0 2 3 0
0 0 1 -1 -2 2 2 0 -1 1 6 7
0 0 1 -1 -2 2 2 0 -1 2 3 0
0 0 1 -1 -2 2 2 0 -2 1 2 1
0 0 1 -1 -2 2 2 0 -2 2 3 0
0 0 1 -1 -2 2 2 -1 0 1 2 1
0 0 1 -1 -2 2 2 -1 0 2 7 8
0 0 1 -1 -2 2 2 -2 0 1 2 1
0 0 1 -1 -2 2 2 -2 0 2 3 0
0 0 1 -1 2 0 -1 -1 1 1 4 0
0 0 1 -1 2 0 -1 -1 1 2 3 0
0 0 1 -1 2 0 -1 1 -1 1 2 5
0 0 1 -1 2 0 -1 1 -1 2 3 0
0 0 1 -1 2 0 -1 1 -2 1 2 1
0 0 1 -1 2 0 -1 1 -2 2 3 0
0 0 1 -1 2 0 -1 -2 1 1 4 0
0 0 1 -1 2 0 -1 -2 1 2 3 0
0 0 1 -1 2 0 -1 -2 2 1 2 1
0 0 1 -1 2 0 -1 -2 2 2 3 0
0 0 1 -1 2 0 -1 2 -2 1 2 1
0 0 1 -1 2 0 -1 2 -2 2 3 0
0 0 1 -1 2 0 1 -1 -1 1 2 1
0 0 1 -1 2 0 1 -1 -1 2 8 5
0 0 1 -1 2 0 1 -1 -2 1 2 1
0 0 1 -1 2 0 1 -1 -2 2 8 5
0 0 1 -1 2 0 1 -2 -1 1 2 1
0 0 1 -1 2 0 1 -2 -1 2 8 5
0 0 1 -1 2 0 1 -2 -2 1 2 1
0 0 1 -1 2 0 1 -2 -2 2 8 5
0 0 1 -1 2 0 -2 -1 1 1 2 1
0 0 1 -1 2 0 -2 -1 1 2 3 0
0 0 1 -1 2 0 -2 -1 2 1 2 1
0 0 1 -1 2 0 -2 -1 2 2 3 0
0 0 1 -1 2 0 -2 1 -1 1 2 1
0 0 1 -1 2 0 -2 1 -1 2 8 5
0 0 1 -1 2 0 -2 1 -2 1 2 1
0 0 1 -1 2 0 -2 1 -2 2 8 5
0 0 1 -1 2 0 -2 -2 1 1 4 0
0 0 1 -1 2 0 -2 -2 1 2 3 0
0 0 1 -1 2 0 -2 -2 2 1 2 1
0 0 1 -1 2 0 -2 -2 2 2 3 0
0 0 1 -1 2 0 -2 2 -1 1 2 1
0 0 1 -1 2 0 -2 2 -1 2 3 0
0 0 1 -1 2 0 -2 2 -2 1 2 1
0 0 1 -1 2 0 -2 2 -2 2 3 0
0 0 1 -1 2 0 2 -1 -2 1 2 1
0 0 1 -1 2 0 2 -1 -2 2 8 5
0 0 1 -1 2 0 2 -2 -1 1 2 1
0 0 1 -1 2 0 2 -2 -1 2 8 5
0 0 1 -1 2 0 2 -2 -2 1 2 1
0 0 1 -1 2 0 2 -2 -2 2 8 5
0 0 1 -1 2 -1 0 -1 1 1 2 1
0 0 1 -1 2 -1 0 -1 1 2 3 0
0 0 1 -1 2 -1 0 1 -1 1 2 1
0 0 1 -1 2 -1 0 1 -1 2 3 0
0 0 1 -1 2 -1 0 1 -2 1 2 1
0 0 1 -1 2 -1 0 1 -2 2 3 0
0 0 1 -1 2 -1 0 -2 1 1 4 0
0 0 1 -1 2 -1 0 -2 1 2 3 0
0 0 1 -1 2 -1 0 -2 2 1 4 0
0 0 1 -1 2 -1 0 -2 2 2 3 0
0 0 1 -1 2 -1 0 2 -2 1 2 1
0 0 1 -1 2 -1 0 2 -2 2 3 0
0 0 1 -1 2 -1 -1 0 1 1 8 7
0 0 1 -1 2 -1 -1 0 1 2 3 0
0 0 1 -1 2 -1 -1 1 0 1 2 1
0 0 1 -1 2 -1 -1 1 0 2 3 0
0 0 1 -1 2 -1 1 0 -1 1 6 7
0 0 1 -1 2 -1 1 0 -1 2 8 7
0 0 1 -1 2 -1 1 0 -2 1 6 7
0 0 1 -1 2 -1 1 0 -2 2 8 7
0 0 1 -1 2 -1 1 -1 0 1 2 1
0 0 1 -1 2 -1 1 -1 0 2 3 0
0 0 1 -1 2 -1 1 -2 0 1 4 0
0 0 1 -1 2 -1 1 -2 0 2 3 0
0 0 1 -1 2 -1 -2 0 1 1 8 7
0 0 1 -1 2 -1 -2 0 1 2 3 0
0 0 1 -1 2 -1 -2 0 2 1 2 1
0 0 1 -1 2 -1 -2 0 2 2 3 0
0 0 1 -1 2 -1 -2 1 0 1 2 1
0 0 1 -1 2 -1 -2 1 0 2 3 0
0 0 1 -1 2 -1 -2 2 0 1 2 1
0 0 1 -1 2 -1 -2 2 0 2 3 0
0 0 1 -1 2 -1 2 0 -2 1 2 1
0 0 1 -1 2 -1 2 0 -2 2 8 7
0 0 1 -1 2 -1 2 -2 0 1 2 1
0 0 1 -1 2 -1 2 -2 0 2 3 0
0 0 1 -1 2 1 0 -1 -1 1 4 0
0 0 1 -1 2 1 0 -1 -1 2 3 0
0 0 1 -1 2 1 0 -1 -2 1 4 0
0 0 1 -1 2 1 0 -1 -2 2 3 0
0 0 1 -1 2 1 0 -2 -1 1 4 0
0 0 1 -1 2 1 0 -2 -1 2 3 0
0 0 1 -1 2 1 0 -2 -2 1 4 0
0 0 1 -1 2 1 0 -2 -2 2 3 0
0 0 1 -1 2 1 -1 0 -1 1 4 0
0 0 1 -1 2 1 -1 0 -1 2 3 0
0 0 1 -1 2 1 -1 0 -2 1 4 0
0 0 1 -1 2 1 -1 0 -2 2 3 0
0 0 1 -1 2 1 -1 -1 0 1 4 0
0 0 1 -1 2 1 -1 -1 0 2 3 0
0 0 1 -1 2 1 -1 -2 0 1 4 0
0 0 1 -1 2 1 -1 -2 0 2 3 0
0 0 1 -1 2 1 -2 0 -1 1 4 0
0 0 1 -1 2 1 -2 0 -1 2 3 0
0 0 1 -1 2 1 -2 0 -2 1 4 0
0 0 1 -1 2 1 -2 0 -2 2 3 0
0 0 1 -1 2 1 -2 -1 0 1 4 0
0 0 1 -1 2 1 -2 -1 0 2 3 0
0 0 1 -1 2 1 -2 -2 0 1 4 0
0 0 1 -1 2 1 -2 -2 0 2 3 0
0 0 1 -1 2 -2 0 -1 1 1 2 1
0 0 1 -1 2 -2 0 -1 1 2 3 0
0 0 1 -1 2 -2 0 -1 2 1 2 1
0 0 1 -1 2 -2 0 -1 2 2 3 0
0 0 1 -1 2 -2 0 1 -1 1 2 1
0 0 1 -1 2 -2 0 1 -1 2 3 0
0 0 1 -1 2 -2 0 1 -2 1 2 1
0 0 1 -1 2 -2 0 1 -2 2 3 0
0 0 1 -1 2 -2 0 -2 1 1 4 0
0 0 1 -1 2 -2 0 -2 1 2 3 0
0 0 1 -1 2 -2 0 -2 2 1 4 0
0 0 1 -1 2 -2 0 -2 2 2 3 0
0 0 1 -1 2 -2 0 2 -1 1 2 1
0 0 1 -1 2 -2 0 2 -1 2 3 0
0 0 1 -1 2 -2 0 2 -2 1 2 1
0 0 1 -1 2 -2 0 2 -2 2 3 0
0 0 1 -1 2 -2 -1 0 1 1 8 7
0 0 1 -1 2 -2 -1 0 1 2 6 7
0 0 1 -1 2 -2 -1 0 2 1 2 1
0 0 1 -1 2 -2 -1 0 2 2 3 0
0 0 1 -1 2 -2 -1 1 0 1 2 1
0 0 1 -1 2 -2 -1 1 0 2 3 0
0 0 1 -1 2 -2 -1 2 0 1 2 1
0 0 1 -1 2 -2 -1 2 0 2 3 0
0 0 1 -1 2 -2 1 0 -1 1 6 7
0 0 1 -1 2 -2 1 0 -1 2 8 7
0 0 1 -1 2 -2 1 0 -2 1 6 7
0 0 1 -1 2 -2 1 0 -2 2 8 7
0 0 1 -1 2 -2 1 -1 0 1 2 1
0 0 1 -1 2 -2 1 -1 0 2 3 0
0 0 1 -1 2 -2 1 -2 0 1 4 0
0 0 1 -1 2 -2 1 -2 0 2 3 0
0 0 1 -1 2 -2 -2 0 1 1 8 7
0 0 1 -1 2 -2 -2 0 1 2 6 7
0 0 1 -1 2 -2 -2 0 2 1 2 1
0 0 1 -1 2 -2 -2 0 2 2 3 0
0 0 1 -1 2 -2 -2 1 0 1 2 1
0 0 1 -1 2 -2 -2 1 0 2 3 0
0 0 1 -1 2 -2 -2 2 0 1 2 1
0 0 1 -1 2 -2 -2 2 0 2 3 0
0 0 1 -1 2 -2 2 0 -1 1 2 1
0 0 1 -1 2 -2 2 0 -1 2 8 7
0 0 1 -1 2 -2 2 0 -2 1 2 1
0 0 1 -1 2 -2 2 0 -2 2 8 7
0 0 1 -1 2 -2 2 -1 0 1 2 1
0 0 1 -1 2 -2 2 -1 0 2 3 0
0 0 1 -1 2 -2 2 -2 0 1 2 1
0 0 1 -1 2 -2 2 -2 0 2 3 0
0 0 1 -1 2 2 0 -1 -2 1 4 0
0 0 1 -1 2 2 0 -1 -2 2 3 0
0 0 1 -1 2 2 0 -2 -1 1 4 0
0 0 1 -1 2 2 0 -2 -1 2 3 0
0 0 1 -1 2 2 0 -2 -2 1 4 0
0 0 1 -1 2 2 0 -2 -2 2 3 0
0 0 1 -1 2 2 -1 0 -2 1 4 0
0 0 1 -1 2 2 -1 0 -2 2 3 0
0 0 1 -1 2 2 -1 -2 0 1 4 0
0 0 1 -1 2 2 -1 -2 0 2 3 0
0 0 1 -1 2 2 -2 0 -1 1 4 0
0 0 1 -1 2 2 -2 0 -1 2 3 0
0 0 1 -1 2 2 -2 0 -2 1 4 0
0 0 1 -1 2 2 -2 0 -2 2 3 0
0 0 1 -1 2 2 -2 -1 0 1 4 0
0 0 1 -1 2 2 -2 -1 0 2 3 0
0 0 1 -1 2 2 -2 -2 0 1 4 0
0 0 1 -1 2 2 -2 -2 0 2 3 0
0 0 1 1 0 -1 -1 -1 2 1 2 4
0 0 1 1 0 -1 -1 -1 2 2 6 4
0 0 1 1 0 -1 -1 1 -2 1 2 1
0 0 1 1 0 -1 -1 1 -2 2 5 4
0 0 1 1 0 -1 -1 -2 1 1 2 4
0 0 1 1 0 -1 -1 -2 1 2 5 4
0 0 1 1 0 -1 -1 -2 2 1 2 4
0 0 1 1 0 -1 -1 -2 2 2 6 4
0 0 1 1 0 -1 -1 2 -1 1 3 4
0 0 1 1 0 -1 -1 2 -1 2 8 4
0 0 1 1 0 -1 -1 2 -2 1 3 4
0 0 1 1 0 -1 -1 2 -2 2 8 4
0 0 1 1 0 -1 1 -1 -2 1 3 4
0 0 1 1 0 -1 1 -1 -2 2 5 4
0 0 1 1 0 -1 1 -2 -1 1 3 4
0 0 1 1 0 -1 1 -2 -1 2 5 4
0 0 1 1 0 -1 -2 -1 1 1 2 1
0 0 1 1 0 -1 -2 -1 1 2 5 4
0 0 1 1 0 -1 -2 -1 2 1 2 4
0 0 1 1 0 -1 -2 -1 2 2 6 4
0 0 1 1 0 -1 -2 1 -1 1 3 4
0 0 1 1 0 -1 -2 1 -1 2 5 4
0 0 1 1 0 -1 -2 -2 2 1 2 4
0 0 1 1 0 -1 -2 -2 2 2 6 4
0 0 1 1 0 -1 -2 2 -1 1 3 4
0 0 1 1 0 -1 -2 2 -1 2 5 4
0 0 1 1 0 -1 -2 2 -2 1 3 4
0 0 1 1 0 -1 -2 2 -2 2 5 4
0 0 1 1 0 -1 2 -1 -1 1 3 4
0 0 1 1 0 -1 2 -1 -1 2 7 4
0 0 1 1 0 -1 2 -1 -2 1 3 4
0 0 1 1 0 -1 2 -1 -2 2 5 4
0 0 1 1 0 -1 2 -2 -1 1 3 4
0 0 1 1 0 -1 2 -2 -1 2 5 4
0 0 1 1 0 -1 2 -2 -2 1 3 4
0 0 1 1 0 -1 2 -2 -2 2 5 4
0 0 1 1 0 1 -1 -1 -2 1 2 4
0 0 1 1 0 1 -1 -1 -2 2 6 4
0 0 1 1 0 1 -1 -2 -1 1 2 4
0 0 1 1 0 1 -1 -2 -1 2 6 4
0 0 1 1 0 1 -2 -1 -1 1 2 4
0 0 1 1 0 1 -2 -1 -1 2 6 4
0 0 1 1 0 -2 -1 -1 1 1 2 1
0 0 1 1 0 -2 -1 -1 1 2 5 4
0 0 1 1 0 -2 -1 -1 2 1 2 4
0 0 1 1 0 -2 -1 -1 2 2 6 4
0 0 1 1 0 -2 -1 1 -1 1 3 4
0 0 1 1 0 -2 -1 1 -1 2 5 4
0 0 1 1 0 -2 -1 -2 2 1 2 4
0 0 1 1 0 -2 -1 -2 2 2 6 4
0 0 1 1 0 -2 -1 2 -1 1 3 4
0 0 1 1 0 -2 -1 2 -1 2 8 4
0 0 1 1 0 -2 -1 2 -2 1 3 4
0 0 1 1 0 -2 -1 2 -2 2 8 4
0 0 1 1 0 -2 1 -1 -1 1 3 4
0 0 1 1 0 -2 1 -1 -1 2 7 4
0 0 1 1 0 -2 -2 -1 2 1 2 4
0 0 1 1 0 -2 -2 -1 2 2 6 4
0 0 1 1 0 -2 -2 2 -1 1 3 4
0 0 1 1 0 -2 -2 2 -1 2 5 4
0 0 1 1 0 -2 2 -1 -1 1 3 4
0 0 1 1 0 -2 2 -1 -1 2 7 4
0 0 1 1 0 -2 2 -1 -2 1 3 4
0 0 1 1 0 -2 2 -1 -2 2 5 4
0 0 1 1 0 -2 2 -2 -1 1 3 4
0 0 1 1 0 -2 2 -2 -1 2 5 4
0 0 1 1 0 2 -1 -1 -1 1 2 4
0 0 1 1 0 2 -1 -1 -1 2 7 4
0 0 1 1 0 2 -1 -1 -2 1 2 4
0 0 1 1 0 2 -1 -1 -2 2 7 4
0 0 1 1 0 2 -1 -2 -1 1 2 4
0 0 1 1 0 2 -1 -2 -1 2 7 4
0 0 1 1 0 2 -1 -2 -2 1 2 4
0 0 1 1 0 2 -1 -2 -2 2 7 4
0 0 1 1 0 2 -2 -1 -1 1 2 4
0 0 1 1 0 2 -2 -1 -1 2 7 4
0 0 1 1 0 2 -2 -1 -2 1 2 4
0 0 1 1 0 2 -2 -1 -2 2 7 4
0 0 1 1 0 2 -2 -2 -1 1 2 4
0 0 1 1 0 2 -2 -2 -1 2 7 4
0 0 1 1 -1 0 -1 -1 2 1 2 1
0 0 1 1 -1 0 -1 -1 2 2 4 1
0 0 1 1 -1 0 -1 1 -2 1 2 1
0 0 1 1 -1 0 -1 1 -2 2 4 0
0 0 1 1 -1 0 -1 -2 2 1 2 1
0 0 1 1 -1 0 -1 -2 2 2 4 1
0 0 1 1 -1 0 -1 2 -2 1 2 1
0 0 1 1 -1 0 -1 2 -2 2 4 0
0 0 1 1 -1 0 1 -1 -2 1 2 5
0 0 1 1 -1 0 1 -1 -2 2 4 1
0 0 1 1 -1 0 -2 -1 2 1 2 1
0 0 1 1 -1 0 -2 -1 2 2 4 1
0 0 1 1 -1 0 -2 -2 2 1 2 1
0 0 1 1 -1 0 -2 -2 2 2 4 1
0 0 1 1 -1 0 -2 2 -2 1 2 1
0 0 1 1 -1 0 -2 2 -2 2 4 0
0 0 1 1 -1 0 2 -1 -2 1 2 5
0 0 1 1 -1 0 2 -1 -2 2 4 0
0 0 1 1 -1 0 2 -2 -2 1 2 5
0 0 1 1 -1 0 2 -2 -2 2 4 1
0 0 1 1 -1 -1 0 -2 1 1 3 0
0 0 1 1 -1 -1 0 -2 1 2 4 0
0 0 1 1 -1 -1 0 -2 2 1 3 0
0 0 1 1 -1 -1 0 -2 2 2 4 0
0 0 1 1 -1 -1 0 2 -1 1 2 1
0 0 1 1 -1 -1 0 2 -1 2 4 0
0 0 1 1 -1 -1 0 2 -2 1 3 0
0 0 1 1 -1 -1 0 2 -2 2 4 0
0 0 1 1 -1 -1 -1 0 2 1 2 1
0 0 1 1 -1 -1 -1 0 2 2 4 0
0 0 1 1 -1 -1 -1 2 0 1 2 1
0 0 1 1 -1 -1 -1 2 0 2 4 0
0 0 1 1 -1 -1 1 0 -2 1 3 0
0 0 1 1 -1 -1 1 0 -2 2 4 0
0 0 1 1 -1 -1 1 -2 0 1 3 0
0 0 1 1 -1 -1 1 -2 0 2 4 0
0 0 1 1 -1 -1 -2 0 1 1 2 1
0 0 1 1 -1 -1 -2 0 1 2 4 0
0 0 1 1 -1 -1 -2 0 2 1 2 1
0 0 1 1 -1 -1 -2 0 2 2 4 0
0 0 1 1 -1 -1 -2 2 0 1 2 1
0 0 1 1 -1 -1 -2 2 0 2 4 0
0 0 1 1 -1 -1 2 0 -1 1 2 1
0 0 1 1 -1 -1 2 0 -1 2 4 0
0 0 1 1 -1 -1 2 0 -2 1 3 0
0 0 1 1 -1 -1 2 0 -2 2 4 0
0 0 1 1 -1 -1 2 -2 0 1 3 0
0 0 1 1 -1 -1 2 -2 0 2 4 0
0 0 1 1 -1 1 0 -2 -1 1 2 1
0 0 1 1 -1 1 0 -2 -1 2 4 0
0 0 1 1 -1 1 -1 0 -2 1 2 1
0 0 1 1 -1 1 -1 0 -2 2 4 0
0 0 1 1 -1 1 -1 -2 0 1 3 0
0 0 1 1 -1 1 -1 -2 0 2 4 0
0 0 1 1 -1 1 -2 0 -1 1 2 1
0 0 1 1 -1 1 -2 0 -1 2 4 0
0 0 1 1 -1 -2 0 -2 2 1 3 0
0 0 1 1 -1 -2 0 -2 2 2 4 0
0 0 1 1 -1 -2 0 2 -1 1 2 1
0 0 1 1 -1 -2 0 2 -1 2 4 0
0 0 1 1 -1 -2 0 2 -2 1 3 0
0 0 1 1 -1 -2 0 2 -2 2 4 0
0 0 1 1 -1 -2 -1 0 2 1 2 1
0 0 1 1 -1 -2 -1 0 2 2 4 0
0 0 1 1 -1 -2 -1 1 0 1 2 1
0 0 1 1 -1 -2 -1 1 0 2 4 0
0 0 1 1 -1 -2 -1 2 0 1 2 1
0 0 1 1 -1 -2 -1 2 0 2 4 0
0 0 1 1 -1 -2 1 -1 0 1 3 0
0 0 1 1 -1 -2 1 -1 0 2 4 0
0 0 1 1 -1 -2 -2 0 2 1 2 1
0 0 1 1 -1 -2 -2 0 2 2 4 0
0 0 1 1 -1 -2 -2 2 0 1 2 1
0 0 1 1 -1 -2 -2 2 0 2 4 0
0 0 1 1 -1 -2 2 0 -1 1 2 1
0 0 1 1 -1 -2 2 0 -1 2 4 0
0 0 1 1 -1 -2 2 0 -2 1 3 0
0 0 1 1 -1 -2 2 0 -2 2 4 0
0 0 1 1 -1 -2 2 -1 0 1 3 0
0 0 1 1 -1 -2 2 -1 0 2 4 0
0 0 1 1 -1 -2 2 -2 0 1 3 0
0 0 1 1 -1 -2 2 -2 0 2 4 0
0 0 1 1 -1 2 0 -2 -1 1 2 1
0 0 1 1 -1 2 0 -2 -1 2 4 0
0 0 1 1 -1 2 0 -2 -2 1 2 1
0 0 1 1 -1 2 0 -2 -2 2 4 0
0 0 1 1 -1 2 -1 0 -2 1 2 1
0 0 1 1 -1 2 -1 0 -2 2 4 0
0 0 1 1 -1 2 -1 -1 0 1 2 1
0 0 1 1 -1 2 -1 -1 0 2 4 0
0 0 1 1 -1 2 -1 -2 0 1 3 0
0 0 1 1 -1 2 -1 -2 0 2 4 0
0 0 1 1 -1 2 -2 0 -1 1 2 1
0 0 1 1 -1 2 -2 0 -1 2 4 0
0 0 1 1 -1 2 -2 0 -2 1 2 1
0 0 1 1 -1 2 -2 0 -2 2 4 0
0 0 1 1 -1 2 -2 -1 0 1 2 1
0 0 1 1 -1 2 -2 -1 0 2 4 0
0 0 1 1 -1 2 -2 -2 0 1 3 0
0 0 1 1 -1 2 -2 -2 0 2 4 0
0 0 1 1 1 0 -1 -1 -2 1 2 5
0 0 1 1 1 0 -1 -1 -2 2 8 5
0 0 1 1 1 -1 0 -2 -1 1 3 0
0 0 1 1 1 -1 0 -2 -1 2 7 6
0 0 1 1 1 -1 -1 0 -2 1 3 0
0 0 1 1 1 -1 -1 0 -2 2 6 7
0 0 1 1 1 -1 -1 -2 0 1 4 0
0 0 1 1 1 -1 -1 -2 0 2 7 8
0 0 1 1 1 -1 -2 0 -1 1 3 0
0 0 1 1 1 -1 -2 0 -1 2 6 7
0 0 1 1 1 -2 -1 -1 0 1 4 0
0 0 1 1 1 -2 -1 -1 0 2 7 8
0 0 1 1 -2 0 -1 -1 1 1 2 1
0 0 1 1 -2 0 -1 -1 1 2 4 1
0 0 1 1 -2 0 -1 -1 2 1 2 1
0 0 1 1 -2 0 -1 -1 2 2 4 1
0 0 1 1 -2 0 -1 1 -1 1 2 1
0 0 1 1 -2 0 -1 1 -1 2 4 0
0 0 1 1 -2 0 -1 -2 2 1 2 1
0 0 1 1 -2 0 -1 -2 2 2 4 1
0 0 1 1 -2 0 -1 2 -1 1 2 1
0 0 1 1 -2 0 -1 2 -1 2 4 1
0 0 1 1 -2 0 -1 2 -2 1 2 1
0 0 1 1 -2 0 -1 2 -2 2 4 0
0 0 1 1 -2 0 1 -1 -1 1 2 5
0 0 1 1 -2 0 1 -1 -1 2 4 1
0 0 1 1 -2 0 -2 -1 2 1 2 1
0 0 1 1 -2 0 -2 -1 2 2 4 1
0 0 1 1 -2 0 -2 2 -1 1 2 1
0 0 1 1 -2 0 -2 2 -1 2 4 0
0 0 1 1 -2 0 2 -1 -1 1 2 5
0 0 1 1 -2 0 2 -1 -1 2 4 0
0 0 1 1 -2 0 2 -1 -2 1 2 5
0 0 1 1 -2 0 2 -1 -2 2 4 0
0 0 1 1 -2 0 2 -2 -1 1 2 5
0 0 1 1 -2 0 2 -2 -1 2 4 1
0 0 1 1 -2 -1 0 -1 1 1 3 0
0 0 1 1 -2 -1 0 -1 1 2 4 0
0 0 1 1 -2 -1 0 -1 2 1 3 0
0 0 1 1 -2 -1 0 -1 2 2 4 0
0 0 1 1 -2 -1 0 1 -1 1 2 1
0 0 1 1 -2 -1 0 1 -1 2 4 0
0 0 1 1 -2 -1 0 -2 2 1 3 0
0 0 1 1 -2 -1 0 -2 2 2 4 0
0 0 1 1 -2 -1 0 2 -1 1 2 1
0 0 1 1 -2 -1 0 2 -1 2 4 0
0 0 1 1 -2 -1 0 2 -2 1 3 0
0 0 1 1 -2 -1 0 2 -2 2 4 0
0 0 1 1 -2 -1 -1 0 1 1 3 0
0 0 1 1 -2 -1 -1 0 1 2 4 0
0 0 1 1 -2 -1 -1 0 2 1 3 0
0 0 1 1 -2 -1 -1 0 2 2 4 0
0 0 1 1 -2 -1 -1 1 0 1 2 1
0 0 1 1 -2 -1 -1 1 0 2 4 0
0 0 1 1 -2 -1 -1 2 0 1 2 1
0 0 1 1 -2 -1 -1 2 0 2 4 0
0 0 1 1 -2 -1 1 0 -1 1 6 7
0 0 1 1 -2 -1 1 0 -1 2 4 0
0 0 1 1 -2 -1 1 -1 0 1 3 0
0 0 1 1 -2 -1 1 -1 0 2 4 0
0 0 1 1 -2 -1 -2 0 2 1 3 0
0 0 1 1 -2 -1 -2 0 2 2 4 0
0 0 1 1 -2 -1 -2 2 0 1 3 0
0 0 1 1 -2 -1 -2 2 0 2 4 0
0 0 1 1 -2 -1 2 0 -1 1 6 7
0 0 1 1 -2 -1 2 0 -1 2 4 0
0 0 1 1 -2 -1 2 0 -2 1 3 0
0 0 1 1 -2 -1 2 0 -2 2 4 0
0 0 1 1 -2 -1 2 -1 0 1 3 0
0 0 1 1 -2 -1 2 -1 0 2 4 0
0 0 1 1 -2 -1 2 -2 0 1 3 0
0 0 1 1 -2 -1 2 -2 0 2 4 0
0 0 1 1 -2 1 0 -1 -1 1 2 1
0 0 1 1 -2 1 0 -1 -1 2 4 0
0 0 1 1 -2 1 -1 0 -1 1 2 1
0 0 1 1 -2 1 -1 0 -1 2 4 0
0 0 1 1 -2 1 -1 -1 0 1 2 1
0 0 1 1 -2 1 -1 -1 0 2 4 0
0 0 1 1 -2 -2 0 -1 2 1 3 0
0 0 1 1 -2 -2 0 -1 2 2 4 0
0 0 1 1 -2 -2 0 2 -1 1 2 1
0 0 1 1 -2 -2 0 2 -1 2 4 0
0 0 1 1 -2 -2 -1 0 2 1 3 0
0 0 1 1 -2 -2 -1 0 2 2 4 0
0 0 1 1 -2 -2 -1 2 0 1 2 1
0 0 1 1 -2 -2 -1 2 0 2 4 0
0 0 1 1 -2 -2 2 0 -1 1 6 7
0 0 1 1 -2 -2 2 0 -1 2 4 0
0 0 1 1 -2 -2 2 -1 0 1 3 0
0 0 1 1 -2 -2 2 -1 0 2 4 0
0 0 1 1 -2 2 0 -1 -1 1 2 1
0 0 1 1 -2 2 0 -1 -1 2 4 0
0 0 1 1 -2 2 0 -1 -2 1 2 1
0 0 1 1 -2 2 0 -1 -2 2 4 0
0 0 1 1 -2 2 0 -2 -1 1 2 1
0 0 1 1 -2 2 0 -2 -1 2 4 0
0 0 1 1 -2 2 -1 0 -1 1 2 1
0 0 1 1 -2 2 -1 0 -1 2 4 0
0 0 1 1 -2 2 -1 0 -2 1 2 1
0 0 1 1 -2 2 -1 0 -2 2 4 0
0 0 1 1 -2 2 -1 -1 0 1 2 1
0 0 1 1 -2 2 -1 -1 0 2 4 0
0 0 1 1 -2 2 -1 -2 0 1 3 0
0 0 1 1 -2 2 -1 -2 0 2 4 0
0 0 1 1 -2 2 -2 0 -1 1 2 1
0 0 1 1 -2 2 -2 0 -1 2 4 0
0 0 1 1 -2 2 -2 -1 0 1 2 1
0 0 1 1 -2 2 -2 -1 0 2 4 0
0 0 1 1 2 0 -1 -1 -1 1 2 5
0 0 1 1 2 0 -1 -1 -1 2 8 5
0 0 1 1 2 0 -1 -1 -2 1 2 5
0 0 1 1 2 0 -1 -1 -2 2 8 5
0 0 1 1 2 0 -1 -2 -1 1 2 5
0 0 1 1 2 0 -1 -2 -1 2 8 5
0 0 1 1 2 0 -1 -2 -2 1 2 5
0 0 1 1 2 0 -1 -2 -2 2 8 5
0 0 1 1 2 0 -2 -1 -1 1 2 5
0 0 1 1 2 0 -2 -1 -1 2 8 5
0 0 1 1 2 0 -2 -1 -2 1 2 5
0 0 1 1 2 0 -2 -1 -2 2 8 5
0 0 1 1 2 0 -2 -2 -1 1 2 5
0 0 1 1 2 0 -2 -2 -1 2 8 5
0 0 1 1 2 -1 0 -1 -1 1 3 0
0 0 1 1 2 -1 0 -1 -1 2 7 6
0 0 1 1 2 -1 0 -1 -2 1 3 0
0 0 1 1 2 -1 0 -1 -2 2 7 6
0 0 1 1 2 -1 0 -2 -1 1 3 0
0 0 1 1 2 -1 0 -2 -1 2 7 6
0 0 1 1 2 -1 0 -2 -2 1 3 0
0 0 1 1 2 -1 0 -2 -2 2 7 6
0 0 1 1 2 -1 -1 0 -1 1 3 0
0 0 1 1 2 -1 -1 0 -1 2 8 7
0 0 1 1 2 -1 -1 0 -2 1 3 0
0 0 1 1 2 -1 -1 0 -2 2 8 7
0 0 1 1 2 -1 -1 -1 0 1 4 0
0 0 1 1 2 -1 -1 -1 0 2 7 8
0 0 1 1 2 -1 -1 -2 0 1 4 0
0 0 1 1 2 -1 -1 -2 0 2 7 8
0 0 1 1 2 -1 -2 0 -1 1 3 0
0 0 1 1 2 -1 -2 0 -1 2 8 7
0 0 1 1 2 -1 -2 0 -2 1 3 0
0 0 1 1 2 -1 -2 0 -2 2 8 7
0 0 1 1 2 -1 -2 -1 0 1 4 1
0 0 1 1 2 -1 -2 -1 0 2 7 8
0 0 1 1 2 -1 -2 -2 0 1 4 1
0 0 1 1 2 -1 -2 -2 0 2 7 8
0 0 1 1 2 -2 0 -1 -1 1 3 0
0 0 1 1 2 -2 0 -1 -1 2 7 6
0 0 1 1 2 -2 0 -1 -2 1 3 0
0 0 1 1 2 -2 0 -1 -2 2 7 6
0 0 1 1 2 -2 0 -2 -1 1 3 0
0 0 1 1 2 -2 0 -2 -1 2 7 6
0 0 1 1 2 -2 -1 0 -1 1 3 0
0 0 1 1 2 -2 -1 0 -1 2 8 7
0 0 1 1 2 -2 -1 0 -2 1 3 0
0 0 1 1 2 -2 -1 0 -2 2 8 7
0 0 1 1 2 -2 -1 -1 0 1 4 0
0 0 1 1 2 -2 -1 -1 0 2 7 8
0 0 1 1 2 -2 -1 -2 0 1 4 0
0 0 1 1 2 -2 -1 -2 0 2 7 8
0 0 1 1 2 -2 -2 0 -1 1 3 0
0 0 1 1 2 -2 -2 0 -1 2 8 7
0 0 1 1 2 -2 -2 -1 0 1 4 1
0 0 1 1 2 -2 -2 -1 0 2 7 8
0 0 1 -2 0 -1 -1 1 1 1 2 1
0 0 1 -2 0 -1 -1 1 1 2 3 4
0 0 1 -2 0 -1 -1 1 2 1 2 1
0 0 1 -2 0 -1 -1 1 2 2 3 0
0 0 1 -2 0 -1 -1 2 1 1 8 4
0 0 1 -2 0 -1 -1 2 1 2 3 0
0 0 1 -2 0 -1 -1 2 2 1 8 4
0 0 1 -2 0 -1 -1 2 2 2 3 0
0 0 1 -2 0 -1 1 -1 1 1 2 1
0 0 1 -2 0 -1 1 -1 1 2 5 4
0 0 1 -2 0 -1 1 -1 2 1 2 1
0 0 1 -2 0 -1 1 -1 2 2 3 0
0 0 1 -2 0 -1 1 1 -1 1 6 4
0 0 1 -2 0 -1 1 1 -1 2 3 0
0 0 1 -2 0 -1 1 -2 2 1 2 1
0 0 1 -2 0 -1 1 -2 2 2 3 4
0 0 1 -2 0 -1 1 2 -1 1 6 4
0 0 1 -2 0 -1 1 2 -1 2 5 4
0 0 1 -2 0 -1 1 2 -2 1 6 4
0 0 1 -2 0 -1 1 2 -2 2 5 4
0 0 1 -2 0 -1 -2 1 2 1 7 4
0 0 1 -2 0 -1 -2 1 2 2 3 4
0 0 1 -2 0 -1 -2 2 1 1 8 4
0 0 1 -2 0 -1 -2 2 1 2 3 4
0 0 1 -2 0 -1 -2 2 2 1 8 4
0 0 1 -2 0 -1 -2 2 2 2 3 4
0 0 1 -2 0 -1 2 -1 1 1 2 1
0 0 1 -2 0 -1 2 -1 1 2 5 4
0 0 1 -2 0 -1 2 -1 2 1 2 1
0 0 1 -2 0 -1 2 -1 2 2 3 0
0 0 1 -2 0 -1 2 1 -1 1 6 4
0 0 1 -2 0 -1 2 1 -1 2 3 0
0 0 1 -2 0 -1 2 1 -2 1 2 1
0 0 1 -2 0 -1 2 1 -2 2 5 4
0 0 1 -2 0 -1 2 -2 1 1 2 1
0 0 1 -2 0 -1 2 -2 1 2 3 0
0 0 1 -2 0 -1 2 -2 2 1 2 1
0 0 1 -2 0 -1 2 -2 2 2 3 0
0 0 1 -2 0 -1 2 2 -1 1 6 4
0 0 1 -2 0 -1 2 2 -1 2 5 4
0 0 1 -2 0 -1 2 2 -2 1 6 4
0 0 1 -2 0 -1 2 2 -2 2 5 4
0 0 1 -2 0 1 -1 -1 1 1 2 4
0 0 1 -2 0 1 -1 -1 1 2 3 0
0 0 1 -2 0 1 -1 -1 2 1 2 4
0 0 1 -2 0 1 -1 -1 2 2 3 0
0 0 1 -2 0 1 -1 1 -1 1 2 1
0 0 1 -2 0 1 -1 1 -1 2 3 0
0 0 1 -2 0 1 -1 -2 2 1 2 4
0 0 1 -2 0 1 -1 -2 2 2 3 0
0 0 1 -2 0 1 -1 2 -1 1 5 4
0 0 1 -2 0 1 -1 2 -1 2 3 4
0 0 1 -2 0 1 -1 2 -2 1 5 4
0 0 1 -2 0 1 -1 2 -2 2 6 4
0 0 1 -2 0 1 1 -1 -1 1 2 4
0 0 1 -2 0 1 1 -1 -1 2 3 0
0 0 1 -2 0 1 -2 -1 2 1 2 4
0 0 1 -2 0 1 -2 -1 2 2 3 0
0 0 1 -2 0 1 -2 2 -1 1 5 4
0 0 1 -2 0 1 -2 2 -1 2 8 4
0 0 1 -2 0 1 2 -1 -1 1 2 4
0 0 1 -2 0 1 2 -1 -1 2 7 4
0 0 1 -2 0 1 2 -1 -2 1 2 4
0 0 1 -2 0 1 2 -1 -2 2 7 4
0 0 1 -2 0 1 2 -2 -1 1 2 4
0 0 1 -2 0 1 2 -2 -1 2 7 4
0 0 1 -2 0 -2 -1 1 2 1 2 1
0 0 1 -2 0 -2 -1 1 2 2 3 0
0 0 1 -2 0 -2 -1 2 1 1 8 4
0 0 1 -2 0 -2 -1 2 1 2 3 0
0 0 1 -2 0 -2 -1 2 2 1 8 4
0 0 1 -2 0 -2 -1 2 2 2 3 0
0 0 1 -2 0 -2 1 -1 2 1 2 1
0 0 1 -2 0 -2 1 -1 2 2 3 0
0 0 1 -2 0 -2 1 2 -1 1 6 4
0 0 1 -2 0 -2 1 2 -1 2 5 4
0 0 1 -2 0 -2 -2 2 2 1 8 4
0 0 1 -2 0 -2 -2 2 2 2 3 4
0 0 1 -2 0 -2 2 -1 1 1 2 1
0 0 1 -2 0 -2 2 -1 1 2 5 4
0 0 1 -2 0 -2 2 -1 2 1 2 1
0 0 1 -2 0 -2 2 -1 2 2 3 0
0 0 1 -2 0 -2 2 1 -1 1 6 4
0 0 1 -2 0 -2 2 1 -1 2 3 0
0 0 1 -2 0 -2 2 -2 2 1 2 1
0 0 1 -2 0 -2 2 -2 2 2 3 0
0 0 1 -2 0 -2 2 2 -1 1 6 4
0 0 1 -2 0 -2 2 2 -1 2 5 4
0 0 1 -2 0 -2 2 2 -2 1 6 4
0 0 1 -2 0 -2 2 2 -2 2 5 4
0 0 1 -2 0 2 -1 -1 1 1 2 4
0 0 1 -2 0 2 -1 -1 1 2 3 0
0 0 1 -2 0 2 -1 -1 2 1 2 1
0 0 1 -2 0 2 -1 -1 2 2 6 4
0 0 1 -2 0 2 -1 1 -1 1 2 1
0 0 1 -2 0 2 -1 1 -1 2 3 0
0 0 1 -2 0 2 -1 1 -2 1 2 1
0 0 1 -2 0 2 -1 1 -2 2 6 4
0 0 1 -2 0 2 -1 -2 1 1 5 4
0 0 1 -2 0 2 -1 -2 1 2 3 0
0 0 1 -2 0 2 -1 -2 2 1 2 1
0 0 1 -2 0 2 -1 -2 2 2 6 4
0 0 1 -2 0 2 -1 2 -1 1 5 4
0 0 1 -2 0 2 -1 2 -1 2 6 4
0 0 1 -2 0 2 -1 2 -2 1 5 4
0 0 1 -2 0 2 -1 2 -2 2 6 4
0 0 1 -2 0 2 1 -1 -1 1 2 4
0 0 1 -2 0 2 1 -1 -1 2 3 0
0 0 1 -2 0 2 1 -1 -2 1 2 1
0 0 1 -2 0 2 1 -1 -2 2 7 4
0 0 1 -2 0 2 1 -2 -1 1 2 1
0 0 1 -2 0 2 1 -2 -1 2 3 0
0 0 1 -2 0 2 -2 -1 1 1 2 4
0 0 1 -2 0 2 -2 -1 1 2 3 0
0 0 1 -2 0 2 -2 -1 2 1 2 1
0 0 1 -2 0 2 -2 -1 2 2 7 4
0 0 1 -2 0 2 -2 1 -1 1 2 1
0 0 1 -2 0 2 -2 1 -1 2 8 4
0 0 1 -2 0 2 -2 -2 2 1 2 1
0 0 1 -2 0 2 -2 -2 2 2 7 4
0 0 1 -2 0 2 -2 2 -1 1 5 4
0 0 1 -2 0 2 -2 2 -1 2 8 4
0 0 1 -2 0 2 -2 2 -2 1 5 4
0 0 1 -2 0 2 -2 2 -2 2 6 4
0 0 1 -2 0 2 2 -1 -1 1 2 4
0 0 1 -2 0 2 2 -1 -1 2 7 4
0 0 1 -2 0 2 2 -1 -2 1 2 4
0 0 1 -2 0 2 2 -1 -2 2 7 4
0 0 1 -2 0 2 2 -2 -1 1 2 4
0 0 1 -2 0 2 2 -2 -1 2 7 4
0 0 1 -2 0 2 2 -2 -2 1 2 4
0 0 1 -2 0 2 2 -2 -2 2 7 4
0 0 1 -2 -1 0 -1 1 1 1 2 1
0 0 1 -2 -1 0 -1 1 1 2 3 0
0 0 1 -2 -1 0 -1 1 2 1 2 1
0 0 1 -2 -1 0 -1 1 2 2 3 0
0 0 1 -2 -1 0 -1 2 1 1 2 1
0 0 1 -2 -1 0 -1 2 1 2 4 1
0 0 1 -2 -1 0 -1 2 2 1 2 1
0 0 1 -2 -1 0 -1 2 2 2 4 1
0 0 1 -2 -1 0 1 -1 1 1 2 1
0 0 1 -2 -1 0 1 -1 1 2 3 0
0 0 1 -2 -1 0 1 -1 2 1 2 1
0 0 1 -2 -1 0 1 -1 2 2 3 0
0 0 1 -2 -1 0 1 1 -1 1 2 1
0 0 1 -2 -1 0 1 1 -1 2 3 0
0 0 1 -2 -1 0 1 -2 2 1 2 1
0 0 1 -2 -1 0 1 -2 2 2 3 0
0 0 1 -2 -1 0 1 2 -1 1 2 1
0 0 1 -2 -1 0 1 2 -1 2 3 0
0 0 1 -2 -1 0 1 2 -2 1 2 1
0 0 1 -2 -1 0 1 2 -2 2 3 0
0 0 1 -2 -1 0 -2 1 2 1 2 1
0 0 1 -2 -1 0 -2 1 2 2 3 0
0 0 1 -2 -1 0 -2 2 1 1 2 1
0 0 1 -2 -1 0 -2 2 1 2 3 0
0 0 1 -2 -1 0 -2 2 2 1 2 1
0 0 1 -2 -1 0 -2 2 2 2 3 0
0 0 1 -2 -1 0 2 -1 1 1 2 1
0 0 1 -2 -1 0 2 -1 1 2 3 0
0 0 1 -2 -1 0 2 -1 2 1 2 1
0 0 1 -2 -1 0 2 -1 2 2 3 0
0 0 1 -2 -1 0 2 1 -1 1 2 1
0 0 1 -2 -1 0 2 1 -1 2 3 0
0 0 1 -2 -1 0 2 1 -2 1 2 1
0 0 1 -2 -1 0 2 1 -2 2 3 0
0 0 1 -2 -1 0 2 -2 1 1 2 1
0 0 1 -2 -1 0 2 -2 1 2 3 0
0 0 1 -2 -1 0 2 -2 2 1 2 1
0 0 1 -2 -1 0 2 -2 2 2 3 0
0 0 1 -2 -1 0 2 2 -1 1 2 1
0 0 1 -2 -1 0 2 2 -1 2 3 0
0 0 1 -2 -1 0 2 2 -2 1 2 1
0 0 1 -2 -1 0 2 2 -2 2 3 0
0 0 1 -2 -1 -1 0 1 1 1 2 1
0 0 1 -2 -1 -1 0 1 1 2 4 0
0 0 1 -2 -1 -1 0 1 2 1 2 1
0 0 1 -2 -1 -1 0 1 2 2 3 0
0 0 1 -2 -1 -1 0 2 1 1 2 1
0 0 1 -2 -1 -1 0 2 1 2 4 1
0 0 1 -2 -1 -1 0 2 2 1 2 1
0 0 1 -2 -1 -1 0 2 2 2 3 0
0 0 1 -2 -1 -1 1 0 1 1 2 1
0 0 1 -2 -1 -1 1 0 1 2 3 0
0 0 1 -2 -1 -1 1 0 2 1 2 1
0 0 1 -2 -1 -1 1 0 2 2 4 0
0 0 1 -2 -1 -1 1 1 0 1 2 1
0 0 1 -2 -1 -1 1 1 0 2 3 0
0 0 1 -2 -1 -1 1 2 0 1 2 1
0 0 1 -2 -1 -1 1 2 0 2 3 0
0 0 1 -2 -1 -1 2 0 1 1 2 1
0 0 1 -2 -1 -1 2 0 1 2 3 0
0 0 1 -2 -1 -1 2 0 2 1 2 1
0 0 1 -2 -1 -1 2 0 2 2 3 0
0 0 1 -2 -1 -1 2 1 0 1 2 1
0 0 1 -2 -1 -1 2 1 0 2 3 0
0 0 1 -2 -1 -1 2 2 0 1 2 1
0 0 1 -2 -1 -1 2 2 0 2 3 0
0 0 1 -2 -1 1 0 -1 1 1 2 1
0 0 1 -2 -1 1 0 -1 1 2 3 0
0 0 1 -2 -1 1 0 -1 2 1 2 1
0 0 1 -2 -1 1 0 -1 2 2 3 0
0 0 1 -2 -1 1 0 1 -1 1 2 1
0 0 1 -2 -1 1 0 1 -1 2 3 0
0 0 1 -2 -1 1 0 -2 2 1 2 1
0 0 1 -2 -1 1 0 -2 2 2 3 0
0 0 1 -2 -1 1 0 2 -1 1 2 1
0 0 1 -2 -1 1 0 2 -1 2 4 1
0 0 1 -2 -1 1 0 2 -2 1 2 1
0 0 1 -2 -1 1 0 2 -2 2 3 0
0 0 1 -2 -1 1 -1 0 1 1 8 7
0 0 1 -2 -1 1 -1 0 1 2 6 7
0 0 1 -2 -1 1 -1 0 2 1 2 1
0 0 1 -2 -1 1 -1 0 2 2 6 7
0 0 1 -2 -1 1 -1 1 0 1 2 1
0 0 1 -2 -1 1 -1 1 0 2 3 0
0 0 1 -2 -1 1 -1 2 0 1 2 1
0 0 1 -2 -1 1 -1 2 0 2 4 1
0 0 1 -2 -1 1 1 0 -1 1 2 1
0 0 1 -2 -1 1 1 0 -1 2 3 0
0 0 1 -2 -1 1 1 -1 0 1 2 1
0 0 1 -2 -1 1 1 -1 0 2 7 8
0 0 1 -2 -1 1 -2 0 2 1 2 1
0 0 1 -2 -1 1 -2 0 2 2 3 0
0 0 1 -2 -1 1 -2 2 0 1 2 1
0 0 1 -2 -1 1 -2 2 0 2 3 0
0 0 1 -2 -1 1 2 0 -1 1 2 1
0 0 1 -2 -1 1 2 0 -1 2 3 0
0 0 1 -2 -1 1 2 0 -2 1 2 1
0 0 1 -2 -1 1 2 0 -2 2 3 0
0 0 1 -2 -1 1 2 -1 0 1 2 1
0 0 1 -2 -1 1 2 -1 0 2 3 0
0 0 1 -2 -1 1 2 -2 0 1 2 1
0 0 1 -2 -1 1 2 -2 0 2 3 0
0 0 1 -2 -1 -2 0 1 2 1 2 1
0 0 1 -2 -1 -2 0 1 2 2 3 0
0 0 1 -2 -1 -2 0 2 1 1 2 1
0 0 1 -2 -1 -2 0 2 1 2 3 0
0 0 1 -2 -1 -2 0 2 2 1 2 1
0 0 1 -2 -1 -2 0 2 2 2 3 0
0 0 1 -2 -1 -2 1 0 2 1 2 1
0 0 1 -2 -1 -2 1 0 2 2 3 0
0 0 1 -2 -1 -2 1 2 0 1 2 1
0 0 1 -2 -1 -2 1 2 0 2 3 0
0 0 1 -2 -1 -2 2 0 1 1 2 1
0 0 1 -2 -1 -2 2 0 1 2 3 0
0 0 1 -2 -1 -2 2 0 2 1 2 1
0 0 1 -2 -1 -2 2 0 2 2 3 0
0 0 1 -2 -1 -2 2 1 0 1 2 1
0 0 1 -2 -1 -2 2 1 0 2 3 0
0 0 1 -2 -1 -2 2 2 0 1 2 1
0 0 1 -2 -1 -2 2 2 0 2 3 0
0 0 1 -2 -1 2 0 -1 1 1 2 1
0 0 1 -2 -1 2 0 -1 1 2 3 0
0 0 1 -2 -1 2 0 -1 2 1 2 1
0 0 1 -2 -1 2 0 -1 2 2 4 0
0 0 1 -2 -1 2 0 1 -1 1 2 1
0 0 1 -2 -1 2 0 1 -1 2 3 0
0 0 1 -2 -1 2 0 1 -2 1 2 1
0 0 1 -2 -1 2 0 1 -2 2 3 0
0 0 1 -2 -1 2 0 -2 1 1 2 1
0 0 1 -2 -1 2 0 -2 1 2 3 0
0 0 1 -2 -1 2 0 -2 2 1 2 1
0 0 1 -2 -1 2 0 -2 2 2 3 0
0 0 1 -2 -1 2 0 2 -1 1 2 1
0 0 1 -2 -1 2 0 2 -1 2 3 0
0 0 1 -2 -1 2 0 2 -2 1 2 1
0 0 1 -2 -1 2 0 2 -2 2 3 0
0 0 1 -2 -1 2 -1 0 1 1 2 1
0 0 1 -2 -1 2 -1 0 1 2 6 7
0 0 1 -2 -1 2 -1 0 2 1 2 1
0 0 1 -2 -1 2 -1 0 2 2 3 0
0 0 1 -2 -1 2 -1 1 0 1 2 1
0 0 1 -2 -1 2 -1 1 0 2 3 0
0 0 1 -2 -1 2 -1 2 0 1 2 1
0 0 1 -2 -1 2 -1 2 0 2 4 1
0 0 1 -2 -1 2 1 0 -1 1 2 1
0 0 1 -2 -1 2 1 0 -1 2 3 0
0 0 1 -2 -1 2 1 0 -2 1 6 7
0 0 1 -2 -1 2 1 0 -2 2 4 0
0 0 1 -2 -1 2 1 -1 0 1 2 1
0 0 1 -2 -1 2 1 -1 0 2 3 0
0 0 1 -2 -1 2 1 -2 0 1 2 1
0 0 1 -2 -1 2 1 -2 0 2 4 1
0 0 1 -2 -1 2 -2 0 1 1 2 1
0 0 1 -2 -1 2 -2 0 1 2 3 0
0 0 1 -2 -1 2 -2 0 2 1 2 1
0 0 1 -2 -1 2 -2 0 2 2 3 0
0 0 1 -2 -1 2 -2 1 0 1 2 1
0 0 1 -2 -1 2 -2 1 0 2 3 0
0 0 1 -2 -1 2 -2 2 0 1 2 1
0 0 1 -2 -1 2 -2 2 0 2 3 0
0 0 1 -2 -1 2 2 0 -1 1 2 1
0 0 1 -2 -1 2 2 0 -1 2 3 0
0 0 1 -2 -1 2 2 0 -2 1 2 1
0 0 1 -2 -1 2 2 0 -2 2 3 0
0 0 1 -2 -1 2 2 -1 0 1 2 1
0 0 1 -2 -1 2 2 -1 0 2 3 0
0 0 1 -2 -1 2 2 -2 0 1 2 1
0 0 1 -2 -1 2 2 -2 0 2 3 0
0 0 1 -2 1 0 -1 -1 1 1 2 1
0 0 1 -2 1 0 -1 -1 1 2 3 0
0 0 1 -2 1 0 -1 -1 2 1 2 1
0 0 1 -2 1 0 -1 -1 2 2 3 0
0 0 1 -2 1 0 -1 1 -1 1 2 5
0 0 1 -2 1 0 -1 1 -1 2 3 0
0 0 1 -2 1 0 -1 -2 2 1 2 1
0 0 1 -2 1 0 -1 -2 2 2 3 0
0 0 1 -2 1 0 -1 2 -1 1 2 1
0 0 1 -2 1 0 -1 2 -1 2 3 0
0 0 1 -2 1 0 -1 2 -2 1 4 0
0 0 1 -2 1 0 -1 2 -2 2 3 0
0 0 1 -2 1 0 1 -1 -1 1 2 5
0 0 1 -2 1 0 1 -1 -1 2 8 5
0 0 1 -2 1 0 -2 -1 2 1 2 1
0 0 1 -2 1 0 -2 -1 2 2 3 0
0 0 1 -2 1 0 -2 2 -1 1 4 1
0 0 1 -2 1 0 -2 2 -1 2 3 0
0 0 1 -2 1 0 2 -1 -1 1 2 5
0 0 1 -2 1 0 2 -1 -1 2 8 5
0 0 1 -2 1 0 2 -1 -2 1 2 1
0 0 1 -2 1 0 2 -1 -2 2 3 0
0 0 1 -2 1 0 2 -2 -1 1 2 1
0 0 1 -2 1 0 2 -2 -1 2 3 0
0 0 1 -2 1 -1 0 -1 1 1 2 1
0 0 1 -2 1 -1 0 -1 1 2 3 0
0 0 1 -2 1 -1 0 -1 2 1 2 1
0 0 1 -2 1 -1 0 -1 2 2 3 0
0 0 1 -2 1 -1 0 1 -1 1 2 1
0 0 1 -2 1 -1 0 1 -1 2 3 0
0 0 1 -2 1 -1 0 -2 2 1 4 0
0 0 1 -2 1 -1 0 -2 2 2 3 0
0 0 1 -2 1 -1 0 2 -1 1 4 0
0 0 1 -2 1 -1 0 2 -1 2 3 0
0 0 1 -2 1 -1 0 2 -2 1 4 0
0 0 1 -2 1 -1 0 2 -2 2 3 0
0 0 1 -2 1 -1 -1 0 1 1 2 1
0 0 1 -2 1 -1 -1 0 1 2 3 0
0 0 1 -2 1 -1 -1 0 2 1 4 0
0 0 1 -2 1 -1 -1 0 2 2 3 0
0 0 1 -2 1 -1 -1 1 0 1 2 1
0 0 1 -2 1 -1 -1 1 0 2 3 0
0 0 1 -2 1 -1 -1 2 0 1 2 1
0 0 1 -2 1 -1 -1 2 0 2 5 8
0 0 1 -2 1 -1 1 0 -1 1 6 7
0 0 1 -2 1 -1 1 0 -1 2 8 7
0 0 1 -2 1 -1 1 -1 0 1 2 1
0 0 1 -2 1 -1 1 -1 0 2 3 0
0 0 1 -2 1 -1 -2 0 2 1 4 0
0 0 1 -2 1 -1 -2 0 2 2 3 0
0 0 1 -2 1 -1 -2 2 0 1 2 1
0 0 1 -2 1 -1 -2 2 0 2 3 0
0 0 1 -2 1 -1 2 0 -1 1 6 7
0 0 1 -2 1 -1 2 0 -1 2 8 7
0 0 1 -2 1 -1 2 0 -2 1 2 1
0 0 1 -2 1 -1 2 0 -2 2 3 0
0 0 1 -2 1 -1 2 -1 0 1 2 1
0 0 1 -2 1 -1 2 -1 0 2 3 0
0 0 1 -2 1 -1 2 -2 0 1 4 0
0 0 1 -2 1 -1 2 -2 0 2 3 0
0 0 1 -2 1 1 0 -1 -1 1 4 0
0 0 1 -2 1 1 0 -1 -1 2 3 0
0 0 1 -2 1 1 -1 0 -1 1 4 0
0 0 1 -2 1 1 -1 0 -1 2 3 0
0 0 1 -2 1 1 -1 -1 0 1 4 0
0 0 1 -2 1 1 -1 -1 0 2 3 0
0 0 1 -2 1 -2 0 -1 2 1 2 1
0 0 1 -2 1 -2 0 -1 2 2 3 0
0 0 1 -2 1 -2 0 2 -1 1 4 0
0 0 1 -2 1 -2 0 2 -1 2 3 0
0 0 1 -2 1 -2 -1 0 2 1 4 0
0 0 1 -2 1 -2 -1 0 2 2 3 0
0 0 1 -2 1 -2 -1 2 0 1 2 1
0 0 1 -2 1 -2 -1 2 0 2 5 8
0 0 1 -2 1 -2 2 0 -1 1 6 7
0 0 1 -2 1 -2 2 0 -1 2 8 7
0 0 1 -2 1 -2 2 -1 0 1 2 1
0 0 1 -2 1 -2 2 -1 0 2 3 0
0 0 1 -2 1 2 0 -1 -1 1 4 0
0 0 1 -2 1 2 0 -1 -1 2 3 0
0 0 1 -2 1 2 0 -1 -2 1 4 0
0 0 1 -2 1 2 0 -1 -2 2 3 0
0 0 1 -2 1 2 0 -2 -1 1 4 0
0 0 1 -2 1 2 0 -2 -1 2 3 0
0 0 1 -2 1 2 -1 0 -1 1 4 0
0 0 1 -2 1 2 -1 0 -1 2 3 0
0 0 1 -2 1 2 -1 0 -2 1 4 0
0 0 1 -2 1 2 -1 0 -2 2 3 0
0 0 1 -2 1 2 -1 -1 0 1 4 0
0 0 1 -2 1 2 -1 -1 0 2 3 0
0 0 1 -2 1 2 -1 -2 0 1 4 0
0 0 1 -2 1 2 -1 -2 0 2 3 0
0 0 1 -2 1 2 -2 0 -1 1 4 0
0 0 1 -2 1 2 -2 0 -1 2 3 0
0 0 1 -2 1 2 -2 -1 0 1 4 0
0 0 1 -2 1 2 -2 -1 0 2 3 0
0 0 1 -2 -2 0 -1 1 2 1 2 1
0 0 1 -2 -2 0 -1 1 2 2 3 0
0 0 1 -2 -2 0 -1 2 1 1 2 1
0 0 1 -2 -2 0 -1 2 1 2 4 1
0 0 1 -2 -2 0 -1 2 2 1 2 1
0 0 1 -2 -2 0 -1 2 2 2 4 1
0 0 1 -2 -2 0 1 -1 2 1 2 1
0 0 1 -2 -2 0 1 -1 2 2 3 0
0 0 1 -2 -2 0 1 2 -1 1 2 1
0 0 1 -2 -2 0 1 2 -1 2 3 0
0 0 1 -2 -2 0 -2 2 2 1 2 1
0 0 1 -2 -2 0 -2 2 2 2 3 0
0 0 1 -2 -2 0 2 -1 1 1 2 1
0 0 1 -2 -2 0 2 -1 1 2 3 0
0 0 1 -2 -2 0 2 -1 2 1 2 1
0 0 1 -2 -2 0 2 -1 2 2 3 0
0 0 1 -2 -2 0 2 1 -1 1 2 1
0 0 1 -2 -2 0 2 1 -1 2 3 0
0 0 1 -2 -2 0 2 -2 2 1 2 1
0 0 1 -2 -2 0 2 -2 2 2 3 0
0 0 1 -2 -2 0 2 2 -1 1 2 1
0 0 1 -2 -2 0 2 2 -1 2 3 0
0 0 1 -2 -2 0 2 2 -2 1 2 1
0 0 1 -2 -2 0 2 2 -2 2 3 0
0 0 1 -2 -2 -1 0 1 2 1 2 1
0 0 1 -2 -2 -1 0 1 2 2 3 0
0 0 1 -2 -2 -1 0 2 1 1 2 1
0 0 1 -2 -2 -1 0 2 1 2 3 0
0 0 1 -2 -2 -1 0 2 2 1 2 1
0 0 1 -2 -2 -1 0 2 2 2 3 0
0 0 1 -2 -2 -1 1 0 2 1 2 1
0 0 1 -2 -2 -1 1 0 2 2 4 0
0 0 1 -2 -2 -1 1 2 0 1 2 1
0 0 1 -2 -2 -1 1 2 0 2 5 8
0 0 1 -2 -2 -1 2 0 1 1 2 1
0 0 1 -2 -2 -1 2 0 1 2 3 0
0 0 1 -2 -2 -1 2 0 2 1 2 1
0 0 1 -2 -2 -1 2 0 2 2 3 0
0 0 1 -2 -2 -1 2 1 0 1 2 1
0 0 1 -2 -2 -1 2 1 0 2 5 8
0 0 1 -2 -2 -1 2 2 0 1 2 1
0 0 1 -2 -2 -1 2 2 0 2 5 8
0 0 1 -2 -2 1 0 -1 2 1 2 1
0 0 1 -2 -2 1 0 -1 2 2 3 0
0 0 1 -2 -2 1 0 2 -1 1 2 1
0 0 1 -2 -2 1 0 2 -1 2 3 0
0 0 1 -2 -2 1 -1 0 2 1 2 1
0 0 1 -2 -2 1 -1 0 2 2 6 7
0 0 1 -2 -2 1 -1 2 0 1 2 1
0 0 1 -2 -2 1 -1 2 0 2 4 1
0 0 1 -2 -2 1 2 0 -1 1 2 1
0 0 1 -2 -2 1 2 0 -1 2 3 0
0 0 1 -2 -2 1 2 -1 0 1 2 1
0 0 1 -2 -2 1 2 -1 0 2 7 8
0 0 1 -2 -2 -2 0 2 2 1 2 1
0 0 1 -2 -2 -2 0 2 2 2 3 0
0 0 1 -2 -2 -2 2 0 2 1 2 1
0 0 1 -2 -2 -2 2 0 2 2 3 0
0 0 1 -2 -2 -2 2 2 0 1 2 1
0 0 1 -2 -2 -2 2 2 0 2 5 8
0 0 1 -2 -2 2 0 -1 1 1 2 1
0 0 1 -2 -2 2 0 -1 1 2 3 0
0 0 1 -2 -2 2 0 -1 2 1 2 1
0 0 1 -2 -2 2 0 -1 2 2 4 0
0 0 1 -2 -2 2 0 1 -1 1 2 1
0 0 1 -2 -2 2 0 1 -1 2 3 0
0 0 1 -2 -2 2 0 -2 2 1 2 1
0 0 1 -2 -2 2 0 -2 2 2 3 0
0 0 1 -2 -2 2 0 2 -1 1 2 1
0 0 1 -2 -2 2 0 2 -1 2 3 0
0 0 1 -2 -2 2 0 2 -2 1 2 1
0 0 1 -2 -2 2 0 2 -2 2 3 0
0 0 1 -2 -2 2 -1 0 1 1 2 1
0 0 1 -2 -2 2 -1 0 1 2 6 7
0 0 1 -2 -2 2 -1 0 2 1 2 1
0 0 1 -2 -2 2 -1 0 2 2 3 0
0 0 1 -2 -2 2 -1 1 0 1 2 1
0 0 1 -2 -2 2 -1 1 0 2 3 0
0 0 1 -2 -2 2 -1 2 0 1 2 1
0 0 1 -2 -2 2 -1 2 0 2 4 1
0 0 1 -2 -2 2 1 0 -1 1 2 1
0 0 1 -2 -2 2 1 0 -1 2 3 0
0 0 1 -2 -2 2 1 -1 0 1 2 1
0 0 1 -2 -2 2 1 -1 0 2 7 8
0 0 1 -2 -2 2 -2 0 2 1 2 1
0 0 1 -2 -2 2 -2 0 2 2 3 0
0 0 1 -2 -2 2 -2 2 0 1 2 1
0 0 1 -2 -2 2 -2 2 0 2 3 0
0 0 1 -2 -2 2 2 0 -1 1 2 1
0 0 1 -2 -2 2 2 0 -1 2 3 0
0 0 1 -2 -2 2 2 0 -2 1 2 1
0 0 1 -2 -2 2 2 0 -2 2 3 0
0 0 1 -2 -2 2 2 -1 0 1 2 1
0 0 1 -2 -2 2 2 -1 0 2 7 8
0 0 1 -2 -2 2 2 -2 0 1 2 1
0 0 1 -2 -2 2 2 -2 0 2 3 0
0 0 1 -2 2 0 -1 -1 1 1 2 1
0 0 1 -2 2 0 -1 -1 1 2 3 0
0 0 1 -2 2 0 -1 -1 2 1 2 1
0 0 1 -2 2 0 -1 -1 2 2 3 0
0 0 1 -2 2 0 -1 1 -1 1 2 5
0 0 1 -2 2 0 -1 1 -1 2 3 0
0 0 1 -2 2 0 -1 1 -2 1 2 1
0 0 1 -2 2 0 -1 1 -2 2 3 0
0 0 1 -2 2 0 -1 -2 1 1 4 0
0 0 1 -2 2 0 -1 -2 1 2 3 0
0 0 1 -2 2 0 -1 -2 2 1 2 1
0 0 1 -2 2 0 -1 -2 2 2 3 0
0 0 1 -2 2 0 -1 2 -1 1 2 1
0 0 1 -2 2 0 -1 2 -1 2 3 0
0 0 1 -2 2 0 -1 2 -2 1 2 1
0 0 1 -2 2 0 -1 2 -2 2 3 0
0 0 1 -2 2 0 1 -1 -1 1 2 5
0 0 1 -2 2 0 1 -1 -1 2 8 5
0 0 1 -2 2 0 1 -1 -2 1 2 1
0 0 1 -2 2 0 1 -1 -2 2 8 5
0 0 1 -2 2 0 1 -2 -1 1 2 1
0 0 1 -2 2 0 1 -2 -1 2 8 5
0 0 1 -2 2 0 -2 -1 1 1 2 1
0 0 1 -2 2 0 -2 -1 1 2 3 0
0 0 1 -2 2 0 -2 -1 2 1 2 1
0 0 1 -2 2 0 -2 -1 2 2 3 0
0 0 1 -2 2 0 -2 1 -1 1 2 1
0 0 1 -2 2 0 -2 1 -1 2 8 5
0 0 1 -2 2 0 -2 -2 2 1 2 1
0 0 1 -2 2 0 -2 -2 2 2 3 0
0 0 1 -2 2 0 -2 2 -1 1 2 1
0 0 1 -2 2 0 -2 2 -1 2 3 0
0 0 1 -2 2 0 -2 2 -2 1 2 1
0 0 1 -2 2 0 -2 2 -2 2 3 0
0 0 1 -2 2 0 2 -1 -1 1 2 1
0 0 1 -2 2 0 2 -1 -1 2 8 5
0 0 1 -2 2 0 2 -1 -2 1 2 1
0 0 1 -2 2 0 2 -1 -2 2 8 5
0 0 1 -2 2 0 2 -2 -1 1 2 1
0 0 1 -2 2 0 2 -2 -1 2 8 5
0 0 1 -2 2 0 2 -2 -2 1 2 1
0 0 1 -2 2 0 2 -2 -2 2 8 5
0 0 1 -2 2 -1 0 -1 1 1 2 1
0 0 1 -2 2 -1 0 -1 1 2 3 0
0 0 1 -2 2 -1 0 -1 2 1 2 1
0 0 1 -2 2 -1 0 -1 2 2 3 0
0 0 1 -2 2 -1 0 1 -1 1 2 1
0 0 1 -2 2 -1 0 1 -1 2 3 0
0 0 1 -2 2 -1 0 1 -2 1 2 1
0 0 1 -2 2 -1 0 1 -2 2 3 0
0 0 1 -2 2 -1 0 -2 1 1 4 0
0 0 1 -2 2 -1 0 -2 1 2 3 0
0 0 1 -2 2 -1 0 -2 2 1 4 0
0 0 1 -2 2 -1 0 -2 2 2 3 0
0 0 1 -2 2 -1 0 2 -1 1 2 1
0 0 1 -2 2 -1 0 2 -1 2 3 0
0 0 1 -2 2 -1 0 2 -2 1 2 1
0 0 1 -2 2 -1 0 2 -2 2 3 0
0 0 1 -2 2 -1 -1 0 1 1 8 7
0 0 1 -2 2 -1 -1 0 1 2 3 0
0 0 1 -2 2 -1 -1 0 2 1 2 1
0 0 1 -2 2 -1 -1 0 2 2 3 0
0 0 1 -2 2 -1 -1 1 0 1 2 1
0 0 1 -2 2 -1 -1 1 0 2 3 0
0 0 1 -2 2 -1 -1 2 0 1 2 1
0 0 1 -2 2 -1 -1 2 0 2 3 0
0 0 1 -2 2 -1 1 0 -1 1 6 7
0 0 1 -2 2 -1 1 0 -1 2 8 7
0 0 1 -2 2 -1 1 0 -2 1 6 7
0 0 1 -2 2 -1 1 0 -2 2 8 7
0 0 1 -2 2 -1 1 -1 0 1 2 1
0 0 1 -2 2 -1 1 -1 0 2 3 0
0 0 1 -2 2 -1 1 -2 0 1 4 0
0 0 1 -2 2 -1 1 -2 0 2 3 0
0 0 1 -2 2 -1 -2 0 1 1 8 7
0 0 1 -2 2 -1 -2 0 1 2 3 0
0 0 1 -2 2 -1 -2 0 2 1 2 1
0 0 1 -2 2 -1 -2 0 2 2 3 0
0 0 1 -2 2 -1 -2 1 0 1 2 1
0 0 1 -2 2 -1 -2 1 0 2 3 0
0 0 1 -2 2 -1 -2 2 0 1 2 1
0 0 1 -2 2 -1 -2 2 0 2 3 0
0 0 1 -2 2 -1 2 0 -1 1 2 1
0 0 1 -2 2 -1 2 0 -1 2 8 7
0 0 1 -2 2 -1 2 0 -2 1 2 1
0 0 1 -2 2 -1 2 0 -2 2 8 7
0 0 1 -2 2 -1 2 -1 0 1 2 1
0 0 1 -2 2 -1 2 -1 0 2 3 0
0 0 1 -2 2 -1 2 -2 0 1 2 1
0 0 1 -2 2 -1 2 -2 0 2 3 0
0 0 1 -2 2 1 0 -1 -1 1 4 0
0 0 1 -2 2 1 0 -1 -1 2 3 0
0 0 1 -2 2 1 0 -1 -2 1 4 0
0 0 1 -2 2 1 0 -1 -2 2 3 0
0 0 1 -2 2 1 0 -2 -1 1 4 0
0 0 1 -2 2 1 0 -2 -1 2 3 0
0 0 1 -2 2 1 -1 0 -1 1 4 0
0 0 1 -2 2 1 -1 0 -1 2 3 0
0 0 1 -2 2 1 -1 0 -2 1 4 0
0 0 1 -2 2 1 -1 0 -2 2 3 0
0 0 1 -2 2 1 -1 -1 0 1 4 0
0 0 1 -2 2 1 -1 -1 0 2 3 0
0 0 1 -2 2 1 -1 -2 0 1 4 0
0 0 1 -2 2 1 -1 -2 0 2 3 0
0 0 1 -2 2 1 -2 0 -1 1 4 0
0 0 1 -2 2 1 -2 0 -1 2 3 0
0 0 1 -2 2 1 -2 -1 0 1 4 0
0 0 1 -2 2 1 -2 -1 0 2 3 0
0 0 1 -2 2 -2 0 -1 1 1 2 1
0 0 1 -2 2 -2 0 -1 1 2 3 0
0 0 1 -2 2 -2 0 -1 2 1 2 1
0 0 1 -2 2 -2 0 -1 2 2 3 0
0 0 1 -2 2 -2 0 1 -1 1 2 1
0 0 1 -2 2 -2 0 1 -1 2 3 0
0 0 1 -2 2 -2 0 -2 2 1 4 0
0 0 1 -2 2 -2 0 -2 2 2 3 0
0 0 1 -2 2 -2 0 2 -1 1 2 1
0 0 1 -2 2 -2 0 2 -1 2 3 0
0 0 1 -2 2 -2 0 2 -2 1 2 1
0 0 1 -2 2 -2 0 2 -2 2 3 0
0 0 1 -2 2 -2 -1 0 1 1 8 7
0 0 1 -2 2 -2 -1 0 1 2 6 7
0 0 1 -2 2 -2 -1 0 2 1 2 1
0 0 1 -2 2 -2 -1 0 2 2 3 0
0 0 1 -2 2 -2 -1 1 0 1 2 1
0 0 1 -2 2 -2 -1 1 0 2 3 0
0 0 1 -2 2 -2 -1 2 0 1 2 1
0 0 1 -2 2 -2 -1 2 0 2 3 0
0 0 1 -2 2 -2 1 0 -1 1 6 7
0 0 1 -2 2 -2 1 0 -1 2 8 7
0 0 1 -2 2 -2 1 -1 0 1 2 1
0 0 1 -2 2 -2 1 -1 0 2 3 0
0 0 1 -2 2 -2 -2 0 2 1 2 1
0 0 1 -2 2 -2 -2 0 2 2 3 0
0 0 1 -2 2 -2 -2 2 0 1 2 1
0 0 1 -2 2 -2 -2 2 0 2 3 0
0 0 1 -2 2 -2 2 0 -1 1 2 1
0 0 1 -2 2 -2 2 0 -1 2 8 7
0 0 1 -2 2 -2 2 0 -2 1 2 1
0 0 1 -2 2 -2 2 0 -2 2 8 7
0 0 1 -2 2 -2 2 -1 0 1 2 1
0 0 1 -2 2 -2 2 -1 0 2 3 0
0 0 1 -2 2 -2 2 -2 0 1 2 1
0 0 1 -2 2 -2 2 -2 0 2 3 0
0 0 1 -2 2 2 0 -1 -1 1 4 0
0 0 1 -2 2 2 0 -1 -1 2 3 0
0 0 1 -2 2 2 0 -1 -2 1 4 0
0 0 1 -2 2 2 0 -1 -2 2 3 0
0 0 1 -2 2 2 0 -2 -1 1 4 0
0 0 1 -2 2 2 0 -2 -1 2 3 0
0 0 1 -2 2 2 0 -2 -2 1 4 0
0 0 1 -2 2 2 0 -2 -2 2 3 0
0 0 1 -2 2 2 -1 0 -1 1 4 0
0 0 1 -2 2 2 -1 0 -1 2 3 0
0 0 1 -2 2 2 -1 0 -2 1 4 0
0 0 1 -2 2 2 -1 0 -2 2 3 0
0 0 1 -2 2 2 -1 -1 0 1 4 0
0 0 1 -2 2 2 -1 -1 0 2 3 0
0 0 1 -2 2 2 -1 -2 0 1 4 0
0 0 1 -2 2 2 -1 -2 0 2 3 0
0 0 1 -2 2 2 -2 0 -1 1 4 0
0 0 1 -2 2 2 -2 0 -1 2 3 0
0 0 1 -2 2 2 -2 0 -2 1 4 0
0 0 1 -2 2 2 -2 0 -2 2 3 0
0 0 1 -2 2 2 -2 -1 0 1 4 0
0 0 1 -2 2 2 -2 -1 0 2 3 0
0 0 1 -2 2 2 -2 -2 0 1 4 0
0 0 1 -2 2 2 -2 -2 0 2 3 0
0 0 1 2 0 -1 -1 -1 1 1 2 1
0 0 1 2 0 -1 -1 -1 1 2 5 4
0 0 1 2 0 -1 -1 1 -1 1 3 4
0 0 1 2 0 -1 -1 1 -1 2 5 4
0 0 1 2 0 -1 -1 1 -2 1 2 1
0 0 1 2 0 -1 -1 1 -2 2 5 4
0 0 1 2 0 -1 -1 -2 1 1 2 1
0 0 1 2 0 -1 -1 -2 1 2 5 4
0 0 1 2 0 -1 -1 -2 2 1 2 4
0 0 1 2 0 -1 -1 -2 2 2 6 4
0 0 1 2 0 -1 -1 2 -2 1 3 4
0 0 1 2 0 -1 -1 2 -2 2 8 4
0 0 1 2 0 -1 1 -1 -1 1 3 4
0 0 1 2 0 -1 1 -1 -1 2 5 4
0 0 1 2 0 -1 1 -1 -2 1 3 4
0 0 1 2 0 -1 1 -1 -2 2 5 4
0 0 1 2 0 -1 1 -2 -1 1 3 4
0 0 1 2 0 -1 1 -2 -1 2 8 4
0 0 1 2 0 -1 1 -2 -2 1 3 4
0 0 1 2 0 -1 1 -2 -2 2 8 4
0 0 1 2 0 -1 -2 -1 1 1 2 1
0 0 1 2 0 -1 -2 -1 1 2 5 4
0 0 1 2 0 -1 -2 -1 2 1 2 4
0 0 1 2 0 -1 -2 -1 2 2 6 4
0 0 1 2 0 -1 -2 1 -1 1 3 4
0 0 1 2 0 -1 -2 1 -1 2 5 4
0 0 1 2 0 -1 -2 1 -2 1 2 1
0 0 1 2 0 -1 -2 1 -2 2 5 4
0 0 1 2 0 -1 -2 -2 1 1 2 1
0 0 1 2 0 -1 -2 -2 1 2 5 4
0 0 1 2 0 -1 -2 -2 2 1 2 4
0 0 1 2 0 -1 -2 -2 2 2 6 4
0 0 1 2 0 -1 -2 2 -1 1 3 4
0 0 1 2 0 -1 -2 2 -1 2 5 4
0 0 1 2 0 -1 -2 2 -2 1 3 4
0 0 1 2 0 -1 -2 2 -2 2 5 4
0 0 1 2 0 -1 2 -1 -2 1 3 4
0 0 1 2 0 -1 2 -1 -2 2 8 4
0 0 1 2 0 -1 2 -2 -1 1 3 4
0 0 1 2 0 -1 2 -2 -1 2 8 4
0 0 1 2 0 -1 2 -2 -2 1 3 4
0 0 1 2 0 -1 2 -2 -2 2 8 4
0 0 1 2 0 1 -1 -1 -1 1 2 4
0 0 1 2 0 1 -1 -1 -1 2 6 4
0 0 1 2 0 1 -1 -1 -2 1 2 4
0 0 1 2 0 1 -1 -1 -2 2 6 4
0 0 1 2 0 1 -1 -2 -1 1 2 4
0 0 1 2 0 1 -1 -2 -1 2 6 4
0 0 1 2 0 1 -1 -2 -2 1 2 4
0 0 1 2 0 1 -1 -2 -2 2 6 4
0 0 1 2 0 1 -2 -1 -1 1 2 4
0 0 1 2 0 1 -2 -1 -1 2 6 4
0 0 1 2 0 1 -2 -1 -2 1 2 4
0 0 1 2 0 1 -2 -1 -2 2 6 4
0 0 1 2 0 1 -2 -2 -1 1 2 4
0 0 1 2 0 1 -2 -2 -1 2 6 4
0 0 1 2 0 -2 -1 -1 1 1 2 1
0 0 1 2 0 -2 -1 -1 1 2 5 4
0 0 1 2 0 -2 -1 -1 2 1 2 4
0 0 1 2 0 -2 -1 -1 2 2 6 4
0 0 1 2 0 -2 -1 1 -1 1 3 4
0 0 1 2 0 -2 -1 1 -1 2 5 4
0 0 1 2 0 -2 -1 1 -2 1 2 1
0 0 1 2 0 -2 -1 1 -2 2 5 4
0 0 1 2 0 -2 -1 -2 1 1 2 4
0 0 1 2 0 -2 -1 -2 1 2 5 4
0 0 1 2 0 -2 -1 -2 2 1 2 4
0 0 1 2 0 -2 -1 -2 2 2 6 4
0 0 1 2 0 -2 -1 2 -1 1 3 4
0 0 1 2 0 -2 -1 2 -1 2 8 4
0 0 1 2 0 -2 -1 2 -2 1 3 4
0 0 1 2 0 -2 -1 2 -2 2 8 4
0 0 1 2 0 -2 1 -1 -1 1 3 4
0 0 1 2 0 -2 1 -1 -1 2 8 4
0 0 1 2 0 -2 1 -1 -2 1 3 4
0 0 1 2 0 -2 1 -1 -2 2 8 4
0 0 1 2 0 -2 1 -2 -1 1 3 4
0 0 1 2 0 -2 1 -2 -1 2 8 4
0 0 1 2 0 -2 -2 -1 1 1 2 1
0 0 1 2 0 -2 -2 -1 1 2 5 4
0 0 1 2 0 -2 -2 -1 2 1 2 4
0 0 1 2 0 -2 -2 -1 2 2 6 4
0 0 1 2 0 -2 -2 1 -1 1 3 4
0 0 1 2 0 -2 -2 1 -1 2 5 4
0 0 1 2 0 -2 -2 -2 2 1 2 4
0 0 1 2 0 -2 -2 -2 2 2 6 4
0 0 1 2 0 -2 -2 2 -1 1 3 4
0 0 1 2 0 -2 -2 2 -1 2 5 4
0 0 1 2 0 -2 -2 2 -2 1 3 4
0 0 1 2 0 -2 -2 2 -2 2 5 4
0 0 1 2 0 -2 2 -1 -1 1 3 4
0 0 1 2 0 -2 2 -1 -1 2 8 4
0 0 1 2 0 -2 2 -1 -2 1 3 4
0 0 1 2 0 -2 2 -1 -2 2 7 4
0 0 1 2 0 -2 2 -2 -1 1 3 4
0 0 1 2 0 -2 2 -2 -1 2 8 4
0 0 1 2 0 -2 2 -2 -2 1 3 4
0 0 1 2 0 -2 2 -2 -2 2 7 4
0 0 1 2 0 2 -1 -1 -2 1 2 1
0 0 1 2 0 2 -1 -1 -2 2 6 4
0 0 1 2 0 2 -1 -2 -1 1 2 1
0 0 1 2 0 2 -1 -2 -1 2 6 4
0 0 1 2 0 2 -1 -2 -2 1 2 1
0 0 1 2 0 2 -1 -2 -2 2 6 4
0 0 1 2 0 2 -2 -1 -1 1 2 1
0 0 1 2 0 2 -2 -1 -1 2 6 4
0 0 1 2 0 2 -2 -1 -2 1 2 1
0 0 1 2 0 2 -2 -1 -2 2 6 4
0 0 1 2 0 2 -2 -2 -1 1 2 1
0 0 1 2 0 2 -2 -2 -1 2 6 4
0 0 1 2 0 2 -2 -2 -2 1 2 1
0 0 1 2 0 2 -2 -2 -2 2 6 4
0 0 1 2 -1 0 -1 -1 1 1 2 1
0 0 1 2 -1 0 -1 -1 1 2 4 0
0 0 1 2 -1 0 -1 1 -1 1 2 5
0 0 1 2 -1 0 -1 1 -1 2 4 0
0 0 1 2 -1 0 -1 1 -2 1 2 1
0 0 1 2 -1 0 -1 1 -2 2 4 0
0 0 1 2 -1 0 -1 -2 1 1 2 1
0 0 1 2 -1 0 -1 -2 1 2 4 0
0 0 1 2 -1 0 -1 -2 2 1 2 1
0 0 1 2 -1 0 -1 -2 2 2 4 1
0 0 1 2 -1 0 -1 2 -2 1 2 1
0 0 1 2 -1 0 -1 2 -2 2 4 0
0 0 1 2 -1 0 1 -1 -1 1 2 5
0 0 1 2 -1 0 1 -1 -1 2 8 5
0 0 1 2 -1 0 1 -1 -2 1 2 5
0 0 1 2 -1 0 1 -1 -2 2 4 1
0 0 1 2 -1 0 1 -2 -1 1 2 5
0 0 1 2 -1 0 1 -2 -1 2 4 0
0 0 1 2 -1 0 1 -2 -2 1 2 5
0 0 1 2 -1 0 1 -2 -2 2 4 0
0 0 1 2 -1 0 -2 -1 1 1 2 1
0 0 1 2 -1 0 -2 -1 1 2 4 0
0 0 1 2 -1 0 -2 -1 2 1 2 1
0 0 1 2 -1 0 -2 -1 2 2 4 1
0 0 1 2 -1 0 -2 1 -1 1 2 1
0 0 1 2 -1 0 -2 1 -1 2 4 0
0 0 1 2 -1 0 -2 1 -2 1 2 1
0 0 1 2 -1 0 -2 1 -2 2 4 0
0 0 1 2 -1 0 -2 -2 1 1 2 1
0 0 1 2 -1 0 -2 -2 1 2 4 0
0 0 1 2 -1 0 -2 -2 2 1 2 1
0 0 1 2 -1 0 -2 -2 2 2 4 1
0 0 1 2 -1 0 -2 2 -1 1 2 1
0 0 1 2 -1 0 -2 2 -1 2 4 0
0 0 1 2 -1 0 -2 2 -2 1 2 1
0 0 1 2 -1 0 -2 2 -2 2 4 0
0 0 1 2 -1 0 2 -1 -2 1 2 1
0 0 1 2 -1 0 2 -1 -2 2 4 0
0 0 1 2 -1 0 2 -2 -1 1 2 1
0 0 1 2 -1 0 2 -2 -1 2 4 1
0 0 1 2 -1 0 2 -2 -2 1 2 1
0 0 1 2 -1 0 2 -2 -2 2 4 1
0 0 1 2 -1 -1 0 -1 1 1 2 1
0 0 1 2 -1 -1 0 -1 1 2 4 0
0 0 1 2 -1 -1 0 1 -1 1 2 1
0 0 1 2 -1 -1 0 1 -1 2 4 0
0 0 1 2 -1 -1 0 1 -2 1 3 0
0 0 1 2 -1 -1 0 1 -2 2 4 0
0 0 1 2 -1 -1 0 -2 1 1 2 1
0 0 1 2 -1 -1 0 -2 1 2 4 0
0 0 1 2 -1 -1 0 -2 2 1 3 0
0 0 1 2 -1 -1 0 -2 2 2 4 0
0 0 1 2 -1 -1 0 2 -2 1 3 0
0 0 1 2 -1 -1 0 2 -2 2 4 0
0 0 1 2 -1 -1 -1 0 1 1 2 1
0 0 1 2 -1 -1 -1 0 1 2 4 0
0 0 1 2 -1 -1 -1 1 0 1 2 1
0 0 1 2 -1 -1 -1 1 0 2 4 0
0 0 1 2 -1 -1 1 0 -1 1 6 7
0 0 1 2 -1 -1 1 0 -1 2 8 7
0 0 1 2 -1 -1 1 0 -2 1 3 0
0 0 1 2 -1 -1 1 0 -2 2 4 0
0 0 1 2 -1 -1 1 -1 0 1 3 0
0 0 1 2 -1 -1 1 -1 0 2 4 0
0 0 1 2 -1 -1 1 -2 0 1 3 0
0 0 1 2 -1 -1 1 -2 0 2 4 0
0 0 1 2 -1 -1 -2 0 1 1 2 1
0 0 1 2 -1 -1 -2 0 1 2 4 0
0 0 1 2 -1 -1 -2 0 2 1 2 1
0 0 1 2 -1 -1 -2 0 2 2 4 0
0 0 1 2 -1 -1 -2 1 0 1 2 1
0 0 1 2 -1 -1 -2 1 0 2 4 0
0 0 1 2 -1 -1 -2 2 0 1 2 1
0 0 1 2 -1 -1 -2 2 0 2 4 0
0 0 1 2 -1 -1 2 0 -2 1 2 1
0 0 1 2 -1 -1 2 0 -2 2 4 0
0 0 1 2 -1 -1 2 -2 0 1 2 1
0 0 1 2 -1 -1 2 -2 0 2 4 0
0 0 1 2 -1 1 0 -1 -1 1 2 1
0 0 1 2 -1 1 0 -1 -1 2 4 1
0 0 1 2 -1 1 0 -1 -2 1 2 1
0 0 1 2 -1 1 0 -1 -2 2 4 0
0 0 1 2 -1 1 0 -2 -1 1 2 1
0 0 1 2 -1 1 0 -2 -1 2 4 1
0 0 1 2 -1 1 0 -2 -2 1 2 1
0 0 1 2 -1 1 0 -2 -2 2 4 0
0 0 1 2 -1 1 -1 0 -1 1 2 1
0 0 1 2 -1 1 -1 0 -1 2 4 1
0 0 1 2 -1 1 -1 0 -2 1 2 1
0 0 1 2 -1 1 -1 0 -2 2 4 1
0 0 1 2 -1 1 -1 -1 0 1 2 1
0 0 1 2 -1 1 -1 -1 0 2 7 8
0 0 1 2 -1 1 -1 -2 0 1 2 1
0 0 1 2 -1 1 -1 -2 0 2 7 8
0 0 1 2 -1 1 -2 0 -1 1 2 1
0 0 1 2 -1 1 -2 0 -1 2 4 0
0 0 1 2 -1 1 -2 0 -2 1 2 1
0 0 1 2 -1 1 -2 0 -2 2 4 0
0 0 1 2 -1 1 -2 -1 0 1 2 1
0 0 1 2 -1 1 -2 -1 0 2 7 8
0 0 1 2 -1 1 -2 -2 0 1 2 1
0 0 1 2 -1 1 -2 -2 0 2 7 8
0 0 1 2 -1 -2 0 -1 1 1 2 1
0 0 1 2 -1 -2 0 -1 1 2 4 0
0 0 1 2 -1 -2 0 -1 2 1 3 0
0 0 1 2 -1 -2 0 -1 2 2 4 0
0 0 1 2 -1 -2 0 1 -1 1 2 1
0 0 1 2 -1 -2 0 1 -1 2 4 0
0 0 1 2 -1 -2 0 1 -2 1 3 0
0 0 1 2 -1 -2 0 1 -2 2 4 0
0 0 1 2 -1 -2 0 -2 1 1 3 0
0 0 1 2 -1 -2 0 -2 1 2 4 0
0 0 1 2 -1 -2 0 -2 2 1 3 0
0 0 1 2 -1 -2 0 -2 2 2 4 0
0 0 1 2 -1 -2 0 2 -1 1 2 1
0 0 1 2 -1 -2 0 2 -1 2 4 0
0 0 1 2 -1 -2 0 2 -2 1 3 0
0 0 1 2 -1 -2 0 2 -2 2 4 0
0 0 1 2 -1 -2 -1 0 1 1 2 1
0 0 1 2 -1 -2 -1 0 1 2 4 0
0 0 1 2 -1 -2 -1 0 2 1 2 1
0 0 1 2 -1 -2 -1 0 2 2 4 0
0 0 1 2 -1 -2 -1 1 0 1 2 1
0 0 1 2 -1 -2 -1 1 0 2 4 0
0 0 1 2 -1 -2 -1 2 0 1 2 1
0 0 1 2 -1 -2 -1 2 0 2 4 0
0 0 1 2 -1 -2 1 0 -1 1 6 7
0 0 1 2 -1 -2 1 0 -1 2 8 7
0 0 1 2 -1 -2 1 0 -2 1 6 7
0 0 1 2 -1 -2 1 0 -2 2 4 0
0 0 1 2 -1 -2 1 -1 0 1 3 0
0 0 1 2 -1 -2 1 -1 0 2 4 0
0 0 1 2 -1 -2 1 -2 0 1 3 0
0 0 1 2 -1 -2 1 -2 0 2 4 0
0 0 1 2 -1 -2 -2 0 1 1 3 0
0 0 1 2 -1 -2 -2 0 1 2 4 0
0 0 1 2 -1 -2 -2 0 2 1 2 1
0 0 1 2 -1 -2 -2 0 2 2 4 0
0 0 1 2 -1 -2 -2 1 0 1 3 0
0 0 1 2 -1 -2 -2 1 0 2 4 0
0 0 1 2 -1 -2 -2 2 0 1 2 1
0 0 1 2 -1 -2 -2 2 0 2 4 0
0 0 1 2 -1 -2 2 0 -1 1 2 1
0 0 1 2 -1 -2 2 0 -1 2 4 0
0 0 1 2 -1 -2 2 0 -2 1 3 0
0 0 1 2 -1 -2 2 0 -2 2 4 0
0 0 1 2 -1 -2 2 -1 0 1 2 1
0 0 1 2 -1 -2 2 -1 0 2 4 0
0 0 1 2 -1 -2 2 -2 0 1 2 1
0 0 1 2 -1 -2 2 -2 0 2 4 0
0 0 1 2 -1 2 0 -1 -2 1 2 1
0 0 1 2 -1 2 0 -1 -2 2 4 0
0 0 1 2 -1 2 0 -2 -1 1 2 1
0 0 1 2 -1 2 0 -2 -1 2 4 1
0 0 1 2 -1 2 0 -2 -2 1 2 1
0 0 1 2 -1 2 0 -2 -2 2 4 0
0 0 1 2 -1 2 -1 0 -2 1 2 1
0 0 1 2 -1 2 -1 0 -2 2 4 0
0 0 1 2 -1 2 -1 -2 0 1 2 1
0 0 1 2 -1 2 -1 -2 0 2 4 0
0 0 1 2 -1 2 -2 0 -1 1 2 1
0 0 1 2 -1 2 -2 0 -1 2 4 0
0 0 1 2 -1 2 -2 0 -2 1 2 1
0 0 1 2 -1 2 -2 0 -2 2 4 0
0 0 1 2 -1 2 -2 -1 0 1 2 1
0 0 1 2 -1 2 -2 -1 0 2 4 0
0 0 1 2 -1 2 -2 -2 0 1 2 1
0 0 1 2 -1 2 -2 -2 0 2 4 0
0 0 1 2 1 0 -1 -1 -1 1 2 5
0 0 1 2 1 0 -1 -1 -1 2 8 5
0 0 1 2 1 0 -1 -1 -2 1 2 5
0 0 1 2 1 0 -1 -1 -2 2 8 5
0 0 1 2 1 0 -1 -2 -1 1 2 5
0 0 1 2 1 0 -1 -2 -1 2 8 5
0 0 1 2 1 0 -1 -2 -2 1 2 5
0 0 1 2 1 0 -1 -2 -2 2 8 5
0 0 1 2 1 0 -2 -1 -1 1 2 5
0 0 1 2 1 0 -2 -1 -1 2 8 5
0 0 1 2 1 0 -2 -1 -2 1 2 5
0 0 1 2 1 0 -2 -1 -2 2 8 5
0 0 1 2 1 0 -2 -2 -1 1 2 5
0 0 1 2 1 0 -2 -2 -1 2 8 5
0 0 1 2 1 -1 0 -1 -1 1 3 0
0 0 1 2 1 -1 0 -1 -1 2 7 6
0 0 1 2 1 -1 0 -1 -2 1 3 0
0 0 1 2 1 -1 0 -1 -2 2 7 6
0 0 1 2 1 -1 0 -2 -1 1 3 0
0 0 1 2 1 -1 0 -2 -1 2 7 6
0 0 1 2 1 -1 0 -2 -2 1 3 0
0 0 1 2 1 -1 0 -2 -2 2 7 6
0 0 1 2 1 -1 -1 0 -1 1 3 0
0 0 1 2 1 -1 -1 0 -1 2 6 7
0 0 1 2 1 -1 -1 0 -2 1 3 0
0 0 1 2 1 -1 -1 0 -2 2 6 7
0 0 1 2 1 -1 -1 -1 0 1 4 0
0 0 1 2 1 -1 -1 -1 0 2 7 8
0 0 1 2 1 -1 -1 -2 0 1 4 0
0 0 1 2 1 -1 -1 -2 0 2 7 8
0 0 1 2 1 -1 -2 0 -1 1 3 0
0 0 1 2 1 -1 -2 0 -1 2 6 7
0 0 1 2 1 -1 -2 0 -2 1 3 0
0 0 1 2 1 -1 -2 0 -2 2 6 7
0 0 1 2 1 -1 -2 -1 0 1 4 1
0 0 1 2 1 -1 -2 -1 0 2 7 8
0 0 1 2 1 -1 -2 -2 0 1 4 1
0 0 1 2 1 -1 -2 -2 0 2 7 8
0 0 1 2 1 -2 0 -1 -1 1 3 0
0 0 1 2 1 -2 0 -1 -1 2 7 6
0 0 1 2 1 -2 0 -1 -2 1 3 0
0 0 1 2 1 -2 0 -1 -2 2 7 6
0 0 1 2 1 -2 0 -2 -1 1 3 0
0 0 1 2 1 -2 0 -2 -1 2 7 6
0 0 1 2 1 -2 -1 0 -1 1 3 0
0 0 1 2 1 -2 -1 0 -1 2 6 7
0 0 1 2 1 -2 -1 0 -2 1 3 0
0 0 1 2 1 -2 -1 0 -2 2 6 7
0 0 1 2 1 -2 -1 -1 0 1 4 0
0 0 1 2 1 -2 -1 -1 0 2 7 8
0 0 1 2 1 -2 -1 -2 0 1 4 0
0 0 1 2 1 -2 -1 -2 0 2 7 8
0 0 1 2 1 -2 -2 0 -1 1 3 0
0 0 1 2 1 -2 -2 0 -1 2 6 7
0 0 1 2 1 -2 -2 -1 0 1 4 1
0 0 1 2 1 -2 -2 -1 0 2 7 8
0 0 1 2 -2 0 -1 -1 1 1 2 1
0 0 1 2 -2 0 -1 -1 1 2 4 0
0 0 1 2 -2 0 -1 -1 2 1 2 1
0 0 1 2 -2 0 -1 -1 2 2 4 1
0 0 1 2 -2 0 -1 1 -1 1 2 5
0 0 1 2 -2 0 -1 1 -1 2 4 0
0 0 1 2 -2 0 -1 1 -2 1 2 1
0 0 1 2 -2 0 -1 1 -2 2 4 0
0 0 1 2 -2 0 -1 -2 1 1 2 1
0 0 1 2 -2 0 -1 -2 1 2 4 0
0 0 1 2 -2 0 -1 -2 2 1 2 1
0 0 1 2 -2 0 -1 -2 2 2 4 1
0 0 1 2 -2 0 -1 2 -1 1 2 1
0 0 1 2 -2 0 -1 2 -1 2 4 1
0 0 1 2 -2 0 -1 2 -2 1 2 1
0 0 1 2 -2 0 -1 2 -2 2 4 0
0 0 1 2 -2 0 1 -1 -1 1 2 5
0 0 1 2 -2 0 1 -1 -1 2 8 5
0 0 1 2 -2 0 1 -1 -2 1 2 5
0 0 1 2 -2 0 1 -1 -2 2 4 1
0 0 1 2 -2 0 1 -2 -1 1 2 5
0 0 1 2 -2 0 1 -2 -1 2 4 0
0 0 1 2 -2 0 -2 -1 1 1 2 1
0 0 1 2 -2 0 -2 -1 1 2 4 0
0 0 1 2 -2 0 -2 -1 2 1 2 1
0 0 1 2 -2 0 -2 -1 2 2 4 1
0 0 1 2 -2 0 -2 1 -1 1 2 1
0 0 1 2 -2 0 -2 1 -1 2 4 0
0 0 1 2 -2 0 -2 -2 2 1 2 1
0 0 1 2 -2 0 -2 -2 2 2 4 1
0 0 1 2 -2 0 -2 2 -1 1 2 1
0 0 1 2 -2 0 -2 2 -1 2 4 0
0 0 1 2 -2 0 -2 2 -2 1 2 1
0 0 1 2 -2 0 -2 2 -2 2 4 0
0 0 1 2 -2 0 2 -1 -1 1 2 1
0 0 1 2 -2 0 2 -1 -1 2 4 0
0 0 1 2 -2 0 2 -1 -2 1 2 1
0 0 1 2 -2 0 2 -1 -2 2 4 0
0 0 1 2 -2 0 2 -2 -1 1 2 1
0 0 1 2 -2 0 2 -2 -1 2 4 1
0 0 1 2 -2 0 2 -2 -2 1 2 1
0 0 1 2 -2 0 2 -2 -2 2 4 1
0 0 1 2 -2 -1 0 -1 1 1 3 0
0 0 1 2 -2 -1 0 -1 1 2 4 0
0 0 1 2 -2 -1 0 -1 2 1 3 0
0 0 1 2 -2 -1 0 -1 2 2 4 0
0 0 1 2 -2 -1 0 1 -1 1 2 1
0 0 1 2 -2 -1 0 1 -1 2 4 0
0 0 1 2 -2 -1 0 1 -2 1 3 0
0 0 1 2 -2 -1 0 1 -2 2 4 0
0 0 1 2 -2 -1 0 -2 1 1 3 0
0 0 1 2 -2 -1 0 -2 1 2 4 0
0 0 1 2 -2 -1 0 -2 2 1 3 0
0 0 1 2 -2 -1 0 -2 2 2 4 0
0 0 1 2 -2 -1 0 2 -1 1 2 1
0 0 1 2 -2 -1 0 2 -1 2 4 0
0 0 1 2 -2 -1 0 2 -2 1 3 0
0 0 1 2 -2 -1 0 2 -2 2 4 0
0 0 1 2 -2 -1 -1 0 1 1 2 1
0 0 1 2 -2 -1 -1 0 1 2 4 0
0 0 1 2 -2 -1 -1 0 2 1 2 1
0 0 1 2 -2 -1 -1 0 2 2 4 0
0 0 1 2 -2 -1 -1 1 0 1 2 1
0 0 1 2 -2 -1 -1 1 0 2 4 0
0 0 1 2 -2 -1 -1 2 0 1 2 1
0 0 1 2 -2 -1 -1 2 0 2 4 0
0 0 1 2 -2 -1 1 0 -1 1 6 7
0 0 1 2 -2 -1 1 0 -1 2 8 7
0 0 1 2 -2 -1 1 0 -2 1 3 0
0 0 1 2 -2 -1 1 0 -2 2 4 0
0 0 1 2 -2 -1 1 -1 0 1 3 0
0 0 1 2 -2 -1 1 -1 0 2 4 0
0 0 1 2 -2 -1 1 -2 0 1 3 0
0 0 1 2 -2 -1 1 -2 0 2 4 0
0 0 1 2 -2 -1 -2 0 1 1 3 0
0 0 1 2 -2 -1 -2 0 1 2 4 0
0 0 1 2 -2 -1 -2 0 2 1 3 0
0 0 1 2 -2 -1 -2 0 2 2 4 0
0 0 1 2 -2 -1 -2 1 0 1 3 0
0 0 1 2 -2 -1 -2 1 0 2 4 0
0 0 1 2 -2 -1 -2 2 0 1 3 0
0 0 1 2 -2 -1 -2 2 0 2 4 0
0 0 1 2 -2 -1 2 0 -1 1 2 1
0 0 1 2 -2 -1 2 0 -1 2 4 0
0 0 1 2 -2 -1 2 0 -2 1 2 1
0 0 1 2 -2 -1 2 0 -2 2 4 0
0 0 1 2 -2 -1 2 -1 0 1 2 1
0 0 1 2 -2 -1 2 -1 0 2 4 0
0 0 1 2 -2 -1 2 -2 0 1 2 1
0 0 1 2 -2 -1 2 -2 0 2 4 0
0 0 1 2 -2 1 0 -1 -1 1 2 1
0 0 1 2 -2 1 0 -1 -1 2 4 1
0 0 1 2 -2 1 0 -1 -2 1 2 1
0 0 1 2 -2 1 0 -1 -2 2 4 0
0 0 1 2 -2 1 0 -2 -1 1 2 1
0 0 1 2 -2 1 0 -2 -1 2 4 1
0 0 1 2 -2 1 -1 0 -1 1 2 1
0 0 1 2 -2 1 -1 0 -1 2 4 1
0 0 1 2 -2 1 -1 0 -2 1 2 1
0 0 1 2 -2 1 -1 0 -2 2 4 1
0 0 1 2 -2 1 -1 -1 0 1 2 1
0 0 1 2 -2 1 -1 -1 0 2 7 8
0 0 1 2 -2 1 -1 -2 0 1 2 1
0 0 1 2 -2 1 -1 -2 0 2 7 8
0 0 1 2 -2 1 -2 0 -1 1 2 1
0 0 1 2 -2 1 -2 0 -1 2 4 0
0 0 1 2 -2 1 -2 -1 0 1 2 1
0 0 1 2 -2 1 -2 -1 0 2 7 8
0 0 1 2 -2 -2 0 -1 1 1 3 0
0 0 1 2 -2 -2 0 -1 1 2 4 0
0 0 1 2 -2 -2 0 -1 2 1 3 0
0 0 1 2 -2 -2 0 -1 2 2 4 0
0 0 1 2 -2 -2 0 1 -1 1 2 1
0 0 1 2 -2 -2 0 1 -1 2 4 0
0 0 1 2 -2 -2 0 -2 2 1 3 0
0 0 1 2 -2 -2 0 -2 2 2 4 0
0 0 1 2 -2 -2 0 2 -1 1 2 1
0 0 1 2 -2 -2 0 2 -1 2 4 0
0 0 1 2 -2 -2 0 2 -2 1 3 0
0 0 1 2 -2 -2 0 2 -2 2 4 0
0 0 1 2 -2 -2 -1 0 1 1 3 0
0 0 1 2 -2 -2 -1 0 1 2 4 0
0 0 1 2 -2 -2 -1 0 2 1 2 1
0 0 1 2 -2 -2 -1 0 2 2 4 0
0 0 1 2 -2 -2 -1 1 0 1 2 1
0 0 1 2 -2 -2 -1 1 0 2 4 0
0 0 1 2 -2 -2 -1 2 0 1 2 1
0 0 1 2 -2 -2 -1 2 0 2 4 0
0 0 1 2 -2 -2 1 0 -1 1 6 7
0 0 1 2 -2 -2 1 0 -1 2 8 7
0 0 1 2 -2 -2 1 -1 0 1 3 0
0 0 1 2 -2 -2 1 -1 0 2 4 0
0 0 1 2 -2 -2 -2 0 2 1 3 0
0 0 1 2 -2 -2 -2 0 2 2 4 0
0 0 1 2 -2 -2 -2 2 0 1 3 0
0 0 1 2 -2 -2 -2 2 0 2 4 0
0 0 1 2 -2 -2 2 0 -1 1 2 1
0 0 1 2 -2 -2 2 0 -1 2 4 0
0 0 1 2 -2 -2 2 0 -2 1 3 0
0 0 1 2 -2 -2 2 0 -2 2 4 0
0 0 1 2 -2 -2 2 -1 0 1 2 1
0 0 1 2 -2 -2 2 -1 0 2 4 0
0 0 1 2 -2 -2 2 -2 0 1 2 1
0 0 1 2 -2 -2 2 -2 0 2 4 0
0 0 1 2 -2 2 0 -1 -1 1 2 1
0 0 1 2 -2 2 0 -1 -1 2 4 1
0 0 1 2 -2 2 0 -1 -2 1 2 1
0 0 1 2 -2 2 0 -1 -2 2 4 0
0 0 1 2 -2 2 0 -2 -1 1 2 1
0 0 1 2 -2 2 0 -2 -1 2 4 1
0 0 1 2 -2 2 0 -2 -2 1 2 1
0 0 1 2 -2 2 0 -2 -2 2 4 0
0 0 1 2 -2 2 -1 0 -1 1 2 1
0 0 1 2 -2 2 -1 0 -1 2 4 0
0 0 1 2 -2 2 -1 0 -2 1 2 1
0 0 1 2 -2 2 -1 0 -2 2 4 0
0 0 1 2 -2 2 -1 -1 0 1 2 1
0 0 1 2 -2 2 -1 -1 0 2 4 0
0 0 1 2 -2 2 -1 -2 0 1 2 1
0 0 1 2 -2 2 -1 -2 0 2 4 0
0 0 1 2 -2 2 -2 0 -1 1 2 1
0 0 1 2 -2 2 -2 0 -1 2 4 0
0 0 1 2 -2 2 -2 0 -2 1 2 1
0 0 1 2 -2 2 -2 0 -2 2 4 0
0 0 1 2 -2 2 -2 -1 0 1 2 1
0 0 1 2 -2 2 -2 -1 0 2 4 0
0 0 1 2 -2 2 -2 -2 0 1 2 1
0 0 1 2 -2 2 -2 -2 0 2 4 0
0 0 1 2 2 0 -1 -1 -2 1 2 1
0 0 1 2 2 0 -1 -1 -2 2 8 5
0 0 1 2 2 0 -1 -2 -1 1 2 1
0 0 1 2 2 0 -1 -2 -1 2 8 5
0 0 1 2 2 0 -1 -2 -2 1 2 1
0 0 1 2 2 0 -1 -2 -2 2 8 5
0 0 1 2 2 0 -2 -1 -1 1 2 1
0 0 1 2 2 0 -2 -1 -1 2 8 5
0 0 1 2 2 0 -2 -1 -2 1 2 1
0 0 1 2 2 0 -2 -1 -2 2 8 5
0 0 1 2 2 0 -2 -2 -1 1 2 1
0 0 1 2 2 0 -2 -2 -1 2 8 5
0 0 1 2 2 0 -2 -2 -2 1 2 1
0 0 1 2 2 0 -2 -2 -2 2 8 5
0 0 1 2 2 -1 0 -1 -2 1 3 0
0 0 1 2 2 -1 0 -1 -2 2 7 6
0 0 1 2 2 -1 0 -2 -1 1 3 0
0 0 1 2 2 -1 0 -2 -1 2 7 6
0 0 1 2 2 -1 0 -2 -2 1 3 0
0 0 1 2 2 -1 0 -2 -2 2 7 6
0 0 1 2 2 -1 -1 0 -2 1 3 0
0 0 1 2 2 -1 -1 0 -2 2 8 7
0 0 1 2 2 -1 -1 -2 0 1 4 0
0 0 1 2 2 -1 -1 -2 0 2 7 8
0 0 1 2 2 -1 -2 0 -1 1 3 0
0 0 1 2 2 -1 -2 0 -1 2 8 7
0 0 1 2 2 -1 -2 0 -2 1 3 0
0 0 1 2 2 -1 -2 0 -2 2 8 7
0 0 1 2 2 -1 -2 -1 0 1 4 1
0 0 1 2 2 -1 -2 -1 0 2 7 8
0 0 1 2 2 -1 -2 -2 0 1 4 1
0 0 1 2 2 -1 -2 -2 0 2 7 8
0 0 1 2 2 -2 0 -1 -1 1 3 0
0 0 1 2 2 -2 0 -1 -1 2 7 6
0 0 1 2 2 -2 0 -1 -2 1 3 0
0 0 1 2 2 -2 0 -1 -2 2 7 6
0 0 1 2 2 -2 0 -2 -1 1 3 0
0 0 1 2 2 -2 0 -2 -1 2 7 6
0 0 1 2 2 -2 0 -2 -2 1 3 0
0 0 1 2 2 -2 0 -2 -2 2 7 6
0 0 1 2 2 -2 -1 0 -1 1 3 0
0 0 1 2 2 -2 -1 0 -1 2 8 7
0 0 1 2 2 -2 -1 0 -2 1 3 0
0 0 1 2 2 -2 -1 0 -2 2 8 7
0 0 1 2 2 -2 -1 -1 0 1 4 0
0 0 1 2 2 -2 -1 -1 0 2 7 8
0 0 1 2 2 -2 -1 -2 0 1 4 0
0 0 1 2 2 -2 -1 -2 0 2 7 8
0 0 1 2 2 -2 -2 0 -1 1 3 0
0 0 1 2 2 -2 -2 0 -1 2 8 7
0 0 1 2 2 -2 -2 0 -2 1 3 0
0 0 1 2 2 -2 -2 0 -2 2 8 7
0 0 1 2 2 -2 -2 -1 0 1 4 1
0 0 1 2 2 -2 -2 -1 0 2 7 8
0 0 1 2 2 -2 -2 -2 0 1 4 1
0 0 1 2 2 -2 -2 -2 0 2 7 8
0 0 -2 0 -1 -1 1 1 1 1 6 3
0 0 -2 0 -1 -1 1 1 1 2 2 1
0 0 -2 0 -1 -1 1 1 2 1 6 3
0 0 -2 0 -1 -1 1 1 2 2 2 1
0 0 -2 0 -1 -1 1 2 1 1 6 3
0 0 -2 0 -1 -1 1 2 1 2 2 1
0 0 -2 0 -1 -1 1 2 2 1 6 3
0 0 -2 0 -1 -1 1 2 2 2 2 1
0 0 -2 0 -1 -1 2 1 1 1 6 3
0 0 -2 0 -1 -1 2 1 1 2 2 1
0 0 -2 0 -1 -1 2 1 2 1 6 3
0 0 -2 0 -1 -1 2 1 2 2 2 1
0 0 -2 0 -1 -1 2 2 1 1 6 3
0 0 -2 0 -1 -1 2 2 1 2 2 1
0 0 -2 0 -1 1 -1 1 2 2 2 1
0 0 -2 0 -1 1 -1 2 1 2 2 1
0 0 -2 0 -1 1 -1 2 2 2 2 1
0 0 -2 0 -1 1 1 -1 1 1 6 3
0 0 -2 0 -1 1 1 -1 1 2 4 1
0 0 -2 0 -1 1 1 -1 2 1 6 3
0 0 -2 0 -1 1 1 -1 2 2 2 1
0 0 -2 0 -1 1 1 1 -1 1 6 3
0 0 -2 0 -1 1 1 1 -1 2 2 1
0 0 -2 0 -1 1 1 -2 2 1 6 3
0 0 -2 0 -1 1 1 -2 2 2 4 0
0 0 -2 0 -1 1 1 2 -1 1 6 3
0 0 -2 0 -1 1 1 2 -1 2 2 1
0 0 -2 0 -1 1 1 2 -2 1 6 3
0 0 -2 0 -1 1 1 2 -2 2 4 1
0 0 -2 0 -1 1 -2 1 2 2 2 1
0 0 -2 0 -1 1 -2 2 1 2 2 1
0 0 -2 0 -1 1 -2 2 2 2 2 1
0 0 -2 0 -1 1 2 -1 1 1 6 3
0 0 -2 0 -1 1 2 -1 1 2 2 1
0 0 -2 0 -1 1 2 -1 2 1 6 3
0 0 -2 0 -1 1 2 -1 2 2 2 1
0 0 -2 0 -1 1 2 1 -1 1 6 3
0 0 -2 0 -1 1 2 1 -1 2 2 1
0 0 -2 0 -1 1 2 1 -2 1 6 3
0 0 -2 0 -1 1 2 1 -2 2 4 0
0 0 -2 0 -1 1 2 -2 1 1 6 3
0 0 -2 0 -1 1 2 -2 1 2 4 1
0 0 -2 0 -1 1 2 -2 2 1 6 3
0 0 -2 0 -1 1 2 -2 2 2 2 1
0 0 -2 0 -1 1 2 2 -1 1 6 3
0 0 -2 0 -1 1 2 2 -1 2 2 1
0 0 -2 0 -1 1 2 2 -2 1 6 3
0 0 -2 0 -1 1 2 2 -2 2 4 1
0 0 -2 0 -1 -2 1 1 2 1 6 3
0 0 -2 0 -1 -2 1 1 2 2 4 0
0 0 -2 0 -1 -2 1 2 1 1 6 3
0 0 -2 0 -1 -2 1 2 1 2 4 0
0 0 -2 0 -1 -2 1 2 2 1 6 3
0 0 -2 0 -1 -2 1 2 2 2 4 0
0 0 -2 0 -1 -2 2 1 1 1 6 3
0 0 -2 0 -1 -2 2 1 1 2 4 0
0 0 -2 0 -1 -2 2 1 2 1 6 3
0 0 -2 0 -1 -2 2 1 2 2 4 0
0 0 -2 0 -1 -2 2 2 1 1 6 3
0 0 -2 0 -1 -2 2 2 1 2 4 0
0 0 -2 0 -1 -2 2 2 2 1 6 3
0 0 -2 0 -1 -2 2 2 2 2 4 0
0 0 -2 0 -1 2 -1 1 1 2 2 1
0 0 -2 0 -1 2 -1 1 2 2 2 1
0 0 -2 0 -1 2 -1 2 1 2 2 1
0 0 -2 0 -1 2 1 -1 1 1 6 3
0 0 -2 0 -1 2 1 -1 1 2 2 1
0 0 -2 0 -1 2 1 -1 2 1 6 3
0 0 -2 0 -1 2 1 -1 2 2 2 1
0 0 -2 0 -1 2 1 1 -1 1 6 3
0 0 -2 0 -1 2 1 1 -1 2 2 1
0 0 -2 0 -1 2 1 1 -2 1 6 3
0 0 -2 0 -1 2 1 1 -2 2 2 1
0 0 -2 0 -1 2 1 -2 1 1 6 3
0 0 -2 0 -1 2 1 -2 1 2 2 1
0 0 -2 0 -1 2 1 -2 2 1 6 3
0 0 -2 0 -1 2 1 -2 2 2 4 0
0 0 -2 0 -1 2 1 2 -1 1 6 3
0 0 -2 0 -1 2 1 2 -1 2 2 1
0 0 -2 0 -1 2 1 2 -2 1 6 3
0 0 -2 0 -1 2 1 2 -2 2 2 1
0 0 -2 0 -1 2 -2 1 1 2 2 1
0 0 -2 0 -1 2 -2 1 2 2 2 1
0 0 -2 0 -1 2 -2 2 1 2 2 1
0 0 -2 0 -1 2 -2 2 2 2 2 1
0 0 -2 0 -1 2 2 -1 1 1 6 3
0 0 -2 0 -1 2 2 -1 1 2 2 1
0 0 -2 0 -1 2 2 1 -1 1 6 3
0 0 -2 0 -1 2 2 1 -1 2 2 1
0 0 -2 0 -1 2 2 1 -2 1 6 3
0 0 -2 0 -1 2 2 1 -2 2 2 1
0 0 -2 0 -1 2 2 -2 1 1 6 3
0 0 -2 0 -1 2 2 -2 1 2 2 1
0 0 -2 0 -1 2 2 -2 2 1 6 3
0 0 -2 0 -1 2 2 -2 2 2 2 1
0 0 -2 0 -1 2 2 2 -2 1 6 3
0 0 -2 0 -1 2 2 2 -2 2 2 1
0 0 -2 0 1 -1 -1 1 1 1 4 0
0 0 -2 0 1 -1 -1 1 1 2 2 1
0 0 -2 0 1 -1 -1 1 2 1 4 0
0 0 -2 0 1 -1 -1 1 2 2 2 1
0 0 -2 0 1 -1 -1 2 1 1 4 0
0 0 -2 0 1 -1 -1 2 1 2 2 1
0 0 -2 0 1 -1 -1 2 2 1 4 0
0 0 -2 0 1 -1 -1 2 2 2 2 1
0 0 -2 0 1 -1 1 -1 1 1 4 0
0 0 -2 0 1 -1 1 -1 1 2 2 1
0 0 -2 0 1 -1 1 -1 2 1 4 0
0 0 -2 0 1 -1 1 -1 2 2 2 1
0 0 -2 0 1 -1 1 1 -1 1 4 0
0 0 -2 0 1 -1 1 1 -1 2 2 1
0 0 -2 0 1 -1 1 -2 2 1 4 0
0 0 -2 0 1 -1 1 -2 2 2 2 1
0 0 -2 0 1 -1 1 2 -1 1 4 0
0 0 -2 0 1 -1 1 2 -1 2 2 1
0 0 -2 0 1 -1 1 2 -2 1 6 3
0 0 -2 0 1 -1 1 2 -2 2 2 1
0 0 -2 0 1 -1 -2 1 2 1 4 0
0 0 -2 0 1 -1 -2 1 2 2 2 1
0 0 -2 0 1 -1 -2 2 1 1 4 0
0 0 -2 0 1 -1 -2 2 1 2 2 1
0 0 -2 0 1 -1 -2 2 2 1 4 0
0 0 -2 0 1 -1 -2 2 2 2 2 1
0 0 -2 0 1 -1 2 -1 1 1 4 0
0 0 -2 0 1 -1 2 -1 1 2 2 1
0 0 -2 0 1 -1 2 -1 2 1 4 0
0 0 -2 0 1 -1 2 -1 2 2 2 1
0 0 -2 0 1 -1 2 1 -1 1 4 0
0 0 -2 0 1 -1 2 1 -1 2 2 1
0 0 -2 0 1 -1 2 1 -2 1 6 3
0 0 -2 0 1 -1 2 1 -2 2 2 1
0 0 -2 0 1 -1 2 -2 1 1 4 0
0 0 -2 0 1 -1 2 -2 1 2 2 1
0 0 -2 0 1 -1 2 -2 2 1 4 0
0 0 -2 0 1 -1 2 -2 2 2 2 1
0 0 -2 0 1 -1 2 2 -1 1 4 0
0 0 -2 0 1 -1 2 2 -1 2 2 1
0 0 -2 0 1 -1 2 2 -2 1 6 3
0 0 -2 0 1 -1 2 2 -2 2 2 1
0 0 -2 0 1 1 -1 -1 1 1 4 0
0 0 -2 0 1 1 -1 -1 1 2 6 3
0 0 -2 0 1 1 -1 -1 2 1 4 0
0 0 -2 0 1 1 -1 -1 2 2 6 3
0 0 -2 0 1 1 -1 1 -1 1 4 0
0 0 -2 0 1 1 -1 1 -1 2 2 1
0 0 -2 0 1 1 -1 -2 2 1 4 0
0 0 -2 0 1 1 -1 -2 2 2 6 3
0 0 -2 0 1 1 -1 2 -1 1 4 0
0 0 -2 0 1 1 -1 2 -1 2 2 1
0 0 -2 0 1 1 -1 2 -2 1 4 0
0 0 -2 0 1 1 -1 2 -2 2 2 1
0 0 -2 0 1 1 1 -1 -1 1 4 0
0 0 -2 0 1 1 1 -1 -1 2 2 1
0 0 -2 0 1 1 -2 -1 2 1 4 0
0 0 -2 0 1 1 -2 -1 2 2 6 3
0 0 -2 0 1 1 -2 2 -1 1 4 0
0 0 -2 0 1 1 -2 2 -1 2 2 1
0 0 -2 0 1 1 2 -1 -1 1 4 0
0 0 -2 0 1 1 2 -1 -1 2 2 1
0 0 -2 0 1 1 2 -1 -2 1 4 0
0 0 -2 0 1 1 2 -1 -2 2 2 1
0 0 -2 0 1 1 2 -2 -1 1 4 0
0 0 -2 0 1 1 2 -2 -1 2 2 1
0 0 -2 0 1 -2 -1 1 2 1 4 0
0 0 -2 0 1 -2 -1 1 2 2 2 1
0 0 -2 0 1 -2 -1 2 1 1 4 0
0 0 -2 0 1 -2 -1 2 1 2 2 1
0 0 -2 0 1 -2 -1 2 2 1 4 0
0 0 -2 0 1 -2 -1 2 2 2 2 1
0 0 -2 0 1 -2 1 -1 2 1 4 0
0 0 -2 0 1 -2 1 -1 2 2 2 1
0 0 -2 0 1 -2 1 2 -1 1 4 0
0 0 -2 0 1 -2 1 2 -1 2 2 1
0 0 -2 0 1 -2 -2 2 2 1 4 0
0 0 -2 0 1 -2 -2 2 2 2 2 1
0 0 -2 0 1 -2 2 -1 1 1 4 0
0 0 -2 0 1 -2 2 -1 1 2 2 1
0 0 -2 0 1 -2 2 -1 2 1 4 0
0 0 -2 0 1 -2 2 -1 2 2 2 1
0 0 -2 0 1 -2 2 1 -1 1 4 0
0 0 -2 0 1 -2 2 1 -1 2 2 1
0 0 -2 0 1 -2 2 -2 2 1 4 0
0 0 -2 0 1 -2 2 -2 2 2 2 1
0 0 -2 0 1 -2 2 2 -1 1 4 0
0 0 -2 0 1 -2 2 2 -1 2 2 1
0 0 -2 0 1 2 -1 -1 1 1 4 0
0 0 -2 0 1 2 -1 -1 1 2 6 3
0 0 -2 0 1 2 -1 -1 2 1 4 0
0 0 -2 0 1 2 -1 -1 2 2 6 3
0 0 -2 0 1 2 -1 1 -1 1 4 0
0 0 -2 0 1 2 -1 1 -1 2 2 1
0 0 -2 0 1 2 -1 1 -2 1 4 0
0 0 -2 0 1 2 -1 1 -2 2 2 1
0 0 -2 0 1 2 -1 -2 1 1 4 0
0 0 -2 0 1 2 -1 -2 1 2 2 1
0 0 -2 0 1 2 -1 -2 2 1 4 0
0 0 -2 0 1 2 -1 -2 2 2 6 3
0 0 -2 0 1 2 -1 2 -1 1 4 0
0 0 -2 0 1 2 -1 2 -1 2 2 1
0 0 -2 0 1 2 -1 2 -2 1 4 0
0 0 -2 0 1 2 -1 2 -2 2 2 1
0 0 -2 0 1 2 1 -1 -1 1 4 0
0 0 -2 0 1 2 1 -1 -1 2 2 1
0 0 -2 0 1 2 1 -1 -2 1 4 0
0 0 -2 0 1 2 1 -1 -2 2 2 1
0 0 -2 0 1 2 1 -2 -1 1 4 0
0 0 -2 0 1 2 1 -2 -1 2 2 1
0 0 -2 0 1 2 -2 -1 1 1 4 0
0 0 -2 0 1 2 -2 -1 1 2 6 3
0 0 -2 0 1 2 -2 -1 2 1 4 0
0 0 -2 0 1 2 -2 -1 2 2 6 3
0 0 -2 0 1 2 -2 1 -1 1 4 0
0 0 -2 0 1 2 -2 1 -1 2 2 1
0 0 -2 0 1 2 -2 -2 2 1 4 0
0 0 -2 0 1 2 -2 -2 2 2 6 3
0 0 -2 0 1 2 -2 2 -1 1 4 0
0 0 -2 0 1 2 -2 2 -1 2 2 1
0 0 -2 0 1 2 -2 2 -2 1 4 0
0 0 -2 0 1 2 -2 2 -2 2 2 1
0 0 -2 0 1 2 2 -1 -1 1 4 0
0 0 -2 0 1 2 2 -1 -1 2 2 1
0 0 -2 0 1 2 2 -1 -2 1 4 0
0 0 -2 0 1 2 2 -1 -2 2 2 1
0 0 -2 0 1 2 2 -2 -1 1 4 0
0 0 -2 0 1 2 2 -2 -1 2 2 1
0 0 -2 0 1 2 2 -2 -2 1 4 0
0 0 -2 0 1 2 2 -2 -2 2 2 1
0 0 -2 0 -2 -1 1 1 2 1 6 3
0 0 -2 0 -2 -1 1 1 2 2 2 1
0 0 -2 0 -2 -1 1 2 1 1 6 3
0 0 -2 0 -2 -1 1 2 1 2 2 1
0 0 -2 0 -2 -1 1 2 2 1 6 3
0 0 -2 0 -2 -1 1 2 2 2 2 1
0 0 -2 0 -2 -1 2 1 1 1 6 3
0 0 -2 0 -2 -1 2 1 1 2 2 1
0 0 -2 0 -2 -1 2 1 2 1 6 3
0 0 -2 0 -2 -1 2 1 2 2 2 1
0 0 -2 0 -2 -1 2 2 1 1 6 3
0 0 -2 0 -2 -1 2 2 1 2 2 1
0 0 -2 0 -2 -1 2 2 2 1 6 3
0 0 -2 0 -2 -1 2 2 2 2 2 1
0 0 -2 0 -2 1 -1 1 2 2 2 1
0 0 -2 0 -2 1 -1 2 1 2 2 1
0 0 -2 0 -2 1 -1 2 2 2 2 1
0 0 -2 0 -2 1 1 -1 2 1 6 3
0 0 -2 0 -2 1 1 -1 2 2 2 1
0 0 -2 0 -2 1 1 2 -1 1 6 3
0 0 -2 0 -2 1 1 2 -1 2 2 1
0 0 -2 0 -2 1 2 -1 1 1 6 3
0 0 -2 0 -2 1 2 -1 1 2 2 1
0 0 -2 0 -2 1 2 -1 2 1 6 3
0 0 -2 0 -2 1 2 -1 2 2 2 1
0 0 -2 0 -2 1 2 1 -1 1 6 3
0 0 -2 0 -2 1 2 1 -1 2 2 1
0 0 -2 0 -2 1 2 -2 2 1 6 3
0 0 -2 0 -2 1 2 -2 2 2 2 1
0 0 -2 0 -2 1 2 2 -1 1 6 3
0 0 -2 0 -2 1 2 2 -1 2 2 1
0 0 -2 0 -2 1 2 2 -2 1 6 3
0 0 -2 0 -2 1 2 2 -2 2 2 1
0 0 -2 0 -2 2 -1 1 1 2 2 1
0 0 -2 0 -2 2 -1 1 2 2 2 1
0 0 -2 0 -2 2 -1 2 1 2 2 1
0 0 -2 0 -2 2 -1 2 2 2 2 1
0 0 -2 0 -2 2 1 -1 1 1 6 3
0 0 -2 0 -2 2 1 -1 1 2 2 1
0 0 -2 0 -2 2 1 -1 2 1 6 3
0 0 -2 0 -2 2 1 -1 2 2 2 1
0 0 -2 0 -2 2 1 1 -1 1 6 3
0 0 -2 0 -2 2 1 1 -1 2 2 1
0 0 -2 0 -2 2 1 -2 2 1 6 3
0 0 -2 0 -2 2 1 -2 2 2 2 1
0 0 -2 0 -2 2 1 2 -1 1 6 3
0 0 -2 0 -2 2 1 2 -1 2 2 1
0 0 -2 0 -2 2 1 2 -2 1 6 3
0 0 -2 0 -2 2 1 2 -2 2 2 1
0 0 -2 0 -2 2 2 -1 1 1 6 3
0 0 -2 0 -2 2 2 -1 1 2 2 1
0 0 -2 0 -2 2 2 -1 2 1 6 3
0 0 -2 0 -2 2 2 -1 2 2 2 1
0 0 -2 0 -2 2 2 1 -1 1 6 3
0 0 -2 0 -2 2 2 1 -1 2 2 1
0 0 -2 0 -2 2 2 1 -2 1 6 3
0 0 -2 0 -2 2 2 1 -2 2 2 1
0 0 -2 0 -2 2 2 -2 1 1 6 3
0 0 -2 0 -2 2 2 -2 1 2 2 1
0 0 -2 0 -2 2 2 -2 2 1 6 3
0 0 -2 0 -2 2 2 -2 2 2 2 1
0 0 -2 0 -2 2 2 2 -1 1 6 3
0 0 -2 0 -2 2 2 2 -1 2 2 1
0 0 -2 0 -2 2 2 2 -2 1 6 3
0 0 -2 0 -2 2 2 2 -2 2 2 1
0 0 -2 0 2 -1 -1 1 1 1 4 0
0 0 -2 0 2 -1 -1 1 1 2 2 1
0 0 -2 0 2 -1 -1 1 2 1 4 0
0 0 -2 0 2 -1 -1 1 2 2 2 1
0 0 -2 0 2 -1 -1 2 1 1 4 0
0 0 -2 0 2 -1 -1 2 1 2 2 1
0 0 -2 0 2 -1 1 -1 1 1 4 0
0 0 -2 0 2 -1 1 -1 1 2 2 1
0 0 -2 0 2 -1 1 -1 2 1 6 3
0 0 -2 0 2 -1 1 -1 2 2 2 1
0 0 -2 0 2 -1 1 1 -1 1 4 0
0 0 -2 0 2 -1 1 1 -1 2 2 1
0 0 -2 0 2 -1 1 1 -2 1 6 3
0 0 -2 0 2 -1 1 1 -2 2 2 1
0 0 -2 0 2 -1 1 -2 1 1 4 1
0 0 -2 0 2 -1 1 -2 1 2 2 1
0 0 -2 0 2 -1 1 -2 2 1 6 3
0 0 -2 0 2 -1 1 -2 2 2 2 1
0 0 -2 0 2 -1 1 2 -1 1 4 0
0 0 -2 0 2 -1 1 2 -1 2 2 1
0 0 -2 0 2 -1 1 2 -2 1 6 3
0 0 -2 0 2 -1 1 2 -2 2 2 1
0 0 -2 0 2 -1 -2 1 1 1 4 0
0 0 -2 0 2 -1 -2 1 1 2 2 1
0 0 -2 0 2 -1 -2 1 2 1 4 0
0 0 -2 0 2 -1 -2 1 2 2 2 1
0 0 -2 0 2 -1 -2 2 1 1 4 0
0 0 -2 0 2 -1 -2 2 1 2 2 1
0 0 -2 0 2 -1 -2 2 2 1 4 0
0 0 -2 0 2 -1 -2 2 2 2 2 1
0 0 -2 0 2 -1 2 -1 1 1 4 0
0 0 -2 0 2 -1 2 -1 1 2 2 1
0 0 -2 0 2 -1 2 1 -1 1 4 0
0 0 -2 0 2 -1 2 1 -1 2 2 1
0 0 -2 0 2 -1 2 1 -2 1 6 3
0 0 -2 0 2 -1 2 1 -2 2 2 1
0 0 -2 0 2 -1 2 -2 1 1 4 0
0 0 -2 0 2 -1 2 -2 1 2 2 1
0 0 -2 0 2 -1 2 -2 2 1 6 3
0 0 -2 0 2 -1 2 -2 2 2 2 1
0 0 -2 0 2 -1 2 2 -2 1 6 3
0 0 -2 0 2 -1 2 2 -2 2 2 1
0 0 -2 0 2 1 -1 -1 1 1 4 0
0 0 -2 0 2 1 -1 -1 1 2 6 3
0 0 -2 0 2 1 -1 -1 2 1 4 0
0 0 -2 0 2 1 -1 -1 2 2 6 3
0 0 -2 0 2 1 -1 1 -1 1 4 0
0 0 -2 0 2 1 -1 1 -1 2 2 1
0 0 -2 0 2 1 -1 1 -2 1 4 0
0 0 -2 0 2 1 -1 1 -2 2 2 1
0 0 -2 0 2 1 -1 -2 1 1 4 0
0 0 -2 0 2 1 -1 -2 1 2 2 1
0 0 -2 0 2 1 -1 -2 2 1 4 0
0 0 -2 0 2 1 -1 -2 2 2 6 3
0 0 -2 0 2 1 -1 2 -1 1 4 0
0 0 -2 0 2 1 -1 2 -1 2 2 1
0 0 -2 0 2 1 -1 2 -2 1 4 0
0 0 -2 0 2 1 -1 2 -2 2 2 1
0 0 -2 0 2 1 1 -1 -1 1 4 0
0 0 -2 0 2 1 1 -1 -1 2 2 1
0 0 -2 0 2 1 1 -1 -2 1 4 0
0 0 -2 0 2 1 1 -1 -2 2 2 1
0 0 -2 0 2 1 1 -2 -1 1 4 0
0 0 -2 0 2 1 1 -2 -1 2 2 1
0 0 -2 0 2 1 -2 -1 1 1 4 0
0 0 -2 0 2 1 -2 -1 1 2 6 3
0 0 -2 0 2 1 -2 -1 2 1 4 0
0 0 -2 0 2 1 -2 -1 2 2 6 3
0 0 -2 0 2 1 -2 1 -1 1 4 0
0 0 -2 0 2 1 -2 1 -1 2 2 1
0 0 -2 0 2 1 -2 -2 2 1 4 0
0 0 -2 0 2 1 -2 -2 2 2 6 3
0 0 -2 0 2 1 -2 2 -1 1 4 0
0 0 -2 0 2 1 -2 2 -1 2 2 1
0 0 -2 0 2 1 -2 2 -2 1 4 0
0 0 -2 0 2 1 -2 2 -2 2 2 1
0 0 -2 0 2 1 2 -1 -1 1 4 0
0 0 -2 0 2 1 2 -1 -1 2 2 1
0 0 -2 0 2 1 2 -1 -2 1 4 0
0 0 -2 0 2 1 2 -1 -2 2 2 1
0 0 -2 0 2 1 2 -2 -1 1 4 0
0 0 -2 0 2 1 2 -2 -1 2 2 1
0 0 -2 0 2 1 2 -2 -2 1 4 0
0 0 -2 0 2 1 2 -2 -2 2 2 1
0 0 -2 0 2 -2 -1 1 1 1 4 0
0 0 -2 0 2 -2 -1 1 1 2 2 1
0 0 -2 0 2 -2 -1 1 2 1 4 0
0 0 -2 0 2 -2 -1 1 2 2 2 1
0 0 -2 0 2 -2 -1 2 1 1 4 0
0 0 -2 0 2 -2 -1 2 1 2 2 1
0 0 -2 0 2 -2 -1 2 2 1 4 0
0 0 -2 0 2 -2 -1 2 2 2 2 1
0 0 -2 0 2 -2 1 -1 1 1 4 0
0 0 -2 0 2 -2 1 -1 1 2 2 1
0 0 -2 0 2 -2 1 -1 2 1 6 3
0 0 -2 0 2 -2 1 -1 2 2 2 1
0 0 -2 0 2 -2 1 1 -1 1 4 0
0 0 -2 0 2 -2 1 1 -1 2 2 1
0 0 -2 0 2 -2 1 -2 2 1 6 3
0 0 -2 0 2 -2 1 -2 2 2 2 1
0 0 -2 0 2 -2 1 2 -1 1 4 0
0 0 -2 0 2 -2 1 2 -1 2 2 1
0 0 -2 0 2 -2 -2 1 2 1 4 0
0 0 -2 0 2 -2 -2 1 2 2 2 1
0 0 -2 0 2 -2 -2 2 1 1 4 0
0 0 -2 0 2 -2 -2 2 1 2 2 1
0 0 -2 0 2 -2 -2 2 2 1 4 0
0 0 -2 0 2 -2 -2 2 2 2 2 1
0 0 -2 0 2 -2 2 -1 1 1 4 0
0 0 -2 0 2 -2 2 -1 1 2 2 1
0 0 -2 0 2 -2 2 -1 2 1 6 3
0 0 -2 0 2 -2 2 -1 2 2 2 1
0 0 -2 0 2 -2 2 1 -1 1 4 0
0 0 -2 0 2 -2 2 1 -1 2 2 1
0 0 -2 0 2 -2 2 -2 1 1 4 0
0 0 -2 0 2 -2 2 -2 1 2 2 1
0 0 -2 0 2 -2 2 -2 2 1 6 3
0 0 -2 0 2 -2 2 -2 2 2 2 1
0 0 -2 0 2 -2 2 2 -1 1 4 0
0 0 -2 0 2 -2 2 2 -1 2 2 1
0 0 -2 0 2 2 -1 -1 1 1 4 0
0 0 -2 0 2 2 -1 -1 1 2 6 3
0 0 -2 0 2 2 -1 1 -1 1 4 0
0 0 -2 0 2 2 -1 1 -1 2 2 1
0 0 -2 0 2 2 -1 1 -2 1 4 0
0 0 -2 0 2 2 -1 1 -2 2 2 1
0 0 -2 0 2 2 -1 -2 1 1 4 0
0 0 -2 0 2 2 -1 -2 1 2 2 1
0 0 -2 0 2 2 -1 -2 2 1 4 0
0 0 -2 0 2 2 -1 -2 2 2 6 3
0 0 -2 0 2 2 -1 2 -2 1 4 0
0 0 -2 0 2 2 -1 2 -2 2 2 1
0 0 -2 0 2 2 1 -1 -1 1 4 0
0 0 -2 0 2 2 1 -1 -1 2 2 1
0 0 -2 0 2 2 1 -1 -2 1 4 0
0 0 -2 0 2 2 1 -1 -2 2 2 1
0 0 -2 0 2 2 1 -2 -1 1 4 0
0 0 -2 0 2 2 1 -2 -1 2 2 1
0 0 -2 0 2 2 1 -2 -2 1 4 0
0 0 -2 0 2 2 1 -2 -2 2 2 1
0 0 -2 0 2 2 -2 -1 1 1 4 0
0 0 -2 0 2 2 -2 -1 1 2 6 3
0 0 -2 0 2 2 -2 -1 2 1 4 0
0 0 -2 0 2 2 -2 -1 2 2 6 3
0 0 -2 0 2 2 -2 1 -1 1 4 0
0 0 -2 0 2 2 -2 1 -1 2 2 1
0 0 -2 0 2 2 -2 1 -2 1 4 0
0 0 -2 0 2 2 -2 1 -2 2 2 1
0 0 -2 0 2 2 -2 -2 1 1 4 0
0 0 -2 0 2 2 -2 -2 1 2 2 1
0 0 -2 0 2 2 -2 -2 2 1 4 0
0 0 -2 0 2 2 -2 -2 2 2 6 3
0 0 -2 0 2 2 -2 2 -1 1 4 0
0 0 -2 0 2 2 -2 2 -1 2 2 1
0 0 -2 0 2 2 -2 2 -2 1 4 0
0 0 -2 0 2 2 -2 2 -2 2 2 1
0 0 -2 0 2 2 2 -1 -2 1 4 0
0 0 -2 0 2 2 2 -1 -2 2 2 1
0 0 -2 0 2 2 2 -2 -1 1 4 0
0 0 -2 0 2 2 2 -2 -1 2 2 1
0 0 -2 0 2 2 2 -2 -2 1 4 0
0 0 -2 0 2 2 2 -2 -2 2 2 1
0 0 -2 -1 0 -1 1 1 1 1 6 4
0 0 -2 -1 0 -1 1 1 1 2 2 4
0 0 -2 -1 0 -1 1 1 2 1 6 4
0 0 -2 -1 0 -1 1 1 2 2 2 4
0 0 -2 -1 0 -1 1 2 1 1 6 4
0 0 -2 -1 0 -1 1 2 1 2 2 4
0 0 -2 -1 0 -1 1 2 2 1 6 4
0 0 -2 -1 0 -1 1 2 2 2 2 4
0 0 -2 -1 0 -1 2 1 1 1 6 4
0 0 -2 -1 0 -1 2 1 1 2 2 4
0 0 -2 -1 0 -1 2 1 2 1 6 4
0 0 -2 -1 0 -1 2 1 2 2 2 4
0 0 -2 -1 0 -1 2 2 1 1 6 4
0 0 -2 -1 0 -1 2 2 1 2 2 4
0 0 -2 -1 0 1 -1 1 1 1 5 4
0 0 -2 -1 0 1 -1 1 1 2 3 4
0 0 -2 -1 0 1 -1 1 2 1 5 4
0 0 -2 -1 0 1 -1 1 2 2 3 4
0 0 -2 -1 0 1 -1 2 1 1 5 4
0 0 -2 -1 0 1 -1 2 1 2 3 4
0 0 -2 -1 0 1 -1 2 2 1 5 4
0 0 -2 -1 0 1 -1 2 2 2 3 4
0 0 -2 -1 0 1 1 -1 1 1 5 4
0 0 -2 -1 0 1 1 -1 1 2 3 4
0 0 -2 -1 0 1 1 -1 2 1 5 4
0 0 -2 -1 0 1 1 -1 2 2 3 4
0 0 -2 -1 0 1 1 1 -1 1 5 4
0 0 -2 -1 0 1 1 1 -1 2 2 1
0 0 -2 -1 0 1 1 -2 2 1 8 4
0 0 -2 -1 0 1 1 -2 2 2 3 4
0 0 -2 -1 0 1 1 2 -1 1 5 4
0 0 -2 -1 0 1 1 2 -1 2 2 4
0 0 -2 -1 0 1 1 2 -2 1 7 4
0 0 -2 -1 0 1 1 2 -2 2 2 4
0 0 -2 -1 0 1 -2 1 2 1 5 4
0 0 -2 -1 0 1 -2 1 2 2 2 4
0 0 -2 -1 0 1 -2 2 1 1 5 4
0 0 -2 -1 0 1 -2 2 1 2 2 4
0 0 -2 -1 0 1 -2 2 2 1 5 4
0 0 -2 -1 0 1 -2 2 2 2 2 4
0 0 -2 -1 0 1 2 -1 1 1 5 4
0 0 -2 -1 0 1 2 -1 1 2 3 4
0 0 -2 -1 0 1 2 -1 2 1 5 4
0 0 -2 -1 0 1 2 -1 2 2 3 4
0 0 -2 -1 0 1 2 1 -1 1 5 4
0 0 -2 -1 0 1 2 1 -1 2 2 1
0 0 -2 -1 0 1 2 1 -2 1 7 4
0 0 -2 -1 0 1 2 1 -2 2 2 4
0 0 -2 -1 0 1 2 -2 1 1 5 4
0 0 -2 -1 0 1 2 -2 1 2 3 4
0 0 -2 -1 0 1 2 -2 2 1 5 4
0 0 -2 -1 0 1 2 -2 2 2 3 4
0 0 -2 -1 0 1 2 2 -1 1 5 4
0 0 -2 -1 0 1 2 2 -1 2 2 4
0 0 -2 -1 0 1 2 2 -2 1 7 4
0 0 -2 -1 0 1 2 2 -2 2 2 4
0 0 -2 -1 0 -2 1 1 2 1 6 4
0 0 -2 -1 0 -2 1 1 2 2 2 4
0 0 -2 -1 0 -2 1 2 1 1 6 4
0 0 -2 -1 0 -2 1 2 1 2 2 4
0 0 -2 -1 0 -2 1 2 2 1 6 4
0 0 -2 -1 0 -2 1 2 2 2 2 4
0 0 -2 -1 0 -2 2 1 1 1 6 4
0 0 -2 -1 0 -2 2 1 1 2 2 4
0 0 -2 -1 0 -2 2 1 2 1 6 4
0 0 -2 -1 0 -2 2 1 2 2 2 4
0 0 -2 -1 0 -2 2 2 1 1 6 4
0 0 -2 -1 0 -2 2 2 1 2 2 4
0 0 -2 -1 0 -2 2 2 2 1 6 4
0 0 -2 -1 0 -2 2 2 2 2 2 4
0 0 -2 -1 0 2 -1 1 1 1 5 4
0 0 -2 -1 0 2 -1 1 1 2 3 4
0 0 -2 -1 0 2 -1 1 2 1 5 4
0 0 -2 -1 0 2 -1 1 2 2 3 4
0 0 -2 -1 0 2 -1 2 1 1 5 4
0 0 -2 -1 0 2 -1 2 1 2 3 4
0 0 -2 -1 0 2 1 -1 1 1 5 4
0 0 -2 -1 0 2 1 -1 1 2 3 4
0 0 -2 -1 0 2 1 -1 2 1 5 4
0 0 -2 -1 0 2 1 -1 2 2 3 4
0 0 -2 -1 0 2 1 1 -1 1 5 4
0 0 -2 -1 0 2 1 1 -1 2 2 1
0 0 -2 -1 0 2 1 1 -2 1 6 4
0 0 -2 -1 0 2 1 1 -2 2 2 4
0 0 -2 -1 0 2 1 -2 1 1 8 4
0 0 -2 -1 0 2 1 -2 1 2 3 4
0 0 -2 -1 0 2 1 -2 2 1 8 4
0 0 -2 -1 0 2 1 -2 2 2 3 4
0 0 -2 -1 0 2 1 2 -1 1 5 4
0 0 -2 -1 0 2 1 2 -1 2 2 4
0 0 -2 -1 0 2 1 2 -2 1 6 4
0 0 -2 -1 0 2 1 2 -2 2 2 4
0 0 -2 -1 0 2 -2 1 1 1 5 4
0 0 -2 -1 0 2 -2 1 1 2 2 4
0 0 -2 -1 0 2 -2 1 2 1 5 4
0 0 -2 -1 0 2 -2 1 2 2 2 4
0 0 -2 -1 0 2 -2 2 1 1 5 4
0 0 -2 -1 0 2 -2 2 1 2 2 4
0 0 -2 -1 0 2 -2 2 2 1 5 4
0 0 -2 -1 0 2 -2 2 2 2 2 4
0 0 -2 -1 0 2 2 -1 1 1 5 4
0 0 -2 -1 0 2 2 -1 1 2 3 4
0 0 -2 -1 0 2 2 1 -1 1 5 4
0 0 -2 -1 0 2 2 1 -1 2 2 1
0 0 -2 -1 0 2 2 1 -2 1 6 4
0 0 -2 -1 0 2 2 1 -2 2 2 4
0 0 -2 -1 0 2 2 -2 1 1 5 4
0 0 -2 -1 0 2 2 -2 1 2 3 4
0 0 -2 -1 0 2 2 -2 2 1 5 4
0 0 -2 -1 0 2 2 -2 2 2 3 4
0 0 -2 -1 0 2 2 2 -2 1 6 4
0 0 -2 -1 0 2 2 2 -2 2 2 4
0 0 -2 -1 -1 0 1 1 1 1 8 5
0 0 -2 -1 -1 0 1 1 1 2 2 5
0 0 -2 -1 -1 0 1 1 2 1 8 5
0 0 -2 -1 -1 0 1 1 2 2 2 5
0 0 -2 -1 -1 0 1 2 1 1 8 5
0 0 -2 -1 -1 0 1 2 1 2 2 5
0 0 -2 -1 -1 0 1 2 2 1 8 5
0 0 -2 -1 -1 0 1 2 2 2 2 5
0 0 -2 -1 -1 0 2 1 1 1 8 5
0 0 -2 -1 -1 0 2 1 1 2 2 5
0 0 -2 -1 -1 0 2 1 2 1 8 5
0 0 -2 -1 -1 0 2 1 2 2 2 5
0 0 -2 -1 -1 0 2 2 1 1 8 5
0 0 -2 -1 -1 0 2 2 1 2 2 5
0 0 -2 -1 -1 1 0 1 1 1 7 6
0 0 -2 -1 -1 1 0 1 1 2 3 0
0 0 -2 -1 -1 1 0 1 2 1 7 6
0 0 -2 -1 -1 1 0 1 2 2 3 0
0 0 -2 -1 -1 1 0 2 1 1 7 6
0 0 -2 -1 -1 1 0 2 1 2 3 0
0 0 -2 -1 -1 1 0 2 2 1 7 6
0 0 -2 -1 -1 1 0 2 2 2 3 0
0 0 -2 -1 -1 1 1 0 1 1 6 7
0 0 -2 -1 -1 1 1 0 1 2 3 0
0 0 -2 -1 -1 1 1 0 2 1 6 7
0 0 -2 -1 -1 1 1 0 2 2 3 0
0 0 -2 -1 -1 1 1 1 0 1 7 8
0 0 -2 -1 -1 1 1 1 0 2 4 0
0 0 -2 -1 -1 1 1 2 0 1 7 8
0 0 -2 -1 -1 1 1 2 0 2 4 0
0 0 -2 -1 -1 1 2 0 1 1 8 7
0 0 -2 -1 -1 1 2 0 1 2 3 0
0 0 -2 -1 -1 1 2 0 2 1 8 7
0 0 -2 -1 -1 1 2 0 2 2 3 0
0 0 -2 -1 -1 1 2 1 0 1 7 8
0 0 -2 -1 -1 1 2 1 0 2 4 1
0 0 -2 -1 -1 1 2 2 0 1 7 8
0 0 -2 -1 -1 1 2 2 0 2 4 1
0 0 -2 -1 -1 2 0 1 1 1 7 6
0 0 -2 -1 -1 2 0 1 1 2 3 0
0 0 -2 -1 -1 2 0 1 2 1 7 6
0 0 -2 -1 -1 2 0 1 2 2 3 0
0 0 -2 -1 -1 2 0 2 1 1 7 6
0 0 -2 -1 -1 2 0 2 1 2 3 0
0 0 -2 -1 -1 2 1 0 1 1 8 7
0 0 -2 -1 -1 2 1 0 1 2 3 0
0 0 -2 -1 -1 2 1 0 2 1 8 7
0 0 -2 -1 -1 2 1 0 2 2 3 0
0 0 -2 -1 -1 2 1 1 0 1 7 8
0 0 -2 -1 -1 2 1 1 0 2 4 0
0 0 -2 -1 -1 2 1 2 0 1 7 8
0 0 -2 -1 -1 2 1 2 0 2 4 0
0 0 -2 -1 -1 2 2 0 1 1 8 7
0 0 -2 -1 -1 2 2 0 1 2 3 0
0 0 -2 -1 -1 2 2 1 0 1 7 8
0 0 -2 -1 -1 2 2 1 0 2 4 1
0 0 -2 -1 1 0 -1 1 1 1 4 0
0 0 -2 -1 1 0 -1 1 1 2 2 5
0 0 -2 -1 1 0 -1 1 2 1 4 0
0 0 -2 -1 1 0 -1 1 2 2 2 5
0 0 -2 -1 1 0 -1 2 1 1 4 0
0 0 -2 -1 1 0 -1 2 1 2 2 5
0 0 -2 -1 1 0 -1 2 2 1 4 0
0 0 -2 -1 1 0 -1 2 2 2 2 5
0 0 -2 -1 1 0 1 -1 1 1 4 0
0 0 -2 -1 1 0 1 -1 1 2 2 1
0 0 -2 -1 1 0 1 -1 2 1 4 0
0 0 -2 -1 1 0 1 -1 2 2 2 1
0 0 -2 -1 1 0 1 1 -1 1 4 0
0 0 -2 -1 1 0 1 1 -1 2 2 1
0 0 -2 -1 1 0 1 -2 2 1 4 0
0 0 -2 -1 1 0 1 -2 2 2 2 1
0 0 -2 -1 1 0 1 2 -1 1 4 1
0 0 -2 -1 1 0 1 2 -1 2 2 1
0 0 -2 -1 1 0 1 2 -2 1 4 0
0 0 -2 -1 1 0 1 2 -2 2 2 1
0 0 -2 -1 1 0 -2 1 2 1 4 0
0 0 -2 -1 1 0 -2 1 2 2 3 0
0 0 -2 -1 1 0 -2 2 1 1 4 0
0 0 -2 -1 1 0 -2 2 1 2 3 0
0 0 -2 -1 1 0 -2 2 2 1 4 0
0 0 -2 -1 1 0 -2 2 2 2 3 0
0 0 -2 -1 1 0 2 -1 1 1 4 0
0 0 -2 -1 1 0 2 -1 1 2 2 1
0 0 -2 -1 1 0 2 -1 2 1 4 0
0 0 -2 -1 1 0 2 -1 2 2 2 1
0 0 -2 -1 1 0 2 1 -1 1 4 0
0 0 -2 -1 1 0 2 1 -1 2 2 1
0 0 -2 -1 1 0 2 1 -2 1 4 0
0 0 -2 -1 1 0 2 1 -2 2 2 1
0 0 -2 -1 1 0 2 -2 1 1 4 0
0 0 -2 -1 1 0 2 -2 1 2 2 1
0 0 -2 -1 1 0 2 -2 2 1 4 0
0 0 -2 -1 1 0 2 -2 2 2 2 1
0 0 -2 -1 1 0 2 2 -1 1 4 1
0 0 -2 -1 1 0 2 2 -1 2 2 1
0 0 -2 -1 1 0 2 2 -2 1 4 0
0 0 -2 -1 1 0 2 2 -2 2 2 1
0 0 -2 -1 1 -1 0 1 1 1 4 0
0 0 -2 -1 1 -1 0 1 1 2 2 1
0 0 -2 -1 1 -1 0 1 2 1 4 0
0 0 -2 -1 1 -1 0 1 2 2 2 1
0 0 -2 -1 1 -1 0 2 1 1 4 0
0 0 -2 -1 1 -1 0 2 1 2 2 1
0 0 -2 -1 1 -1 0 2 2 1 4 0
0 0 -2 -1 1 -1 0 2 2 2 2 1
0 0 -2 -1 1 -1 1 0 1 1 4 0
0 0 -2 -1 1 -1 1 0 1 2 3 0
0 0 -2 -1 1 -1 1 0 2 1 4 0
0 0 -2 -1 1 -1 1 0 2 2 2 1
0 0 -2 -1 1 -1 1 1 0 1 4 0
0 0 -2 -1 1 -1 1 1 0 2 5 8
0 0 -2 -1 1 -1 1 2 0 1 4 1
0 0 -2 -1 1 -1 1 2 0 2 5 8
0 0 -2 -1 1 -1 2 0 1 1 4 0
0 0 -2 -1 1 -1 2 0 1 2 3 0
0 0 -2 -1 1 -1 2 0 2 1 4 0
0 0 -2 -1 1 -1 2 0 2 2 2 1
0 0 -2 -1 1 -1 2 1 0 1 4 0
0 0 -2 -1 1 -1 2 1 0 2 5 8
0 0 -2 -1 1 -1 2 2 0 1 4 1
0 0 -2 -1 1 -1 2 2 0 2 5 8
0 0 -2 -1 1 1 0 -1 1 1 4 0
0 0 -2 -1 1 1 0 -1 1 2 3 0
0 0 -2 -1 1 1 0 -1 2 1 4 0
0 0 -2 -1 1 1 0 -1 2 2 3 0
0 0 -2 -1 1 1 0 1 -1 1 4 0
0 0 -2 -1 1 1 0 1 -1 2 2 1
0 0 -2 -1 1 1 0 -2 2 1 4 0
0 0 -2 -1 1 1 0 -2 2 2 3 0
0 0 -2 -1 1 1 0 2 -1 1 4 0
0 0 -2 -1 1 1 0 2 -1 2 3 0
0 0 -2 -1 1 1 0 2 -2 1 4 0
0 0 -2 -1 1 1 0 2 -2 2 3 0
0 0 -2 -1 1 1 -1 0 1 1 4 0
0 0 -2 -1 1 1 -1 0 1 2 6 7
0 0 -2 -1 1 1 -1 0 2 1 4 0
0 0 -2 -1 1 1 -1 0 2 2 6 7
0 0 -2 -1 1 1 -1 1 0 1 4 0
0 0 -2 -1 1 1 -1 1 0 2 3 0
0 0 -2 -1 1 1 -1 2 0 1 4 0
0 0 -2 -1 1 1 -1 2 0 2 3 0
0 0 -2 -1 1 1 1 0 -1 1 4 0
0 0 -2 -1 1 1 1 0 -1 2 2 1
0 0 -2 -1 1 1 1 -1 0 1 4 0
0 0 -2 -1 1 1 1 -1 0 2 2 1
0 0 -2 -1 1 1 -2 0 2 1 4 0
0 0 -2 -1 1 1 -2 0 2 2 3 0
0 0 -2 -1 1 1 -2 2 0 1 5 8
0 0 -2 -1 1 1 -2 2 0 2 3 0
0 0 -2 -1 1 1 2 0 -1 1 4 0
0 0 -2 -1 1 1 2 0 -1 2 2 1
0 0 -2 -1 1 1 2 0 -2 1 4 0
0 0 -2 -1 1 1 2 0 -2 2 2 1
0 0 -2 -1 1 1 2 -1 0 1 4 0
0 0 -2 -1 1 1 2 -1 0 2 2 1
0 0 -2 -1 1 1 2 -2 0 1 4 0
0 0 -2 -1 1 1 2 -2 0 2 2 1
0 0 -2 -1 1 -2 0 1 2 1 4 0
0 0 -2 -1 1 -2 0 1 2 2 2 1
0 0 -2 -1 1 -2 0 2 1 1 4 0
0 0 -2 -1 1 -2 0 2 1 2 2 1
0 0 -2 -1 1 -2 0 2 2 1 4 0
0 0 -2 -1 1 -2 0 2 2 2 2 1
0 0 -2 -1 1 -2 1 0 2 1 4 0
0 0 -2 -1 1 -2 1 0 2 2 3 0
0 0 -2 -1 1 -2 1 2 0 1 4 1
0 0 -2 -1 1 -2 1 2 0 2 5 8
0 0 -2 -1 1 -2 2 0 1 1 4 0
0 0 -2 -1 1 -2 2 0 1 2 3 0
0 0 -2 -1 1 -2 2 0 2 1 4 0
0 0 -2 -1 1 -2 2 0 2 2 3 0
0 0 -2 -1 1 -2 2 1 0 1 4 0
0 0 -2 -1 1 -2 2 1 0 2 5 8
0 0 -2 -1 1 -2 2 2 0 1 4 1
0 0 -2 -1 1 -2 2 2 0 2 5 8
0 0 -2 -1 1 2 0 -1 1 1 4 0
0 0 -2 -1 1 2 0 -1 1 2 3 0
0 0 -2 -1 1 2 0 -1 2 1 4 0
0 0 -2 -1 1 2 0 -1 2 2 3 0
0 0 -2 -1 1 2 0 1 -1 1 4 0
0 0 -2 -1 1 2 0 1 -1 2 2 1
0 0 -2 -1 1 2 0 1 -2 1 4 0
0 0 -2 -1 1 2 0 1 -2 2 3 0
0 0 -2 -1 1 2 0 -2 1 1 4 0
0 0 -2 -1 1 2 0 -2 1 2 2 1
0 0 -2 -1 1 2 0 -2 2 1 4 0
0 0 -2 -1 1 2 0 -2 2 2 3 0
0 0 -2 -1 1 2 0 2 -1 1 4 0
0 0 -2 -1 1 2 0 2 -1 2 3 0
0 0 -2 -1 1 2 0 2 -2 1 4 0
0 0 -2 -1 1 2 0 2 -2 2 3 0
0 0 -2 -1 1 2 -1 0 1 1 4 0
0 0 -2 -1 1 2 -1 0 1 2 6 7
0 0 -2 -1 1 2 -1 0 2 1 4 0
0 0 -2 -1 1 2 -1 0 2 2 6 7
0 0 -2 -1 1 2 -1 1 0 1 4 0
0 0 -2 -1 1 2 -1 1 0 2 3 0
0 0 -2 -1 1 2 -1 2 0 1 4 0
0 0 -2 -1 1 2 -1 2 0 2 3 0
0 0 -2 -1 1 2 1 0 -1 1 4 0
0 0 -2 -1 1 2 1 0 -1 2 2 1
0 0 -2 -1 1 2 1 0 -2 1 4 0
0 0 -2 -1 1 2 1 0 -2 2 2 1
0 0 -2 -1 1 2 1 -1 0 1 4 0
0 0 -2 -1 1 2 1 -1 0 2 2 1
0 0 -2 -1 1 2 1 -2 0 1 4 0
0 0 -2 -1 1 2 1 -2 0 2 2 1
0 0 -2 -1 1 2 -2 0 1 1 4 0
0 0 -2 -1 1 2 -2 0 1 2 3 0
0 0 -2 -1 1 2 -2 0 2 1 4 0
0 0 -2 -1 1 2 -2 0 2 2 3 0
0 0 -2 -1 1 2 -2 1 0 1 5 8
0 0 -2 -1 1 2 -2 1 0 2 3 0
0 0 -2 -1 1 2 -2 2 0 1 5 8
0 0 -2 -1 1 2 -2 2 0 2 3 0
0 0 -2 -1 1 2 2 0 -1 1 4 0
0 0 -2 -1 1 2 2 0 -1 2 3 0
0 0 -2 -1 1 2 2 0 -2 1 4 0
0 0 -2 -1 1 2 2 0 -2 2 2 1
0 0 -2 -1 1 2 2 -1 0 1 4 0
0 0 -2 -1 1 2 2 -1 0 2 3 0
0 0 -2 -1 1 2 2 -2 0 1 4 0
0 0 -2 -1 1 2 2 -2 0 2 2 1
0 0 -2 -1 -2 0 1 1 2 1 8 5
0 0 -2 -1 -2 0 1 1 2 2 2 5
0 0 -2 -1 -2 0 1 2 1 1 8 5
0 0 -2 -1 -2 0 1 2 1 2 2 5
0 0 -2 -1 -2 0 1 2 2 1 8 5
0 0 -2 -1 -2 0 1 2 2 2 2 5
0 0 -2 -1 -2 0 2 1 1 1 8 5
0 0 -2 -1 -2 0 2 1 1 2 2 5
0 0 -2 -1 -2 0 2 1 2 1 8 5
0 0 -2 -1 -2 0 2 1 2 2 2 5
0 0 -2 -1 -2 0 2 2 1 1 8 5
0 0 -2 -1 -2 0 2 2 1 2 2 5
0 0 -2 -1 -2 0 2 2 2 1 8 5
0 0 -2 -1 -2 0 2 2 2 2 2 5
0 0 -2 -1 -2 1 0 1 2 1 7 6
0 0 -2 -1 -2 1 0 1 2 2 3 0
0 0 -2 -1 -2 1 0 2 1 1 7 6
0 0 -2 -1 -2 1 0 2 1 2 3 0
0 0 -2 -1 -2 1 0 2 2 1 7 6
0 0 -2 -1 -2 1 0 2 2 2 3 0
0 0 -2 -1 -2 1 1 0 2 1 6 7
0 0 -2 -1 -2 1 1 0 2 2 3 0
0 0 -2 -1 -2 1 1 2 0 1 7 8
0 0 -2 -1 -2 1 1 2 0 2 4 0
0 0 -2 -1 -2 1 2 0 1 1 8 7
0 0 -2 -1 -2 1 2 0 1 2 3 0
0 0 -2 -1 -2 1 2 0 2 1 8 7
0 0 -2 -1 -2 1 2 0 2 2 3 0
0 0 -2 -1 -2 1 2 1 0 1 7 8
0 0 -2 -1 -2 1 2 1 0 2 4 1
0 0 -2 -1 -2 1 2 2 0 1 7 8
0 0 -2 -1 -2 1 2 2 0 2 4 1
0 0 -2 -1 -2 2 0 1 1 1 7 6
0 0 -2 -1 -2 2 0 1 1 2 3 0
0 0 -2 -1 -2 2 0 1 2 1 7 6
0 0 -2 -1 -2 2 0 1 2 2 3 0
0 0 -2 -1 -2 2 0 2 1 1 7 6
0 0 -2 -1 -2 2 0 2 1 2 3 0
0 0 -2 -1 -2 2 0 2 2 1 7 6
0 0 -2 -1 -2 2 0 2 2 2 3 0
0 0 -2 -1 -2 2 1 0 1 1 8 7
0 0 -2 -1 -2 2 1 0 1 2 3 0
0 0 -2 -1 -2 2 1 0 2 1 8 7
0 0 -2 -1 -2 2 1 0 2 2 3 0
0 0 -2 -1 -2 2 1 1 0 1 7 8
0 0 -2 -1 -2 2 1 1 0 2 4 0
0 0 -2 -1 -2 2 1 2 0 1 7 8
0 0 -2 -1 -2 2 1 2 0 2 4 0
0 0 -2 -1 -2 2 2 0 1 1 8 7
0 0 -2 -1 -2 2 2 0 1 2 3 0
0 0 -2 -1 -2 2 2 0 2 1 8 7
0 0 -2 -1 -2 2 2 0 2 2 3 0
0 0 -2 -1 -2 2 2 1 0 1 7 8
0 0 -2 -1 -2 2 2 1 0 2 4 1
0 0 -2 -1 -2 2 2 2 0 1 7 8
0 0 -2 -1 -2 2 2 2 0 2 4 1
0 0 -2 -1 2 0 -1 1 1 1 4 0
0 0 -2 -1 2 0 -1 1 1 2 2 5
0 0 -2 -1 2 0 -1 1 2 1 4 0
0 0 -2 -1 2 0 -1 1 2 2 2 5
0 0 -2 -1 2 0 -1 2 1 1 4 0
0 0 -2 -1 2 0 -1 2 1 2 2 5
0 0 -2 -1 2 0 1 -1 1 1 4 0
0 0 -2 -1 2 0 1 -1 1 2 2 1
0 0 -2 -1 2 0 1 -1 2 1 4 0
0 0 -2 -1 2 0 1 -1 2 2 2 1
0 0 -2 -1 2 0 1 1 -1 1 4 0
0 0 -2 -1 2 0 1 1 -1 2 2 1
0 0 -2 -1 2 0 1 1 -2 1 4 0
0 0 -2 -1 2 0 1 1 -2 2 2 1
0 0 -2 -1 2 0 1 -2 1 1 4 1
0 0 -2 -1 2 0 1 -2 1 2 2 1
0 0 -2 -1 2 0 1 -2 2 1 4 0
0 0 -2 -1 2 0 1 -2 2 2 2 1
0 0 -2 -1 2 0 1 2 -1 1 4 1
0 0 -2 -1 2 0 1 2 -1 2 2 1
0 0 -2 -1 2 0 1 2 -2 1 4 0
0 0 -2 -1 2 0 1 2 -2 2 2 1
0 0 -2 -1 2 0 -2 1 1 1 4 0
0 0 -2 -1 2 0 -2 1 1 2 3 0
0 0 -2 -1 2 0 -2 1 2 1 4 0
0 0 -2 -1 2 0 -2 1 2 2 3 0
0 0 -2 -1 2 0 -2 2 1 1 4 0
0 0 -2 -1 2 0 -2 2 1 2 3 0
0 0 -2 -1 2 0 -2 2 2 1 4 0
0 0 -2 -1 2 0 -2 2 2 2 3 0
0 0 -2 -1 2 0 2 -1 1 1 4 0
0 0 -2 -1 2 0 2 -1 1 2 2 5
0 0 -2 -1 2 0 2 1 -1 1 4 0
0 0 -2 -1 2 0 2 1 -1 2 2 1
0 0 -2 -1 2 0 2 1 -2 1 4 0
0 0 -2 -1 2 0 2 1 -2 2 2 1
0 0 -2 -1 2 0 2 -2 1 1 4 0
0 0 -2 -1 2 0 2 -2 1 2 2 1
0 0 -2 -1 2 0 2 -2 2 1 4 0
0 0 -2 -1 2 0 2 -2 2 2 2 1
0 0 -2 -1 2 0 2 2 -2 1 4 0
0 0 -2 -1 2 0 2 2 -2 2 2 1
0 0 -2 -1 2 -1 0 1 1 1 4 0
0 0 -2 -1 2 -1 0 1 1 2 2 1
0 0 -2 -1 2 -1 0 1 2 1 4 0
0 0 -2 -1 2 -1 0 1 2 2 2 1
0 0 -2 -1 2 -1 0 2 1 1 4 0
0 0 -2 -1 2 -1 0 2 1 2 2 1
0 0 -2 -1 2 -1 1 0 1 1 4 0
0 0 -2 -1 2 -1 1 0 1 2 3 0
0 0 -2 -1 2 -1 1 0 2 1 4 0
0 0 -2 -1 2 -1 1 0 2 2 2 1
0 0 -2 -1 2 -1 1 1 0 1 4 0
0 0 -2 -1 2 -1 1 1 0 2 5 8
0 0 -2 -1 2 -1 1 2 0 1 4 1
0 0 -2 -1 2 -1 1 2 0 2 5 8
0 0 -2 -1 2 -1 2 0 1 1 4 0
0 0 -2 -1 2 -1 2 0 1 2 3 0
0 0 -2 -1 2 -1 2 1 0 1 4 0
0 0 -2 -1 2 -1 2 1 0 2 5 8
0 0 -2 -1 2 1 0 -1 1 1 4 0
0 0 -2 -1 2 1 0 -1 1 2 3 0
0 0 -2 -1 2 1 0 -1 2 1 4 0
0 0 -2 -1 2 1 0 -1 2 2 3 0
0 0 -2 -1 2 1 0 1 -1 1 4 0
0 0 -2 -1 2 1 0 1 -1 2 3 0
0 0 -2 -1 2 1 0 1 -2 1 4 0
0 0 -2 -1 2 1 0 1 -2 2 3 0
0 0 -2 -1 2 1 0 -2 1 1 4 0
0 0 -2 -1 2 1 0 -2 1 2 2 1
0 0 -2 -1 2 1 0 -2 2 1 4 0
0 0 -2 -1 2 1 0 -2 2 2 3 0
0 0 -2 -1 2 1 0 2 -1 1 4 0
0 0 -2 -1 2 1 0 2 -1 2 3 0
0 0 -2 -1 2 1 0 2 -2 1 4 0
0 0 -2 -1 2 1 0 2 -2 2 3 0
0 0 -2 -1 2 1 -1 0 1 1 4 0
0 0 -2 -1 2 1 -1 0 1 2 6 7
0 0 -2 -1 2 1 -1 0 2 1 4 0
0 0 -2 -1 2 1 -1 0 2 2 6 7
0 0 -2 -1 2 1 -1 1 0 1 4 0
0 0 -2 -1 2 1 -1 1 0 2 3 0
0 0 -2 -1 2 1 -1 2 0 1 4 0
0 0 -2 -1 2 1 -1 2 0 2 3 0
0 0 -2 -1 2 1 1 0 -1 1 4 0
0 0 -2 -1 2 1 1 0 -1 2 3 0
0 0 -2 -1 2 1 1 0 -2 1 4 0
0 0 -2 -1 2 1 1 0 -2 2 3 0
0 0 -2 -1 2 1 1 -1 0 1 4 0
0 0 -2 -1 2 1 1 -1 0 2 2 1
0 0 -2 -1 2 1 1 -2 0 1 4 0
0 0 -2 -1 2 1 1 -2 0 2 2 1
0 0 -2 -1 2 1 -2 0 1 1 4 0
0 0 -2 -1 2 1 -2 0 1 2 3 0
0 0 -2 -1 2 1 -2 0 2 1 4 0
0 0 -2 -1 2 1 -2 0 2 2 3 0
0 0 -2 -1 2 1 -2 1 0 1 5 8
0 0 -2 -1 2 1 -2 1 0 2 3 0
0 0 -2 -1 2 1 -2 2 0 1 5 8
0 0 -2 -1 2 1 -2 2 0 2 3 0
0 0 -2 -1 2 1 2 0 -1 1 4 0
0 0 -2 -1 2 1 2 0 -1 2 3 0
0 0 -2 -1 2 1 2 0 -2 1 4 0
0 0 -2 -1 2 1 2 0 -2 2 3 0
0 0 -2 -1 2 1 2 -1 0 1 4 0
0 0 -2 -1 2 1 2 -1 0 2 3 0
0 0 -2 -1 2 1 2 -2 0 1 4 0
0 0 -2 -1 2 1 2 -2 0 2 3 0
0 0 -2 -1 2 -2 0 1 1 1 4 0
0 0 -2 -1 2 -2 0 1 1 2 2 1
0 0 -2 -1 2 -2 0 1 2 1 4 0
0 0 -2 -1 2 -2 0 1 2 2 2 1
0 0 -2 -1 2 -2 0 2 1 1 4 0
0 0 -2 -1 2 -2 0 2 1 2 2 1
0 0 -2 -1 2 -2 0 2 2 1 4 0
0 0 -2 -1 2 -2 0 2 2 2 2 1
0 0 -2 -1 2 -2 1 0 1 1 4 0
0 0 -2 -1 2 -2 1 0 1 2 3 0
0 0 -2 -1 2 -2 1 0 2 1 4 0
0 0 -2 -1 2 -2 1 0 2 2 3 0
0 0 -2 -1 2 -2 1 1 0 1 4 0
0 0 -2 -1 2 -2 1 1 0 2 5 8
0 0 -2 -1 2 -2 1 2 0 1 4 1
0 0 -2 -1 2 -2 1 2 0 2 5 8
0 0 -2 -1 2 -2 2 0 1 1 4 0
0 0 -2 -1 2 -2 2 0 1 2 3 0
0 0 -2 -1 2 -2 2 0 2 1 4 0
0 0 -2 -1 2 -2 2 0 2 2 3 0
0 0 -2 -1 2 -2 2 1 0 1 4 0
0 0 -2 -1 2 -2 2 1 0 2 5 8
0 0 -2 -1 2 -2 2 2 0 1 4 1
0 0 -2 -1 2 -2 2 2 0 2 5 8
0 0 -2 -1 2 2 0 -1 1 1 4 0
0 0 -2 -1 2 2 0 -1 1 2 3 0
0 0 -2 -1 2 2 0 1 -1 1 4 0
0 0 -2 -1 2 2 0 1 -1 2 3 0
0 0 -2 -1 2 2 0 1 -2 1 4 0
0 0 -2 -1 2 2 0 1 -2 2 3 0
0 0 -2 -1 2 2 0 -2 1 1 4 0
0 0 -2 -1 2 2 0 -2 1 2 2 1
0 0 -2 -1 2 2 0 -2 2 1 4 0
0 0 -2 -1 2 2 0 -2 2 2 3 0
0 0 -2 -1 2 2 0 2 -2 1 4 0
0 0 -2 -1 2 2 0 2 -2 2 3 0
0 0 -2 -1 2 2 -1 0 1 1 4 0
0 0 -2 -1 2 2 -1 0 1 2 6 7
0 0 -2 -1 2 2 -1 1 0 1 4 0
0 0 -2 -1 2 2 -1 1 0 2 3 0
0 0 -2 -1 2 2 1 0 -1 1 4 0
0 0 -2 -1 2 2 1 0 -1 2 3 0
0 0 -2 -1 2 2 1 0 -2 1 4 0
0 0 -2 -1 2 2 1 0 -2 2 3 0
0 0 -2 -1 2 2 1 -1 0 1 4 0
0 0 -2 -1 2 2 1 -1 0 2 2 1
0 0 -2 -1 2 2 1 -2 0 1 4 0
0 0 -2 -1 2 2 1 -2 0 2 2 1
0 0 -2 -1 2 2 -2 0 1 1 4 0
0 0 -2 -1 2 2 -2 0 1 2 3 0
0 0 -2 -1 2 2 -2 0 2 1 4 0
0 0 -2 -1 2 2 -2 0 2 2 3 0
0 0 -2 -1 2 2 -2 1 0 1 5 8
0 0 -2 -1 2 2 -2 1 0 2 3 0
0 0 -2 -1 2 2 -2 2 0 1 5 8
0 0 -2 -1 2 2 -2 2 0 2 3 0
0 0 -2 -1 2 2 2 0 -2 1 4 0
0 0 -2 -1 2 2 2 0 -2 2 3 0
0 0 -2 -1 2 2 2 -2 0 1 4 0
0 0 -2 -1 2 2 2 -2 0 2 3 0
0 0 -2 1 0 -1 -1 1 1 1 3 0
0 0 -2 1 0 -1 -1 1 1 2 2 4
0 0 -2 1 0 -1 -1 1 2 1 7 4
0 0 -2 1 0 -1 -1 1 2 2 2 1
0 0 -2 1 0 -1 -1 2 1 1 3 0
0 0 -2 1 0 -1 -1 2 1 2 2 1
0 0 -2 1 0 -1 -1 2 2 1 7 4
0 0 -2 1 0 -1 -1 2 2 2 2 1
0 0 -2 1 0 -1 1 -1 1 1 3 0
0 0 -2 1 0 -1 1 -1 1 2 2 1
0 0 -2 1 0 -1 1 -1 2 1 6 4
0 0 -2 1 0 -1 1 -1 2 2 2 1
0 0 -2 1 0 -1 1 1 -1 1 3 0
0 0 -2 1 0 -1 1 1 -1 2 2 4
0 0 -2 1 0 -1 1 -2 2 1 6 4
0 0 -2 1 0 -1 1 -2 2 2 5 4
0 0 -2 1 0 -1 1 2 -1 1 3 0
0 0 -2 1 0 -1 1 2 -1 2 5 4
0 0 -2 1 0 -1 1 2 -2 1 3 4
0 0 -2 1 0 -1 1 2 -2 2 2 4
0 0 -2 1 0 -1 -2 1 2 1 7 4
0 0 -2 1 0 -1 -2 1 2 2 2 4
0 0 -2 1 0 -1 -2 2 1 1 7 4
0 0 -2 1 0 -1 -2 2 1 2 2 4
0 0 -2 1 0 -1 -2 2 2 1 7 4
0 0 -2 1 0 -1 -2 2 2 2 2 4
0 0 -2 1 0 -1 2 -1 1 1 8 4
0 0 -2 1 0 -1 2 -1 1 2 2 1
0 0 -2 1 0 -1 2 -1 2 1 6 4
0 0 -2 1 0 -1 2 -1 2 2 2 1
0 0 -2 1 0 -1 2 1 -1 1 3 0
0 0 -2 1 0 -1 2 1 -1 2 2 4
0 0 -2 1 0 -1 2 1 -2 1 3 4
0 0 -2 1 0 -1 2 1 -2 2 2 4
0 0 -2 1 0 -1 2 -2 1 1 8 4
0 0 -2 1 0 -1 2 -2 1 2 5 4
0 0 -2 1 0 -1 2 -2 2 1 6 4
0 0 -2 1 0 -1 2 -2 2 2 5 4
0 0 -2 1 0 -1 2 2 -1 1 3 0
0 0 -2 1 0 -1 2 2 -1 2 5 4
0 0 -2 1 0 -1 2 2 -2 1 3 4
0 0 -2 1 0 -1 2 2 -2 2 2 4
0 0 -2 1 0 1 -1 -1 1 1 5 4
0 0 -2 1 0 1 -1 -1 1 2 6 4
0 0 -2 1 0 1 -1 -1 2 1 5 4
0 0 -2 1 0 1 -1 -1 2 2 6 4
0 0 -2 1 0 1 -1 1 -1 1 5 4
0 0 -2 1 0 1 -1 1 -1 2 2 1
0 0 -2 1 0 1 -1 -2 2 1 5 4
0 0 -2 1 0 1 -1 -2 2 2 6 4
0 0 -2 1 0 1 -1 2 -1 1 3 0
0 0 -2 1 0 1 -1 2 -1 2 6 4
0 0 -2 1 0 1 -1 2 -2 1 3 4
0 0 -2 1 0 1 -1 2 -2 2 2 1
0 0 -2 1 0 1 1 -1 -1 1 3 4
0 0 -2 1 0 1 1 -1 -1 2 2 1
0 0 -2 1 0 1 -2 -1 2 1 5 4
0 0 -2 1 0 1 -2 -1 2 2 6 4
0 0 -2 1 0 1 -2 2 -1 1 5 4
0 0 -2 1 0 1 -2 2 -1 2 8 4
0 0 -2 1 0 1 2 -1 -1 1 3 4
0 0 -2 1 0 1 2 -1 -1 2 7 4
0 0 -2 1 0 1 2 -1 -2 1 3 4
0 0 -2 1 0 1 2 -1 -2 2 7 4
0 0 -2 1 0 1 2 -2 -1 1 3 4
0 0 -2 1 0 1 2 -2 -1 2 8 4
0 0 -2 1 0 -2 -1 1 2 1 7 4
0 0 -2 1 0 -2 -1 1 2 2 2 1
0 0 -2 1 0 -2 -1 2 1 1 3 0
0 0 -2 1 0 -2 -1 2 1 2 2 1
0 0 -2 1 0 -2 -1 2 2 1 7 4
0 0 -2 1 0 -2 -1 2 2 2 2 1
0 0 -2 1 0 -2 1 -1 2 1 6 4
0 0 -2 1 0 -2 1 -1 2 2 2 1
0 0 -2 1 0 -2 1 2 -1 1 3 0
0 0 -2 1 0 -2 1 2 -1 2 5 4
0 0 -2 1 0 -2 -2 2 2 1 7 4
0 0 -2 1 0 -2 -2 2 2 2 2 4
0 0 -2 1 0 -2 2 -1 1 1 3 0
0 0 -2 1 0 -2 2 -1 1 2 2 1
0 0 -2 1 0 -2 2 -1 2 1 6 4
0 0 -2 1 0 -2 2 -1 2 2 2 1
0 0 -2 1 0 -2 2 1 -1 1 3 0
0 0 -2 1 0 -2 2 1 -1 2 2 4
0 0 -2 1 0 -2 2 -2 2 1 6 4
0 0 -2 1 0 -2 2 -2 2 2 5 4
0 0 -2 1 0 -2 2 2 -1 1 3 0
0 0 -2 1 0 -2 2 2 -1 2 5 4
0 0 -2 1 0 2 -1 -1 1 1 5 4
0 0 -2 1 0 2 -1 -1 1 2 6 4
0 0 -2 1 0 2 -1 -1 2 1 5 4
0 0 -2 1 0 2 -1 -1 2 2 6 4
0 0 -2 1 0 2 -1 1 -1 1 3 4
0 0 -2 1 0 2 -1 1 -1 2 2 1
0 0 -2 1 0 2 -1 1 -2 1 3 0
0 0 -2 1 0 2 -1 1 -2 2 2 1
0 0 -2 1 0 2 -1 -2 1 1 5 4
0 0 -2 1 0 2 -1 -2 1 2 6 4
0 0 -2 1 0 2 -1 -2 2 1 5 4
0 0 -2 1 0 2 -1 -2 2 2 6 4
0 0 -2 1 0 2 -1 2 -1 1 3 0
0 0 -2 1 0 2 -1 2 -1 2 2 1
0 0 -2 1 0 2 -1 2 -2 1 3 4
0 0 -2 1 0 2 -1 2 -2 2 2 1
0 0 -2 1 0 2 1 -1 -1 1 3 4
0 0 -2 1 0 2 1 -1 -1 2 2 1
0 0 -2 1 0 2 1 -1 -2 1 3 0
0 0 -2 1 0 2 1 -1 -2 2 2 1
0 0 -2 1 0 2 1 -2 -1 1 3 0
0 0 -2 1 0 2 1 -2 -1 2 8 4
0 0 -2 1 0 2 -2 -1 1 1 5 4
0 0 -2 1 0 2 -2 -1 1 2 6 4
0 0 -2 1 0 2 -2 -1 2 1 5 4
0 0 -2 1 0 2 -2 -1 2 2 6 4
0 0 -2 1 0 2 -2 1 -1 1 5 4
0 0 -2 1 0 2 -2 1 -1 2 8 4
0 0 -2 1 0 2 -2 -2 2 1 5 4
0 0 -2 1 0 2 -2 -2 2 2 6 4
0 0 -2 1 0 2 -2 2 -1 1 5 4
0 0 -2 1 0 2 -2 2 -1 2 8 4
0 0 -2 1 0 2 -2 2 -2 1 3 4
0 0 -2 1 0 2 -2 2 -2 2 8 4
0 0 -2 1 0 2 2 -1 -1 1 3 4
0 0 -2 1 0 2 2 -1 -1 2 7 4
0 0 -2 1 0 2 2 -1 -2 1 3 4
0 0 -2 1 0 2 2 -1 -2 2 7 4
0 0 -2 1 0 2 2 -2 -1 1 3 4
0 0 -2 1 0 2 2 -2 -1 2 8 4
0 0 -2 1 0 2 2 -2 -2 1 3 4
0 0 -2 1 0 2 2 -2 -2 2 8 4
0 0 -2 1 -1 0 -1 1 1 1 3 0
0 0 -2 1 -1 0 -1 1 1 2 2 1
0 0 -2 1 -1 0 -1 1 2 1 3 0
0 0 -2 1 -1 0 -1 1 2 2 2 1
0 0 -2 1 -1 0 -1 2 1 1 3 0
0 0 -2 1 -1 0 -1 2 1 2 2 1
0 0 -2 1 -1 0 -1 2 2 1 3 0
0 0 -2 1 -1 0 -1 2 2 2 2 1
0 0 -2 1 -1 0 1 -1 1 1 3 0
0 0 -2 1 -1 0 1 -1 1 2 2 5
0 0 -2 1 -1 0 1 -1 2 1 3 0
0 0 -2 1 -1 0 1 -1 2 2 2 1
0 0 -2 1 -1 0 1 1 -1 1 3 0
0 0 -2 1 -1 0 1 1 -1 2 4 0
0 0 -2 1 -1 0 1 -2 2 1 3 0
0 0 -2 1 -1 0 1 -2 2 2 4 0
0 0 -2 1 -1 0 1 2 -1 1 3 0
0 0 -2 1 -1 0 1 2 -1 2 4 0
0 0 -2 1 -1 0 1 2 -2 1 3 0
0 0 -2 1 -1 0 1 2 -2 2 2 1
0 0 -2 1 -1 0 -2 1 2 1 3 0
0 0 -2 1 -1 0 -2 1 2 2 4 0
0 0 -2 1 -1 0 -2 2 1 1 3 0
0 0 -2 1 -1 0 -2 2 1 2 4 1
0 0 -2 1 -1 0 -2 2 2 1 3 0
0 0 -2 1 -1 0 -2 2 2 2 4 1
0 0 -2 1 -1 0 2 -1 1 1 3 0
0 0 -2 1 -1 0 2 -1 1 2 2 1
0 0 -2 1 -1 0 2 -1 2 1 3 0
0 0 -2 1 -1 0 2 -1 2 2 2 1
0 0 -2 1 -1 0 2 1 -1 1 3 0
0 0 -2 1 -1 0 2 1 -1 2 2 1
0 0 -2 1 -1 0 2 1 -2 1 3 0
0 0 -2 1 -1 0 2 1 -2 2 2 1
0 0 -2 1 -1 0 2 -2 1 1 3 0
0 0 -2 1 -1 0 2 -2 1 2 4 1
0 0 -2 1 -1 0 2 -2 2 1 3 0
0 0 -2 1 -1 0 2 -2 2 2 2 1
0 0 -2 1 -1 0 2 2 -1 1 3 0
0 0 -2 1 -1 0 2 2 -1 2 4 0
0 0 -2 1 -1 0 2 2 -2 1 3 0
0 0 -2 1 -1 0 2 2 -2 2 2 1
0 0 -2 1 -1 -1 0 1 1 1 3 0
0 0 -2 1 -1 -1 0 1 1 2 4 0
0 0 -2 1 -1 -1 0 1 2 1 3 0
0 0 -2 1 -1 -1 0 1 2 2 4 0
0 0 -2 1 -1 -1 0 2 1 1 3 0
0 0 -2 1 -1 -1 0 2 1 2 4 0
0 0 -2 1 -1 -1 0 2 2 1 3 0
0 0 -2 1 -1 -1 0 2 2 2 4 0
0 0 -2 1 -1 -1 1 0 1 1 3 0
0 0 -2 1 -1 -1 1 0 1 2 4 0
0 0 -2 1 -1 -1 1 0 2 1 3 0
0 0 -2 1 -1 -1 1 0 2 2 4 0
0 0 -2 1 -1 -1 1 1 0 1 7 8
0 0 -2 1 -1 -1 1 1 0 2 5 8
0 0 -2 1 -1 -1 1 2 0 1 7 8
0 0 -2 1 -1 -1 1 2 0 2 5 8
0 0 -2 1 -1 -1 2 0 1 1 3 0
0 0 -2 1 -1 -1 2 0 1 2 4 0
0 0 -2 1 -1 -1 2 0 2 1 3 0
0 0 -2 1 -1 -1 2 0 2 2 4 0
0 0 -2 1 -1 -1 2 1 0 1 7 8
0 0 -2 1 -1 -1 2 1 0 2 5 8
0 0 -2 1 -1 -1 2 2 0 1 7 8
0 0 -2 1 -1 -1 2 2 0 2 5 8
0 0 -2 1 -1 1 0 -1 1 1 3 0
0 0 -2 1 -1 1 0 -1 1 2 2 1
0 0 -2 1 -1 1 0 -1 2 1 3 0
0 0 -2 1 -1 1 0 -1 2 2 4 0
0 0 -2 1 -1 1 0 1 -1 1 3 0
0 0 -2 1 -1 1 0 1 -1 2 2 1
0 0 -2 1 -1 1 0 -2 2 1 3 0
0 0 -2 1 -1 1 0 -2 2 2 4 0
0 0 -2 1 -1 1 0 2 -1 1 3 0
0 0 -2 1 -1 1 0 2 -1 2 4 0
0 0 -2 1 -1 1 0 2 -2 1 3 0
0 0 -2 1 -1 1 0 2 -2 2 4 0
0 0 -2 1 -1 1 -1 0 1 1 8 7
0 0 -2 1 -1 1 -1 0 1 2 6 7
0 0 -2 1 -1 1 -1 0 2 1 3 0
0 0 -2 1 -1 1 -1 0 2 2 2 1
0 0 -2 1 -1 1 -1 1 0 1 3 0
0 0 -2 1 -1 1 -1 1 0 2 2 1
0 0 -2 1 -1 1 -1 2 0 1 3 0
0 0 -2 1 -1 1 -1 2 0 2 4 0
0 0 -2 1 -1 1 1 0 -1 1 3 0
0 0 -2 1 -1 1 1 0 -1 2 8 7
0 0 -2 1 -1 1 1 -1 0 1 3 0
0 0 -2 1 -1 1 1 -1 0 2 4 0
0 0 -2 1 -1 1 -2 0 2 1 3 0
0 0 -2 1 -1 1 -2 0 2 2 4 0
0 0 -2 1 -1 1 -2 2 0 1 3 0
0 0 -2 1 -1 1 -2 2 0 2 4 1
0 0 -2 1 -1 1 2 0 -1 1 3 0
0 0 -2 1 -1 1 2 0 -1 2 2 1
0 0 -2 1 -1 1 2 0 -2 1 3 0
0 0 -2 1 -1 1 2 0 -2 2 4 0
0 0 -2 1 -1 1 2 -1 0 1 3 0
0 0 -2 1 -1 1 2 -1 0 2 4 0
0 0 -2 1 -1 1 2 -2 0 1 3 0
0 0 -2 1 -1 1 2 -2 0 2 4 0
0 0 -2 1 -1 -2 0 1 2 1 3 0
0 0 -2 1 -1 -2 0 1 2 2 4 0
0 0 -2 1 -1 -2 0 2 1 1 3 0
0 0 -2 1 -1 -2 0 2 1 2 4 0
0 0 -2 1 -1 -2 0 2 2 1 3 0
0 0 -2 1 -1 -2 0 2 2 2 4 0
0 0 -2 1 -1 -2 1 0 2 1 3 0
0 0 -2 1 -1 -2 1 0 2 2 4 0
0 0 -2 1 -1 -2 1 2 0 1 7 8
0 0 -2 1 -1 -2 1 2 0 2 5 8
0 0 -2 1 -1 -2 2 0 1 1 3 0
0 0 -2 1 -1 -2 2 0 1 2 4 0
0 0 -2 1 -1 -2 2 0 2 1 3 0
0 0 -2 1 -1 -2 2 0 2 2 4 0
0 0 -2 1 -1 -2 2 1 0 1 7 8
0 0 -2 1 -1 -2 2 1 0 2 5 8
0 0 -2 1 -1 -2 2 2 0 1 7 8
0 0 -2 1 -1 -2 2 2 0 2 5 8
0 0 -2 1 -1 2 0 -1 1 1 3 0
0 0 -2 1 -1 2 0 -1 1 2 2 1
0 0 -2 1 -1 2 0 -1 2 1 3 0
0 0 -2 1 -1 2 0 -1 2 2 4 0
0 0 -2 1 -1 2 0 1 -1 1 3 0
0 0 -2 1 -1 2 0 1 -1 2 2 1
0 0 -2 1 -1 2 0 1 -2 1 3 0
0 0 -2 1 -1 2 0 1 -2 2 2 1
0 0 -2 1 -1 2 0 -2 1 1 3 0
0 0 -2 1 -1 2 0 -2 1 2 4 0
0 0 -2 1 -1 2 0 -2 2 1 3 0
0 0 -2 1 -1 2 0 -2 2 2 4 0
0 0 -2 1 -1 2 0 2 -1 1 3 0
0 0 -2 1 -1 2 0 2 -1 2 4 0
0 0 -2 1 -1 2 0 2 -2 1 3 0
0 0 -2 1 -1 2 0 2 -2 2 4 0
0 0 -2 1 -1 2 -1 0 1 1 8 7
0 0 -2 1 -1 2 -1 0 1 2 6 7
0 0 -2 1 -1 2 -1 0 2 1 3 0
0 0 -2 1 -1 2 -1 0 2 2 2 1
0 0 -2 1 -1 2 -1 1 0 1 3 0
0 0 -2 1 -1 2 -1 1 0 2 2 1
0 0 -2 1 -1 2 -1 2 0 1 3 0
0 0 -2 1 -1 2 -1 2 0 2 4 0
0 0 -2 1 -1 2 1 0 -1 1 3 0
0 0 -2 1 -1 2 1 0 -1 2 8 7
0 0 -2 1 -1 2 1 0 -2 1 3 0
0 0 -2 1 -1 2 1 0 -2 2 4 0
0 0 -2 1 -1 2 1 -1 0 1 3 0
0 0 -2 1 -1 2 1 -1 0 2 2 1
0 0 -2 1 -1 2 1 -2 0 1 5 8
0 0 -2 1 -1 2 1 -2 0 2 2 1
0 0 -2 1 -1 2 -2 0 1 1 8 7
0 0 -2 1 -1 2 -2 0 1 2 4 0
0 0 -2 1 -1 2 -2 0 2 1 3 0
0 0 -2 1 -1 2 -2 0 2 2 4 0
0 0 -2 1 -1 2 -2 1 0 1 3 0
0 0 -2 1 -1 2 -2 1 0 2 4 1
0 0 -2 1 -1 2 -2 2 0 1 3 0
0 0 -2 1 -1 2 -2 2 0 2 4 1
0 0 -2 1 -1 2 2 0 -1 1 3 0
0 0 -2 1 -1 2 2 0 -1 2 2 1
0 0 -2 1 -1 2 2 0 -2 1 3 0
0 0 -2 1 -1 2 2 0 -2 2 2 1
0 0 -2 1 -1 2 2 -1 0 1 3 0
0 0 -2 1 -1 2 2 -1 0 2 2 1
0 0 -2 1 -1 2 2 -2 0 1 3 0
0 0 -2 1 -1 2 2 -2 0 2 2 1
0 0 -2 1 1 0 -1 -1 1 1 3 0
0 0 -2 1 1 0 -1 -1 1 2 2 1
0 0 -2 1 1 0 -1 -1 2 1 3 0
0 0 -2 1 1 0 -1 -1 2 2 2 1
0 0 -2 1 1 0 -1 1 -1 1 3 0
0 0 -2 1 1 0 -1 1 -1 2 2 1
0 0 -2 1 1 0 -1 -2 2 1 3 0
0 0 -2 1 1 0 -1 -2 2 2 2 1
0 0 -2 1 1 0 -1 2 -1 1 3 0
0 0 -2 1 1 0 -1 2 -1 2 2 1
0 0 -2 1 1 0 -1 2 -2 1 3 0
0 0 -2 1 1 0 -1 2 -2 2 2 1
0 0 -2 1 1 0 1 -1 -1 1 4 5
0 0 -2 1 1 0 1 -1 -1 2 8 5
0 0 -2 1 1 0 -2 -1 2 1 3 0
0 0 -2 1 1 0 -2 -1 2 2 2 1
0 0 -2 1 1 0 -2 2 -1 1 3 0
0 0 -2 1 1 0 -2 2 -1 2 2 1
0 0 -2 1 1 0 2 -1 -1 1 3 0
0 0 -2 1 1 0 2 -1 -1 2 8 5
0 0 -2 1 1 0 2 -1 -2 1 3 0
0 0 -2 1 1 0 2 -1 -2 2 8 5
0 0 -2 1 1 0 2 -2 -1 1 3 0
0 0 -2 1 1 0 2 -2 -1 2 8 5
0 0 -2 1 1 -1 0 -1 1 1 3 0
0 0 -2 1 1 -1 0 -1 1 2 2 1
0 0 -2 1 1 -1 0 -1 2 1 3 0
0 0 -2 1 1 -1 0 -1 2 2 2 1
0 0 -2 1 1 -1 0 1 -1 1 3 0
0 0 -2 1 1 -1 0 1 -1 2 2 1
0 0 -2 1 1 -1 0 -2 2 1 3 0
0 0 -2 1 1 -1 0 -2 2 2 2 1
0 0 -2 1 1 -1 0 2 -1 1 3 0
0 0 -2 1 1 -1 0 2 -1 2 2 1
0 0 -2 1 1 -1 0 2 -2 1 3 0
0 0 -2 1 1 -1 0 2 -2 2 2 1
0 0 -2 1 1 -1 -1 0 1 1 3 0
0 0 -2 1 1 -1 -1 0 1 2 6 7
0 0 -2 1 1 -1 -1 0 2 1 3 0
0 0 -2 1 1 -1 -1 0 2 2 6 7
0 0 -2 1 1 -1 -1 1 0 1 3 0
0 0 -2 1 1 -1 -1 1 0 2 2 1
0 0 -2 1 1 -1 -1 2 0 1 4 1
0 0 -2 1 1 -1 -1 2 0 2 2 1
0 0 -2 1 1 -1 1 0 -1 1 6 7
0 0 -2 1 1 -1 1 0 -1 2 8 7
0 0 -2 1 1 -1 1 -1 0 1 3 0
0 0 -2 1 1 -1 1 -1 0 2 2 1
0 0 -2 1 1 -1 -2 0 2 1 3 0
0 0 -2 1 1 -1 -2 0 2 2 6 7
0 0 -2 1 1 -1 -2 2 0 1 3 0
0 0 -2 1 1 -1 -2 2 0 2 5 8
0 0 -2 1 1 -1 2 0 -1 1 3 0
0 0 -2 1 1 -1 2 0 -1 2 2 1
0 0 -2 1 1 -1 2 0 -2 1 3 0
0 0 -2 1 1 -1 2 0 -2 2 2 1
0 0 -2 1 1 -1 2 -1 0 1 3 0
0 0 -2 1 1 -1 2 -1 0 2 2 1
0 0 -2 1 1 -1 2 -2 0 1 3 0
0 0 -2 1 1 -1 2 -2 0 2 2 1
0 0 -2 1 1 1 0 -1 -1 1 3 0
0 0 -2 1 1 1 0 -1 -1 2 2 1
0 0 -2 1 1 1 -1 0 -1 1 3 0
0 0 -2 1 1 1 -1 0 -1 2 2 1
0 0 -2 1 1 1 -1 -1 0 1 5 8
0 0 -2 1 1 1 -1 -1 0 2 7 8
0 0 -2 1 1 -2 0 -1 2 1 3 0
0 0 -2 1 1 -2 0 -1 2 2 2 1
0 0 -2 1 1 -2 0 2 -1 1 3 0
0 0 -2 1 1 -2 0 2 -1 2 2 1
0 0 -2 1 1 -2 -1 0 2 1 3 0
0 0 -2 1 1 -2 -1 0 2 2 6 7
0 0 -2 1 1 -2 -1 2 0 1 4 1
0 0 -2 1 1 -2 -1 2 0 2 2 1
0 0 -2 1 1 -2 2 0 -1 1 3 0
0 0 -2 1 1 -2 2 0 -1 2 8 7
0 0 -2 1 1 -2 2 -1 0 1 3 0
0 0 -2 1 1 -2 2 -1 0 2 7 8
0 0 -2 1 1 2 0 -1 -1 1 3 0
0 0 -2 1 1 2 0 -1 -1 2 2 1
0 0 -2 1 1 2 0 -1 -2 1 3 0
0 0 -2 1 1 2 0 -1 -2 2 7 6
0 0 -2 1 1 2 0 -2 -1 1 3 0
0 0 -2 1 1 2 0 -2 -1 2 2 1
0 0 -2 1 1 2 -1 0 -1 1 3 0
0 0 -2 1 1 2 -1 0 -1 2 2 1
0 0 -2 1 1 2 -1 0 -2 1 3 0
0 0 -2 1 1 2 -1 0 -2 2 2 1
0 0 -2 1 1 2 -1 -1 0 1 3 0
0 0 -2 1 1 2 -1 -1 0 2 7 8
0 0 -2 1 1 2 -1 -2 0 1 3 0
0 0 -2 1 1 2 -1 -2 0 2 7 8
0 0 -2 1 1 2 -2 0 -1 1 3 0
0 0 -2 1 1 2 -2 0 -1 2 2 1
0 0 -2 1 1 2 -2 -1 0 1 3 0
0 0 -2 1 1 2 -2 -1 0 2 7 8
0 0 -2 1 -2 0 -1 1 2 1 3 0
0 0 -2 1 -2 0 -1 1 2 2 2 1
0 0 -2 1 -2 0 -1 2 1 1 3 0
0 0 -2 1 -2 0 -1 2 1 2 2 1
0 0 -2 1 -2 0 -1 2 2 1 3 0
0 0 -2 1 -2 0 -1 2 2 2 2 1
0 0 -2 1 -2 0 1 -1 2 1 3 0
0 0 -2 1 -2 0 1 -1 2 2 2 1
0 0 -2 1 -2 0 1 2 -1 1 3 0
0 0 -2 1 -2 0 1 2 -1 2 4 0
0 0 -2 1 -2 0 2 -1 1 1 3 0
0 0 -2 1 -2 0 2 -1 1 2 2 1
0 0 -2 1 -2 0 2 -1 2 1 3 0
0 0 -2 1 -2 0 2 -1 2 2 2 1
0 0 -2 1 -2 0 2 1 -1 1 3 0
0 0 -2 1 -2 0 2 1 -1 2 2 1
0 0 -2 1 -2 0 2 -2 2 1 3 0
0 0 -2 1 -2 0 2 -2 2 2 2 1
0 0 -2 1 -2 0 2 2 -1 1 3 0
0 0 -2 1 -2 0 2 2 -1 2 4 0
0 0 -2 1 -2 0 2 2 -2 1 3 0
0 0 -2 1 -2 0 2 2 -2 2 2 1
0 0 -2 1 -2 -1 0 1 2 1 3 0
0 0 -2 1 -2 -1 0 1 2 2 4 0
0 0 -2 1 -2 -1 0 2 1 1 3 0
0 0 -2 1 -2 -1 0 2 1 2 4 0
0 0 -2 1 -2 -1 0 2 2 1 3 0
0 0 -2 1 -2 -1 0 2 2 2 4 0
0 0 -2 1 -2 -1 1 0 2 1 3 0
0 0 -2 1 -2 -1 1 0 2 2 4 0
0 0 -2 1 -2 -1 1 2 0 1 7 8
0 0 -2 1 -2 -1 1 2 0 2 5 8
0 0 -2 1 -2 -1 2 0 1 1 3 0
0 0 -2 1 -2 -1 2 0 1 2 4 0
0 0 -2 1 -2 -1 2 0 2 1 3 0
0 0 -2 1 -2 -1 2 0 2 2 4 0
0 0 -2 1 -2 -1 2 1 0 1 7 8
0 0 -2 1 -2 -1 2 1 0 2 5 8
0 0 -2 1 -2 -1 2 2 0 1 7 8
0 0 -2 1 -2 -1 2 2 0 2 5 8
0 0 -2 1 -2 1 0 -1 2 1 3 0
0 0 -2 1 -2 1 0 -1 2 2 7 6
0 0 -2 1 -2 1 0 2 -1 1 3 0
0 0 -2 1 -2 1 0 2 -1 2 4 0
0 0 -2 1 -2 1 -1 0 2 1 8 7
0 0 -2 1 -2 1 -1 0 2 2 6 7
0 0 -2 1 -2 1 -1 2 0 1 3 0
0 0 -2 1 -2 1 -1 2 0 2 4 0
0 0 -2 1 -2 1 2 0 -1 1 3 0
0 0 -2 1 -2 1 2 0 -1 2 8 7
0 0 -2 1 -2 1 2 -1 0 1 3 0
0 0 -2 1 -2 1 2 -1 0 2 4 0
0 0 -2 1 -2 -2 0 2 2 1 3 0
0 0 -2 1 -2 -2 0 2 2 2 4 0
0 0 -2 1 -2 -2 2 0 2 1 3 0
0 0 -2 1 -2 -2 2 0 2 2 4 0
0 0 -2 1 -2 -2 2 2 0 1 7 8
0 0 -2 1 -2 -2 2 2 0 2 5 8
0 0 -2 1 -2 2 0 -1 1 1 3 0
0 0 -2 1 -2 2 0 -1 1 2 7 6
0 0 -2 1 -2 2 0 -1 2 1 3 0
0 0 -2 1 -2 2 0 -1 2 2 7 6
0 0 -2 1 -2 2 0 1 -1 1 3 0
0 0 -2 1 -2 2 0 1 -1 2 2 1
0 0 -2 1 -2 2 0 -2 2 1 3 0
0 0 -2 1 -2 2 0 -2 2 2 2 1
0 0 -2 1 -2 2 0 2 -1 1 3 0
0 0 -2 1 -2 2 0 2 -1 2 4 0
0 0 -2 1 -2 2 0 2 -2 1 3 0
0 0 -2 1 -2 2 0 2 -2 2 4 0
0 0 -2 1 -2 2 -1 0 1 1 8 7
0 0 -2 1 -2 2 -1 0 1 2 6 7
0 0 -2 1 -2 2 -1 0 2 1 8 7
0 0 -2 1 -2 2 -1 0 2 2 6 7
0 0 -2 1 -2 2 -1 1 0 1 3 0
0 0 -2 1 -2 2 -1 1 0 2 2 1
0 0 -2 1 -2 2 -1 2 0 1 3 0
0 0 -2 1 -2 2 -1 2 0 2 4 0
0 0 -2 1 -2 2 1 0 -1 1 3 0
0 0 -2 1 -2 2 1 0 -1 2 8 7
0 0 -2 1 -2 2 1 -1 0 1 3 0
0 0 -2 1 -2 2 1 -1 0 2 2 1
0 0 -2 1 -2 2 2 0 -1 1 3 0
0 0 -2 1 -2 2 2 0 -1 2 8 7
0 0 -2 1 -2 2 2 0 -2 1 3 0
0 0 -2 1 -2 2 2 0 -2 2 2 1
0 0 -2 1 -2 2 2 -1 0 1 3 0
0 0 -2 1 -2 2 2 -1 0 2 2 1
0 0 -2 1 -2 2 2 -2 0 1 3 0
0 0 -2 1 -2 2 2 -2 0 2 2 1
0 0 -2 1 2 0 -1 -1 1 1 3 0
0 0 -2 1 2 0 -1 -1 1 2 2 1
0 0 -2 1 2 0 -1 -1 2 1 3 0
0 0 -2 1 2 0 -1 -1 2 2 2 1
0 0 -2 1 2 0 -1 1 -1 1 3 0
0 0 -2 1 2 0 -1 1 -1 2 2 1
0 0 -2 1 2 0 -1 1 -2 1 3 0
0 0 -2 1 2 0 -1 1 -2 2 2 1
0 0 -2 1 2 0 -1 -2 1 1 3 0
0 0 -2 1 2 0 -1 -2 1 2 2 1
0 0 -2 1 2 0 -1 -2 2 1 3 0
0 0 -2 1 2 0 -1 -2 2 2 2 1
0 0 -2 1 2 0 -1 2 -1 1 3 0
0 0 -2 1 2 0 -1 2 -1 2 2 1
0 0 -2 1 2 0 -1 2 -2 1 3 0
0 0 -2 1 2 0 -1 2 -2 2 2 1
0 0 -2 1 2 0 1 -1 -1 1 4 5
0 0 -2 1 2 0 1 -1 -1 2 8 5
0 0 -2 1 2 0 1 -1 -2 1 4 5
0 0 -2 1 2 0 1 -1 -2 2 8 5
0 0 -2 1 2 0 1 -2 -1 1 3 0
0 0 -2 1 2 0 1 -2 -1 2 2 1
0 0 -2 1 2 0 -2 -1 1 1 3 0
0 0 -2 1 2 0 -2 -1 1 2 2 1
0 0 -2 1 2 0 -2 -1 2 1 3 0
0 0 -2 1 2 0 -2 -1 2 2 2 1
0 0 -2 1 2 0 -2 1 -1 1 3 0
0 0 -2 1 2 0 -2 1 -1 2 2 1
0 0 -2 1 2 0 -2 -2 2 1 3 0
0 0 -2 1 2 0 -2 -2 2 2 2 1
0 0 -2 1 2 0 -2 2 -1 1 3 0
0 0 -2 1 2 0 -2 2 -1 2 2 1
0 0 -2 1 2 0 -2 2 -2 1 3 0
0 0 -2 1 2 0 -2 2 -2 2 2 1
0 0 -2 1 2 0 2 -1 -1 1 3 0
0 0 -2 1 2 0 2 -1 -1 2 8 5
0 0 -2 1 2 0 2 -1 -2 1 3 0
0 0 -2 1 2 0 2 -1 -2 2 8 5
0 0 -2 1 2 0 2 -2 -1 1 3 0
0 0 -2 1 2 0 2 -2 -1 2 8 5
0 0 -2 1 2 0 2 -2 -2 1 3 0
0 0 -2 1 2 0 2 -2 -2 2 8 5
0 0 -2 1 2 -1 0 -1 1 1 3 0
0 0 -2 1 2 -1 0 -1 1 2 2 1
0 0 -2 1 2 -1 0 -1 2 1 3 0
0 0 -2 1 2 -1 0 -1 2 2 2 1
0 0 -2 1 2 -1 0 1 -1 1 3 0
0 0 -2 1 2 -1 0 1 -1 2 2 1
0 0 -2 1 2 -1 0 1 -2 1 3 0
0 0 -2 1 2 -1 0 1 -2 2 2 1
0 0 -2 1 2 -1 0 -2 1 1 3 0
0 0 -2 1 2 -1 0 -2 1 2 2 1
0 0 -2 1 2 -1 0 -2 2 1 3 0
0 0 -2 1 2 -1 0 -2 2 2 2 1
0 0 -2 1 2 -1 0 2 -1 1 3 0
0 0 -2 1 2 -1 0 2 -1 2 2 1
0 0 -2 1 2 -1 0 2 -2 1 3 0
0 0 -2 1 2 -1 0 2 -2 2 2 1
0 0 -2 1 2 -1 -1 0 1 1 3 0
0 0 -2 1 2 -1 -1 0 1 2 6 7
0 0 -2 1 2 -1 -1 0 2 1 3 0
0 0 -2 1 2 -1 -1 0 2 2 2 1
0 0 -2 1 2 -1 -1 1 0 1 7 8
0 0 -2 1 2 -1 -1 1 0 2 2 1
0 0 -2 1 2 -1 -1 2 0 1 3 0
0 0 -2 1 2 -1 -1 2 0 2 2 1
0 0 -2 1 2 -1 1 0 -1 1 6 7
0 0 -2 1 2 -1 1 0 -1 2 8 7
0 0 -2 1 2 -1 1 0 -2 1 6 7
0 0 -2 1 2 -1 1 0 -2 2 2 1
0 0 -2 1 2 -1 1 -1 0 1 3 0
0 0 -2 1 2 -1 1 -1 0 2 2 1
0 0 -2 1 2 -1 1 -2 0 1 3 0
0 0 -2 1 2 -1 1 -2 0 2 2 1
0 0 -2 1 2 -1 -2 0 1 1 3 0
0 0 -2 1 2 -1 -2 0 1 2 6 7
0 0 -2 1 2 -1 -2 0 2 1 3 0
0 0 -2 1 2 -1 -2 0 2 2 2 1
0 0 -2 1 2 -1 -2 1 0 1 7 8
0 0 -2 1 2 -1 -2 1 0 2 2 1
0 0 -2 1 2 -1 -2 2 0 1 3 0
0 0 -2 1 2 -1 -2 2 0 2 2 1
0 0 -2 1 2 -1 2 0 -1 1 3 0
0 0 -2 1 2 -1 2 0 -1 2 2 1
0 0 -2 1 2 -1 2 0 -2 1 3 0
0 0 -2 1 2 -1 2 0 -2 2 2 1
0 0 -2 1 2 -1 2 -1 0 1 3 0
0 0 -2 1 2 -1 2 -1 0 2 2 1
0 0 -2 1 2 -1 2 -2 0 1 3 0
0 0 -2 1 2 -1 2 -2 0 2 2 1
0 0 -2 1 2 1 0 -1 -1 1 3 0
0 0 -2 1 2 1 0 -1 -1 2 2 1
0 0 -2 1 2 1 0 -1 -2 1 3 0
0 0 -2 1 2 1 0 -1 -2 2 7 6
0 0 -2 1 2 1 0 -2 -1 1 3 0
0 0 -2 1 2 1 0 -2 -1 2 2 1
0 0 -2 1 2 1 -1 0 -1 1 3 0
0 0 -2 1 2 1 -1 0 -1 2 2 1
0 0 -2 1 2 1 -1 0 -2 1 3 0
0 0 -2 1 2 1 -1 0 -2 2 2 1
0 0 -2 1 2 1 -1 -1 0 1 5 8
0 0 -2 1 2 1 -1 -1 0 2 7 8
0 0 -2 1 2 1 -1 -2 0 1 5 8
0 0 -2 1 2 1 -1 -2 0 2 7 8
0 0 -2 1 2 1 -2 0 -1 1 3 0
0 0 -2 1 2 1 -2 0 -1 2 2 1
0 0 -2 1 2 1 -2 -1 0 1 5 8
0 0 -2 1 2 1 -2 -1 0 2 7 8
0 0 -2 1 2 -2 0 -1 1 1 3 0
0 0 -2 1 2 -2 0 -1 1 2 2 1
0 0 -2 1 2 -2 0 -1 2 1 3 0
0 0 -2 1 2 -2 0 -1 2 2 2 1
0 0 -2 1 2 -2 0 1 -1 1 3 0
0 0 -2 1 2 -2 0 1 -1 2 2 1
0 0 -2 1 2 -2 0 -2 2 1 3 0
0 0 -2 1 2 -2 0 -2 2 2 2 1
0 0 -2 1 2 -2 0 2 -1 1 3 0
0 0 -2 1 2 -2 0 2 -1 2 2 1
0 0 -2 1 2 -2 -1 0 1 1 3 0
0 0 -2 1 2 -2 -1 0 1 2 6 7
0 0 -2 1 2 -2 -1 0 2 1 3 0
0 0 -2 1 2 -2 -1 0 2 2 2 1
0 0 -2 1 2 -2 -1 1 0 1 7 8
0 0 -2 1 2 -2 -1 1 0 2 2 1
0 0 -2 1 2 -2 -1 2 0 1 3 0
0 0 -2 1 2 -2 -1 2 0 2 2 1
0 0 -2 1 2 -2 1 0 -1 1 6 7
0 0 -2 1 2 -2 1 0 -1 2 8 7
0 0 -2 1 2 -2 1 -1 0 1 3 0
0 0 -2 1 2 -2 1 -1 0 2 7 8
0 0 -2 1 2 -2 -2 0 2 1 3 0
0 0 -2 1 2 -2 -2 0 2 2 2 1
0 0 -2 1 2 -2 -2 2 0 1 3 0
0 0 -2 1 2 -2 -2 2 0 2 2 1
0 0 -2 1 2 -2 2 0 -1 1 3 0
0 0 -2 1 2 -2 2 0 -1 2 8 7
0 0 -2 1 2 -2 2 -1 0 1 3 0
0 0 -2 1 2 -2 2 -1 0 2 7 8
0 0 -2 1 2 -2 2 -2 0 1 3 0
0 0 -2 1 2 -2 2 -2 0 2 7 8
0 0 -2 1 2 2 0 -1 -1 1 3 0
0 0 -2 1 2 2 0 -1 -1 2 2 1
0 0 -2 1 2 2 0 -1 -2 1 3 0
0 0 -2 1 2 2 0 -1 -2 2 7 6
0 0 -2 1 2 2 0 -2 -1 1 3 0
0 0 -2 1 2 2 0 -2 -1 2 2 1
0 0 -2 1 2 2 0 -2 -2 1 3 0
0 0 -2 1 2 2 0 -2 -2 2 7 6
0 0 -2 1 2 2 -1 0 -1 1 3 0
0 0 -2 1 2 2 -1 0 -1 2 2 1
0 0 -2 1 2 2 -1 0 -2 1 3 0
0 0 -2 1 2 2 -1 0 -2 2 2 1
0 0 -2 1 2 2 -1 -1 0 1 5 8
0 0 -2 1 2 2 -1 -1 0 2 7 8
0 0 -2 1 2 2 -1 -2 0 1 5 8
0 0 -2 1 2 2 -1 -2 0 2 7 8
0 0 -2 1 2 2 -2 0 -1 1 3 0
0 0 -2 1 2 2 -2 0 -1 2 2 1
0 0 -2 1 2 2 -2 0 -2 1 3 0
0 0 -2 1 2 2 -2 0 -2 2 2 1
0 0 -2 1 2 2 -2 -1 0 1 5 8
0 0 -2 1 2 2 -2 -1 0 2 7 8
0 0 -2 1 2 2 -2 -2 0 1 5 8
0 0 -2 1 2 2 -2 -2 0 2 7 8
0 0 -2 -2 0 -1 1 1 2 1 6 4
0 0 -2 -2 0 -1 1 1 2 2 2 4
0 0 -2 -2 0 -1 1 2 1 1 6 4
0 0 -2 -2 0 -1 1 2 1 2 2 4
0 0 -2 -2 0 -1 1 2 2 1 6 4
0 0 -2 -2 0 -1 1 2 2 2 2 4
0 0 -2 -2 0 -1 2 1 1 1 6 4
0 0 -2 -2 0 -1 2 1 1 2 2 4
0 0 -2 -2 0 -1 2 1 2 1 6 4
0 0 -2 -2 0 -1 2 1 2 2 2 4
0 0 -2 -2 0 -1 2 2 1 1 6 4
0 0 -2 -2 0 -1 2 2 1 2 2 4
0 0 -2 -2 0 -1 2 2 2 1 6 4
0 0 -2 -2 0 -1 2 2 2 2 2 4
0 0 -2 -2 0 1 -1 1 2 1 5 4
0 0 -2 -2 0 1 -1 1 2 2 3 4
0 0 -2 -2 0 1 -1 2 1 1 5 4
0 0 -2 -2 0 1 -1 2 1 2 3 4
0 0 -2 -2 0 1 -1 2 2 1 5 4
0 0 -2 -2 0 1 -1 2 2 2 3 4
0 0 -2 -2 0 1 1 -1 2 1 5 4
0 0 -2 -2 0 1 1 -1 2 2 3 4
0 0 -2 -2 0 1 1 2 -1 1 5 4
0 0 -2 -2 0 1 1 2 -1 2 2 1
0 0 -2 -2 0 1 -2 2 2 1 5 4
0 0 -2 -2 0 1 -2 2 2 2 2 1
0 0 -2 -2 0 1 2 -1 1 1 5 4
0 0 -2 -2 0 1 2 -1 1 2 3 4
0 0 -2 -2 0 1 2 -1 2 1 5 4
0 0 -2 -2 0 1 2 -1 2 2 3 4
0 0 -2 -2 0 1 2 1 -1 1 5 4
0 0 -2 -2 0 1 2 1 -1 2 2 1
0 0 -2 -2 0 1 2 -2 2 1 5 4
0 0 -2 -2 0 1 2 -2 2 2 3 4
0 0 -2 -2 0 1 2 2 -1 1 5 4
0 0 -2 -2 0 1 2 2 -1 2 2 1
0 0 -2 -2 0 1 2 2 -2 1 7 4
0 0 -2 -2 0 1 2 2 -2 2 2 4
0 0 -2 -2 0 2 -1 1 1 1 5 4
0 0 -2 -2 0 2 -1 1 1 2 3 4
0 0 -2 -2 0 2 -1 1 2 1 5 4
0 0 -2 -2 0 2 -1 1 2 2 3 4
0 0 -2 -2 0 2 -1 2 1 1 5 4
0 0 -2 -2 0 2 -1 2 1 2 3 4
0 0 -2 -2 0 2 -1 2 2 1 5 4
0 0 -2 -2 0 2 -1 2 2 2 3 4
0 0 -2 -2 0 2 1 -1 1 1 5 4
0 0 -2 -2 0 2 1 -1 1 2 3 4
0 0 -2 -2 0 2 1 -1 2 1 5 4
0 0 -2 -2 0 2 1 -1 2 2 3 4
0 0 -2 -2 0 2 1 1 -1 1 5 4
0 0 -2 -2 0 2 1 1 -1 2 2 1
0 0 -2 -2 0 2 1 -2 2 1 8 4
0 0 -2 -2 0 2 1 -2 2 2 3 4
0 0 -2 -2 0 2 1 2 -1 1 5 4
0 0 -2 -2 0 2 1 2 -1 2 2 4
0 0 -2 -2 0 2 1 2 -2 1 6 4
0 0 -2 -2 0 2 1 2 -2 2 2 4
0 0 -2 -2 0 2 -2 1 2 1 5 4
0 0 -2 -2 0 2 -2 1 2 2 2 1
0 0 -2 -2 0 2 -2 2 1 1 5 4
0 0 -2 -2 0 2 -2 2 1 2 2 1
0 0 -2 -2 0 2 -2 2 2 1 5 4
0 0 -2 -2 0 2 -2 2 2 2 2 1
0 0 -2 -2 0 2 2 -1 1 1 5 4
0 0 -2 -2 0 2 2 -1 1 2 3 4
0 0 -2 -2 0 2 2 -1 2 1 5 4
0 0 -2 -2 0 2 2 -1 2 2 3 4
0 0 -2 -2 0 2 2 1 -1 1 5 4
0 0 -2 -2 0 2 2 1 -1 2 2 1
0 0 -2 -2 0 2 2 1 -2 1 6 4
0 0 -2 -2 0 2 2 1 -2 2 2 4
0 0 -2 -2 0 2 2 -2 1 1 5 4
0 0 -2 -2 0 2 2 -2 1 2 3 4
0 0 -2 -2 0 2 2 -2 2 1 5 4
0 0 -2 -2 0 2 2 -2 2 2 3 4
0 0 -2 -2 0 2 2 2 -1 1 5 4
0 0 -2 -2 0 2 2 2 -1 2 2 4
0 0 -2 -2 0 2 2 2 -2 1 6 4
0 0 -2 -2 0 2 2 2 -2 2 2 4
0 0 -2 -2 -1 0 1 1 2 1 8 5
0 0 -2 -2 -1 0 1 1 2 2 2 5
0 0 -2 -2 -1 0 1 2 1 1 8 5
0 0 -2 -2 -1 0 1 2 1 2 2 5
0 0 -2 -2 -1 0 1 2 2 1 8 5
0 0 -2 -2 -1 0 1 2 2 2 2 5
0 0 -2 -2 -1 0 2 1 1 1 8 5
0 0 -2 -2 -1 0 2 1 1 2 2 5
0 0 -2 -2 -1 0 2 1 2 1 8 5
0 0 -2 -2 -1 0 2 1 2 2 2 5
0 0 -2 -2 -1 0 2 2 1 1 8 5
0 0 -2 -2 -1 0 2 2 1 2 2 5
0 0 -2 -2 -1 0 2 2 2 1 8 5
0 0 -2 -2 -1 0 2 2 2 2 2 5
0 0 -2 -2 -1 1 0 1 2 1 7 6
0 0 -2 -2 -1 1 0 1 2 2 3 0
0 0 -2 -2 -1 1 0 2 1 1 7 6
0 0 -2 -2 -1 1 0 2 1 2 3 0
0 0 -2 -2 -1 1 0 2 2 1 7 6
0 0 -2 -2 -1 1 0 2 2 2 3 0
0 0 -2 -2 -1 1 1 0 2 1 6 7
0 0 -2 -2 -1 1 1 0 2 2 3 0
0 0 -2 -2 -1 1 1 2 0 1 7 8
0 0 -2 -2 -1 1 1 2 0 2 4 0
0 0 -2 -2 -1 1 2 0 1 1 6 7
0 0 -2 -2 -1 1 2 0 1 2 3 0
0 0 -2 -2 -1 1 2 0 2 1 6 7
0 0 -2 -2 -1 1 2 0 2 2 3 0
0 0 -2 -2 -1 1 2 1 0 1 7 8
0 0 -2 -2 -1 1 2 1 0 2 4 1
0 0 -2 -2 -1 1 2 2 0 1 7 8
0 0 -2 -2 -1 1 2 2 0 2 4 1
0 0 -2 -2 -1 2 0 1 1 1 7 6
0 0 -2 -2 -1 2 0 1 1 2 3 0
0 0 -2 -2 -1 2 0 1 2 1 7 6
0 0 -2 -2 -1 2 0 1 2 2 3 0
0 0 -2 -2 -1 2 0 2 1 1 7 6
0 0 -2 -2 -1 2 0 2 1 2 3 0
0 0 -2 -2 -1 2 0 2 2 1 7 6
0 0 -2 -2 -1 2 0 2 2 2 3 0
0 0 -2 -2 -1 2 1 0 1 1 6 7
0 0 -2 -2 -1 2 1 0 1 2 3 0
0 0 -2 -2 -1 2 1 0 2 1 6 7
0 0 -2 -2 -1 2 1 0 2 2 3 0
0 0 -2 -2 -1 2 1 1 0 1 7 8
0 0 -2 -2 -1 2 1 1 0 2 4 0
0 0 -2 -2 -1 2 1 2 0 1 7 8
0 0 -2 -2 -1 2 1 2 0 2 4 0
0 0 -2 -2 -1 2 2 0 1 1 6 7
0 0 -2 -2 -1 2 2 0 1 2 3 0
0 0 -2 -2 -1 2 2 0 2 1 6 7
0 0 -2 -2 -1 2 2 0 2 2 3 0
0 0 -2 -2 -1 2 2 1 0 1 7 8
0 0 -2 -2 -1 2 2 1 0 2 4 1
0 0 -2 -2 -1 2 2 2 0 1 7 8
0 0 -2 -2 -1 2 2 2 0 2 4 1
0 0 -2 -2 1 0 -1 1 2 1 4 0
0 0 -2 -2 1 0 -1 1 2 2 2 5
0 0 -2 -2 1 0 -1 2 1 1 4 0
0 0 -2 -2 1 0 -1 2 1 2 2 5
0 0 -2 -2 1 0 -1 2 2 1 4 0
0 0 -2 -2 1 0 -1 2 2 2 2 5
0 0 -2 -2 1 0 1 -1 2 1 4 0
0 0 -2 -2 1 0 1 -1 2 2 2 1
0 0 -2 -2 1 0 1 2 -1 1 4 0
0 0 -2 -2 1 0 1 2 -1 2 2 1
0 0 -2 -2 1 0 -2 2 2 1 4 0
0 0 -2 -2 1 0 -2 2 2 2 2 1
0 0 -2 -2 1 0 2 -1 1 1 4 0
0 0 -2 -2 1 0 2 -1 1 2 2 1
0 0 -2 -2 1 0 2 -1 2 1 4 0
0 0 -2 -2 1 0 2 -1 2 2 2 1
0 0 -2 -2 1 0 2 1 -1 1 4 0
0 0 -2 -2 1 0 2 1 -1 2 2 1
0 0 -2 -2 1 0 2 -2 2 1 4 0
0 0 -2 -2 1 0 2 -2 2 2 2 1
0 0 -2 -2 1 0 2 2 -1 1 4 0
0 0 -2 -2 1 0 2 2 -1 2 2 1
0 0 -2 -2 1 0 2 2 -2 1 4 0
0 0 -2 -2 1 0 2 2 -2 2 2 1
0 0 -2 -2 1 -1 0 1 2 1 4 0
0 0 -2 -2 1 -1 0 1 2 2 2 1
0 0 -2 -2 1 -1 0 2 1 1 4 0
0 0 -2 -2 1 -1 0 2 1 2 2 1
0 0 -2 -2 1 -1 0 2 2 1 4 0
0 0 -2 -2 1 -1 0 2 2 2 2 1
0 0 -2 -2 1 -1 1 0 2 1 4 1
0 0 -2 -2 1 -1 1 0 2 2 2 1
0 0 -2 -2 1 -1 1 2 0 1 4 0
0 0 -2 -2 1 -1 1 2 0 2 5 8
0 0 -2 -2 1 -1 2 0 1 1 4 0
0 0 -2 -2 1 -1 2 0 1 2 2 1
0 0 -2 -2 1 -1 2 0 2 1 4 0
0 0 -2 -2 1 -1 2 0 2 2 2 1
0 0 -2 -2 1 -1 2 1 0 1 4 0
0 0 -2 -2 1 -1 2 1 0 2 5 8
0 0 -2 -2 1 -1 2 2 0 1 4 0
0 0 -2 -2 1 -1 2 2 0 2 5 8
0 0 -2 -2 1 1 0 -1 2 1 4 0
0 0 -2 -2 1 1 0 -1 2 2 3 0
0 0 -2 -2 1 1 0 2 -1 1 4 0
0 0 -2 -2 1 1 0 2 -1 2 2 1
0 0 -2 -2 1 1 -1 0 2 1 4 0
0 0 -2 -2 1 1 -1 0 2 2 6 7
0 0 -2 -2 1 1 -1 2 0 1 4 0
0 0 -2 -2 1 1 -1 2 0 2 3 0
0 0 -2 -2 1 1 2 0 -1 1 4 0
0 0 -2 -2 1 1 2 0 -1 2 2 1
0 0 -2 -2 1 1 2 -1 0 1 4 0
0 0 -2 -2 1 1 2 -1 0 2 2 1
0 0 -2 -2 1 -2 0 2 2 1 4 0
0 0 -2 -2 1 -2 0 2 2 2 2 1
0 0 -2 -2 1 -2 2 0 2 1 4 0
0 0 -2 -2 1 -2 2 0 2 2 2 1
0 0 -2 -2 1 -2 2 2 0 1 4 0
0 0 -2 -2 1 -2 2 2 0 2 5 8
0 0 -2 -2 1 2 0 -1 1 1 4 0
0 0 -2 -2 1 2 0 -1 1 2 3 0
0 0 -2 -2 1 2 0 -1 2 1 4 0
0 0 -2 -2 1 2 0 -1 2 2 3 0
0 0 -2 -2 1 2 0 1 -1 1 4 0
0 0 -2 -2 1 2 0 1 -1 2 2 1
0 0 -2 -2 1 2 0 -2 2 1 4 0
0 0 -2 -2 1 2 0 -2 2 2 3 0
0 0 -2 -2 1 2 0 2 -1 1 4 0
0 0 -2 -2 1 2 0 2 -1 2 3 0
0 0 -2 -2 1 2 0 2 -2 1 4 0
0 0 -2 -2 1 2 0 2 -2 2 3 0
0 0 -2 -2 1 2 -1 0 1 1 4 0
0 0 -2 -2 1 2 -1 0 1 2 6 7
0 0 -2 -2 1 2 -1 0 2 1 4 0
0 0 -2 -2 1 2 -1 0 2 2 6 7
0 0 -2 -2 1 2 -1 1 0 1 4 0
0 0 -2 -2 1 2 -1 1 0 2 3 0
0 0 -2 -2 1 2 -1 2 0 1 4 0
0 0 -2 -2 1 2 -1 2 0 2 3 0
0 0 -2 -2 1 2 1 0 -1 1 4 0
0 0 -2 -2 1 2 1 0 -1 2 2 1
0 0 -2 -2 1 2 1 -1 0 1 4 0
0 0 -2 -2 1 2 1 -1 0 2 2 1
0 0 -2 -2 1 2 -2 0 2 1 4 0
0 0 -2 -2 1 2 -2 0 2 2 3 0
0 0 -2 -2 1 2 -2 2 0 1 4 0
0 0 -2 -2 1 2 -2 2 0 2 3 0
0 0 -2 -2 1 2 2 0 -1 1 4 0
0 0 -2 -2 1 2 2 0 -1 2 3 0
0 0 -2 -2 1 2 2 0 -2 1 4 0
0 0 -2 -2 1 2 2 0 -2 2 2 1
0 0 -2 -2 1 2 2 -1 0 1 4 0
0 0 -2 -2 1 2 2 -1 0 2 3 0
0 0 -2 -2 1 2 2 -2 0 1 4 0
0 0 -2 -2 1 2 2 -2 0 2 2 1
0 0 -2 -2 -2 1 0 2 2 1 7 6
0 0 -2 -2 -2 1 0 2 2 2 3 0
0 0 -2 -2 -2 1 2 0 2 1 6 7
0 0 -2 -2 -2 1 2 0 2 2 3 0
0 0 -2 -2 -2 1 2 2 0 1 7 8
0 0 -2 -2 -2 1 2 2 0 2 4 1
0 0 -2 -2 -2 2 0 1 2 1 7 6
0 0 -2 -2 -2 2 0 1 2 2 3 0
0 0 -2 -2 -2 2 0 2 1 1 7 6
0 0 -2 -2 -2 2 0 2 1 2 3 0
0 0 -2 -2 -2 2 0 2 2 1 7 6
0 0 -2 -2 -2 2 0 2 2 2 3 0
0 0 -2 -2 -2 2 1 0 2 1 6 7
0 0 -2 -2 -2 2 1 0 2 2 3 0
0 0 -2 -2 -2 2 1 2 0 1 7 8
0 0 -2 -2 -2 2 1 2 0 2 4 0
0 0 -2 -2 -2 2 2 0 1 1 6 7
0 0 -2 -2 -2 2 2 0 1 2 3 0
0 0 -2 -2 -2 2 2 0 2 1 6 7
0 0 -2 -2 -2 2 2 0 2 2 3 0
0 0 -2 -2 -2 2 2 1 0 1 7 8
0 0 -2 -2 -2 2 2 1 0 2 4 1
0 0 -2 -2 -2 2 2 2 0 1 7 8
0 0 -2 -2 -2 2 2 2 0 2 4 1
0 0 -2 -2 2 0 -1 1 1 1 4 0
0 0 -2 -2 2 0 -1 1 1 2 2 5
0 0 -2 -2 2 0 -1 1 2 1 4 0
0 0 -2 -2 2 0 -1 1 2 2 2 5
0 0 -2 -2 2 0 -1 2 1 1 4 0
0 0 -2 -2 2 0 -1 2 1 2 2 5
0 0 -2 -2 2 0 -1 2 2 1 4 0
0 0 -2 -2 2 0 -1 2 2 2 2 5
0 0 -2 -2 2 0 1 -1 1 1 4 0
0 0 -2 -2 2 0 1 -1 1 2 2 5
0 0 -2 -2 2 0 1 -1 2 1 4 0
0 0 -2 -2 2 0 1 -1 2 2 2 1
0 0 -2 -2 2 0 1 1 -1 1 4 0
0 0 -2 -2 2 0 1 1 -1 2 2 1
0 0 -2 -2 2 0 1 -2 2 1 4 0
0 0 -2 -2 2 0 1 -2 2 2 2 1
0 0 -2 -2 2 0 1 2 -1 1 4 0
0 0 -2 -2 2 0 1 2 -1 2 2 1
0 0 -2 -2 2 0 1 2 -2 1 4 0
0 0 -2 -2 2 0 1 2 -2 2 2 1
0 0 -2 -2 2 0 -2 1 2 1 4 0
0 0 -2 -2 2 0 -2 1 2 2 2 1
0 0 -2 -2 2 0 -2 2 1 1 4 0
0 0 -2 -2 2 0 -2 2 1 2 2 1
0 0 -2 -2 2 0 -2 2 2 1 4 0
0 0 -2 -2 2 0 -2 2 2 2 2 1
0 0 -2 -2 2 0 2 -1 1 1 4 0
0 0 -2 -2 2 0 2 -1 1 2 2 1
0 0 -2 -2 2 0 2 -1 2 1 4 0
0 0 -2 -2 2 0 2 -1 2 2 2 1
0 0 -2 -2 2 0 2 1 -1 1 4 0
0 0 -2 -2 2 0 2 1 -1 2 2 1
0 0 -2 -2 2 0 2 1 -2 1 4 0
0 0 -2 -2 2 0 2 1 -2 2 2 1
0 0 -2 -2 2 0 2 -2 1 1 4 0
0 0 -2 -2 2 0 2 -2 1 2 2 1
0 0 -2 -2 2 0 2 -2 2 1 4 0
0 0 -2 -2 2 0 2 -2 2 2 2 1
0 0 -2 -2 2 0 2 2 -1 1 4 0
0 0 -2 -2 2 0 2 2 -1 2 2 1
0 0 -2 -2 2 0 2 2 -2 1 4 0
0 0 -2 -2 2 0 2 2 -2 2 2 1
0 0 -2 -2 2 -1 0 1 1 1 4 0
0 0 -2 -2 2 -1 0 1 1 2 2 1
0 0 -2 -2 2 -1 0 1 2 1 4 0
0 0 -2 -2 2 -1 0 1 2 2 2 1
0 0 -2 -2 2 -1 0 2 1 1 4 0
0 0 -2 -2 2 -1 0 2 1 2 2 1
0 0 -2 -2 2 -1 0 2 2 1 4 0
0 0 -2 -2 2 -1 0 2 2 2 2 1
0 0 -2 -2 2 -1 1 0 1 1 4 1
0 0 -2 -2 2 -1 1 0 1 2 2 1
0 0 -2 -2 2 -1 1 0 2 1 4 1
0 0 -2 -2 2 -1 1 0 2 2 2 1
0 0 -2 -2 2 -1 1 1 0 1 4 0
0 0 -2 -2 2 -1 1 1 0 2 5 8
0 0 -2 -2 2 -1 1 2 0 1 4 0
0 0 -2 -2 2 -1 1 2 0 2 5 8
0 0 -2 -2 2 -1 2 0 1 1 4 0
0 0 -2 -2 2 -1 2 0 1 2 2 1
0 0 -2 -2 2 -1 2 0 2 1 4 0
0 0 -2 -2 2 -1 2 0 2 2 2 1
0 0 -2 -2 2 -1 2 1 0 1 4 0
0 0 -2 -2 2 -1 2 1 0 2 5 8
0 0 -2 -2 2 -1 2 2 0 1 4 0
0 0 -2 -2 2 -1 2 2 0 2 5 8
0 0 -2 -2 2 1 0 -1 1 1 4 0
0 0 -2 -2 2 1 0 -1 1 2 3 0
0 0 -2 -2 2 1 0 -1 2 1 4 0
0 0 -2 -2 2 1 0 -1 2 2 3 0
0 0 -2 -2 2 1 0 1 -1 1 4 0
0 0 -2 -2 2 1 0 1 -1 2 3 0
0 0 -2 -2 2 1 0 -2 2 1 4 0
0 0 -2 -2 2 1 0 -2 2 2 3 0
0 0 -2 -2 2 1 0 2 -1 1 4 0
0 0 -2 -2 2 1 0 2 -1 2 3 0
0 0 -2 -2 2 1 0 2 -2 1 4 0
0 0 -2 -2 2 1 0 2 -2 2 3 0
0 0 -2 -2 2 1 -1 0 1 1 4 0
0 0 -2 -2 2 1 -1 0 1 2 6 7
0 0 -2 -2 2 1 -1 0 2 1 4 0
0 0 -2 -2 2 1 -1 0 2 2 6 7
0 0 -2 -2 2 1 -1 1 0 1 4 0
0 0 -2 -2 2 1 -1 1 0 2 3 0
0 0 -2 -2 2 1 -1 2 0 1 4 0
0 0 -2 -2 2 1 -1 2 0 2 3 0
0 0 -2 -2 2 1 1 0 -1 1 4 0
0 0 -2 -2 2 1 1 0 -1 2 2 1
0 0 -2 -2 2 1 1 -1 0 1 4 0
0 0 -2 -2 2 1 1 -1 0 2 2 1
0 0 -2 -2 2 1 -2 0 2 1 4 0
0 0 -2 -2 2 1 -2 0 2 2 2 1
0 0 -2 -2 2 1 -2 2 0 1 4 0
0 0 -2 -2 2 1 -2 2 0 2 3 0
0 0 -2 -2 2 1 2 0 -1 1 4 0
0 0 -2 -2 2 1 2 0 -1 2 3 0
0 0 -2 -2 2 1 2 0 -2 1 4 0
0 0 -2 -2 2 1 2 0 -2 2 3 0
0 0 -2 -2 2 1 2 -1 0 1 4 0
0 0 -2 -2 2 1 2 -1 0 2 3 0
0 0 -2 -2 2 1 2 -2 0 1 4 0
0 0 -2 -2 2 1 2 -2 0 2 3 0
0 0 -2 -2 2 -2 0 1 2 1 4 0
0 0 -2 -2 2 -2 0 1 2 2 2 1
0 0 -2 -2 2 -2 0 2 1 1 4 0
0 0 -2 -2 2 -2 0 2 1 2 2 1
0 0 -2 -2 2 -2 0 2 2 1 4 0
0 0 -2 -2 2 -2 0 2 2 2 2 1
0 0 -2 -2 2 -2 1 0 2 1 4 0
0 0 -2 -2 2 -2 1 0 2 2 2 1
0 0 -2 -2 2 -2 1 2 0 1 4 0
0 0 -2 -2 2 -2 1 2 0 2 5 8
0 0 -2 -2 2 -2 2 0 1 1 4 0
0 0 -2 -2 2 -2 2 0 1 2 2 1
0 0 -2 -2 2 -2 2 0 2 1 4 0
0 0 -2 -2 2 -2 2 0 2 2 2 1
0 0 -2 -2 2 -2 2 1 0 1 4 0
0 0 -2 -2 2 -2 2 1 0 2 5 8
0 0 -2 -2 2 -2 2 2 0 1 4 0
0 0 -2 -2 2 -2 2 2 0 2 5 8
0 0 -2 -2 2 2 0 -1 1 1 4 0
0 0 -2 -2 2 2 0 -1 1 2 3 0
0 0 -2 -2 2 2 0 -1 2 1 4 0
0 0 -2 -2 2 2 0 -1 2 2 3 0
0 0 -2 -2 2 2 0 1 -1 1 4 0
0 0 -2 -2 2 2 0 1 -1 2 3 0
0 0 -2 -2 2 2 0 1 -2 1 4 0
0 0 -2 -2 2 2 0 1 -2 2 3 0
0 0 -2 -2 2 2 0 -2 1 1 4 0
0 0 -2 -2 2 2 0 -2 1 2 2 1
0 0 -2 -2 2 2 0 -2 2 1 4 0
0 0 -2 -2 2 2 0 -2 2 2 3 0
0 0 -2 -2 2 2 0 2 -1 1 4 0
0 0 -2 -2 2 2 0 2 -1 2 3 0
0 0 -2 -2 2 2 0 2 -2 1 4 0
0 0 -2 -2 2 2 0 2 -2 2 3 0
0 0 -2 -2 2 2 -1 0 1 1 4 0
0 0 -2 -2 2 2 -1 0 1 2 6 7
0 0 -2 -2 2 2 -1 0 2 1 4 0
0 0 -2 -2 2 2 -1 0 2 2 6 7
0 0 -2 -2 2 2 -1 1 0 1 4 0
0 0 -2 -2 2 2 -1 1 0 2 3 0
0 0 -2 -2 2 2 -1 2 0 1 4 0
0 0 -2 -2 2 2 -1 2 0 2 3 0
0 0 -2 -2 2 2 1 0 -1 1 4 0
0 0 -2 -2 2 2 1 0 -1 2 3 0
0 0 -2 -2 2 2 1 0 -2 1 4 0
0 0 -2 -2 2 2 1 0 -2 2 2 1
0 0 -2 -2 2 2 1 -1 0 1 4 0
0 0 -2 -2 2 2 1 -1 0 2 2 1
0 0 -2 -2 2 2 1 -2 0 1 4 0
0 0 -2 -2 2 2 1 -2 0 2 2 1
0 0 -2 -2 2 2 -2 0 1 1 4 0
0 0 -2 -2 2 2 -2 0 1 2 2 1
0 0 -2 -2 2 2 -2 0 2 1 4 0
0 0 -2 -2 2 2 -2 0 2 2 3 0
0 0 -2 -2 2 2 -2 1 0 1 4 0
0 0 -2 -2 2 2 -2 1 0 2 3 0
0 0 -2 -2 2 2 -2 2 0 1 4 0
0 0 -2 -2 2 2 -2 2 0 2 3 0
0 0 -2 -2 2 2 2 0 -1 1 4 0
0 0 -2 -2 2 2 2 0 -1 2 3 0
0 0 -2 -2 2 2 2 0 -2 1 4 0
0 0 -2 -2 2 2 2 0 -2 2 3 0
0 0 -2 -2 2 2 2 -1 0 1 4 0
0 0 -2 -2 2 2 2 -1 0 2 3 0
0 0 -2 -2 2 2 2 -2 0 1 4 0
0 0 -2 -2 2 2 2 -2 0 2 3 0
0 0 -2 2 0 -1 -1 1 1 1 3 0
0 0 -2 2 0 -1 -1 1 1 2 2 4
0 0 -2 2 0 -1 -1 1 2 1 7 4
0 0 -2 2 0 -1 -1 1 2 2 2 1
0 0 -2 2 0 -1 -1 2 1 1 3 0
0 0 -2 2 0 -1 -1 2 1 2 2 1
0 0 -2 2 0 -1 1 -1 1 1 3 0
0 0 -2 2 0 -1 1 -1 1 2 2 1
0 0 -2 2 0 -1 1 -1 2 1 6 4
0 0 -2 2 0 -1 1 -1 2 2 2 1
0 0 -2 2 0 -1 1 1 -1 1 3 0
0 0 -2 2 0 -1 1 1 -1 2 2 4
0 0 -2 2 0 -1 1 1 -2 1 3 4
0 0 -2 2 0 -1 1 1 -2 2 2 4
0 0 -2 2 0 -1 1 -2 1 1 3 4
0 0 -2 2 0 -1 1 -2 1 2 5 4
0 0 -2 2 0 -1 1 -2 2 1 6 4
0 0 -2 2 0 -1 1 -2 2 2 5 4
0 0 -2 2 0 -1 1 2 -1 1 3 0
0 0 -2 2 0 -1 1 2 -1 2 5 4
0 0 -2 2 0 -1 1 2 -2 1 3 4
0 0 -2 2 0 -1 1 2 -2 2 2 4
0 0 -2 2 0 -1 -2 1 1 1 7 4
0 0 -2 2 0 -1 -2 1 1 2 2 4
0 0 -2 2 0 -1 -2 1 2 1 7 4
0 0 -2 2 0 -1 -2 1 2 2 2 4
0 0 -2 2 0 -1 -2 2 1 1 7 4
0 0 -2 2 0 -1 -2 2 1 2 2 4
0 0 -2 2 0 -1 -2 2 2 1 7 4
0 0 -2 2 0 -1 -2 2 2 2 2 4
0 0 -2 2 0 -1 2 -1 1 1 8 4
0 0 -2 2 0 -1 2 -1 1 2 2 1
0 0 -2 2 0 -1 2 1 -1 1 3 0
0 0 -2 2 0 -1 2 1 -1 2 2 4
0 0 -2 2 0 -1 2 1 -2 1 3 4
0 0 -2 2 0 -1 2 1 -2 2 2 4
0 0 -2 2 0 -1 2 -2 1 1 8 4
0 0 -2 2 0 -1 2 -2 1 2 5 4
0 0 -2 2 0 -1 2 -2 2 1 6 4
0 0 -2 2 0 -1 2 -2 2 2 5 4
0 0 -2 2 0 -1 2 2 -2 1 3 4
0 0 -2 2 0 -1 2 2 -2 2 2 4
0 0 -2 2 0 1 -1 -1 1 1 5 4
0 0 -2 2 0 1 -1 -1 1 2 6 4
0 0 -2 2 0 1 -1 -1 2 1 5 4
0 0 -2 2 0 1 -1 -1 2 2 6 4
0 0 -2 2 0 1 -1 1 -1 1 5 4
0 0 -2 2 0 1 -1 1 -1 2 2 1
0 0 -2 2 0 1 -1 1 -2 1 3 0
0 0 -2 2 0 1 -1 1 -2 2 2 1
0 0 -2 2 0 1 -1 -2 1 1 5 4
0 0 -2 2 0 1 -1 -2 1 2 6 4
0 0 -2 2 0 1 -1 -2 2 1 5 4
0 0 -2 2 0 1 -1 -2 2 2 6 4
0 0 -2 2 0 1 -1 2 -1 1 3 0
0 0 -2 2 0 1 -1 2 -1 2 6 4
0 0 -2 2 0 1 -1 2 -2 1 3 4
0 0 -2 2 0 1 -1 2 -2 2 2 1
0 0 -2 2 0 1 1 -1 -1 1 3 4
0 0 -2 2 0 1 1 -1 -1 2 2 1
0 0 -2 2 0 1 1 -1 -2 1 3 0
0 0 -2 2 0 1 1 -1 -2 2 7 4
0 0 -2 2 0 1 1 -2 -1 1 3 0
0 0 -2 2 0 1 1 -2 -1 2 8 4
0 0 -2 2 0 1 -2 -1 1 1 5 4
0 0 -2 2 0 1 -2 -1 1 2 6 4
0 0 -2 2 0 1 -2 -1 2 1 5 4
0 0 -2 2 0 1 -2 -1 2 2 6 4
0 0 -2 2 0 1 -2 1 -1 1 5 4
0 0 -2 2 0 1 -2 1 -1 2 8 4
0 0 -2 2 0 1 -2 -2 2 1 5 4
0 0 -2 2 0 1 -2 -2 2 2 6 4
0 0 -2 2 0 1 -2 2 -1 1 5 4
0 0 -2 2 0 1 -2 2 -1 2 8 4
0 0 -2 2 0 1 -2 2 -2 1 3 4
0 0 -2 2 0 1 -2 2 -2 2 8 4
0 0 -2 2 0 1 2 -1 -1 1 3 4
0 0 -2 2 0 1 2 -1 -1 2 7 4
0 0 -2 2 0 1 2 -1 -2 1 3 4
0 0 -2 2 0 1 2 -1 -2 2 7 4
0 0 -2 2 0 1 2 -2 -1 1 3 4
0 0 -2 2 0 1 2 -2 -1 2 8 4
0 0 -2 2 0 1 2 -2 -2 1 3 4
0 0 -2 2 0 1 2 -2 -2 2 8 4
0 0 -2 2 0 -2 -1 1 1 1 3 0
0 0 -2 2 0 -2 -1 1 1 2 2 4
0 0 -2 2 0 -2 -1 1 2 1 7 4
0 0 -2 2 0 -2 -1 1 2 2 2 1
0 0 -2 2 0 -2 -1 2 1 1 3 0
0 0 -2 2 0 -2 -1 2 1 2 2 1
0 0 -2 2 0 -2 -1 2 2 1 7 4
0 0 -2 2 0 -2 -1 2 2 2 2 1
0 0 -2 2 0 -2 1 -1 1 1 3 0
0 0 -2 2 0 -2 1 -1 1 2 2 1
0 0 -2 2 0 -2 1 -1 2 1 6 4
0 0 -2 2 0 -2 1 -1 2 2 2 1
0 0 -2 2 0 -2 1 1 -1 1 3 0
0 0 -2 2 0 -2 1 1 -1 2 2 4
0 0 -2 2 0 -2 1 -2 2 1 6 4
0 0 -2 2 0 -2 1 -2 2 2 5 4
0 0 -2 2 0 -2 1 2 -1 1 3 0
0 0 -2 2 0 -2 1 2 -1 2 5 4
0 0 -2 2 0 -2 -2 1 2 1 7 4
0 0 -2 2 0 -2 -2 1 2 2 2 4
0 0 -2 2 0 -2 -2 2 1 1 8 4
0 0 -2 2 0 -2 -2 2 1 2 2 4
0 0 -2 2 0 -2 -2 2 2 1 7 4
0 0 -2 2 0 -2 -2 2 2 2 2 4
0 0 -2 2 0 -2 2 -1 1 1 3 0
0 0 -2 2 0 -2 2 -1 1 2 2 1
0 0 -2 2 0 -2 2 -1 2 1 6 4
0 0 -2 2 0 -2 2 -1 2 2 2 1
0 0 -2 2 0 -2 2 1 -1 1 3 0
0 0 -2 2 0 -2 2 1 -1 2 2 4
0 0 -2 2 0 -2 2 -2 1 1 3 0
0 0 -2 2 0 -2 2 -2 1 2 5 4
0 0 -2 2 0 -2 2 -2 2 1 6 4
0 0 -2 2 0 -2 2 -2 2 2 5 4
0 0 -2 2 0 -2 2 2 -1 1 3 0
0 0 -2 2 0 -2 2 2 -1 2 5 4
0 0 -2 2 0 2 -1 -1 1 1 5 4
0 0 -2 2 0 2 -1 -1 1 2 6 4
0 0 -2 2 0 2 -1 1 -1 1 3 4
0 0 -2 2 0 2 -1 1 -1 2 2 1
0 0 -2 2 0 2 -1 1 -2 1 3 0
0 0 -2 2 0 2 -1 1 -2 2 2 1
0 0 -2 2 0 2 -1 -2 1 1 5 4
0 0 -2 2 0 2 -1 -2 1 2 6 4
0 0 -2 2 0 2 -1 -2 2 1 5 4
0 0 -2 2 0 2 -1 -2 2 2 6 4
0 0 -2 2 0 2 -1 2 -2 1 3 4
0 0 -2 2 0 2 -1 2 -2 2 2 1
0 0 -2 2 0 2 1 -1 -1 1 3 4
0 0 -2 2 0 2 1 -1 -1 2 2 1
0 0 -2 2 0 2 1 -1 -2 1 3 0
0 0 -2 2 0 2 1 -1 -2 2 2 1
0 0 -2 2 0 2 1 -2 -1 1 3 0
0 0 -2 2 0 2 1 -2 -1 2 8 4
0 0 -2 2 0 2 1 -2 -2 1 3 0
0 0 -2 2 0 2 1 -2 -2 2 8 4
0 0 -2 2 0 2 -2 -1 1 1 5 4
0 0 -2 2 0 2 -2 -1 1 2 6 4
0 0 -2 2 0 2 -2 -1 2 1 5 4
0 0 -2 2 0 2 -2 -1 2 2 6 4
0 0 -2 2 0 2 -2 1 -1 1 5 4
0 0 -2 2 0 2 -2 1 -1 2 8 4
0 0 -2 2 0 2 -2 1 -2 1 3 4
0 0 -2 2 0 2 -2 1 -2 2 8 4
0 0 -2 2 0 2 -2 -2 1 1 5 4
0 0 -2 2 0 2 -2 -2 1 2 6 4
0 0 -2 2 0 2 -2 -2 2 1 5 4
0 0 -2 2 0 2 -2 -2 2 2 6 4
0 0 -2 2 0 2 -2 2 -1 1 5 4
0 0 -2 2 0 2 -2 2 -1 2 8 4
0 0 -2 2 0 2 -2 2 -2 1 3 4
0 0 -2 2 0 2 -2 2 -2 2 8 4
0 0 -2 2 0 2 2 -1 -2 1 3 4
0 0 -2 2 0 2 2 -1 -2 2 7 4
0 0 -2 2 0 2 2 -2 -1 1 3 4
0 0 -2 2 0 2 2 -2 -1 2 8 4
0 0 -2 2 0 2 2 -2 -2 1 3 4
0 0 -2 2 0 2 2 -2 -2 2 8 4
0 0 -2 2 -1 0 -1 1 1 1 3 0
0 0 -2 2 -1 0 -1 1 1 2 2 5
0 0 -2 2 -1 0 -1 1 2 1 3 0
0 0 -2 2 -1 0 -1 1 2 2 2 1
0 0 -2 2 -1 0 -1 2 1 1 3 0
0 0 -2 2 -1 0 -1 2 1 2 2 1
0 0 -2 2 -1 0 1 -1 1 1 3 0
0 0 -2 2 -1 0 1 -1 1 2 2 5
0 0 -2 2 -1 0 1 -1 2 1 3 0
0 0 -2 2 -1 0 1 -1 2 2 2 1
0 0 -2 2 -1 0 1 1 -1 1 3 0
0 0 -2 2 -1 0 1 1 -1 2 2 1
0 0 -2 2 -1 0 1 1 -2 1 3 0
0 0 -2 2 -1 0 1 1 -2 2 2 1
0 0 -2 2 -1 0 1 -2 1 1 3 0
0 0 -2 2 -1 0 1 -2 1 2 2 1
0 0 -2 2 -1 0 1 -2 2 1 3 0
0 0 -2 2 -1 0 1 -2 2 2 4 0
0 0 -2 2 -1 0 1 2 -1 1 3 0
0 0 -2 2 -1 0 1 2 -1 2 4 0
0 0 -2 2 -1 0 1 2 -2 1 3 0
0 0 -2 2 -1 0 1 2 -2 2 2 1
0 0 -2 2 -1 0 -2 1 1 1 8 5
0 0 -2 2 -1 0 -2 1 1 2 2 5
0 0 -2 2 -1 0 -2 1 2 1 3 0
0 0 -2 2 -1 0 -2 1 2 2 2 1
0 0 -2 2 -1 0 -2 2 1 1 3 0
0 0 -2 2 -1 0 -2 2 1 2 2 1
0 0 -2 2 -1 0 -2 2 2 1 3 0
0 0 -2 2 -1 0 -2 2 2 2 2 1
0 0 -2 2 -1 0 2 -1 1 1 3 0
0 0 -2 2 -1 0 2 -1 1 2 2 1
0 0 -2 2 -1 0 2 1 -1 1 3 0
0 0 -2 2 -1 0 2 1 -1 2 2 1
0 0 -2 2 -1 0 2 1 -2 1 3 0
0 0 -2 2 -1 0 2 1 -2 2 2 1
0 0 -2 2 -1 0 2 -2 1 1 3 0
0 0 -2 2 -1 0 2 -2 1 2 4 1
0 0 -2 2 -1 0 2 -2 2 1 3 0
0 0 -2 2 -1 0 2 -2 2 2 2 1
0 0 -2 2 -1 0 2 2 -2 1 3 0
0 0 -2 2 -1 0 2 2 -2 2 2 1
0 0 -2 2 -1 -1 0 1 1 1 3 0
0 0 -2 2 -1 -1 0 1 1 2 4 0
0 0 -2 2 -1 -1 0 1 2 1 3 0
0 0 -2 2 -1 -1 0 1 2 2 4 0
0 0 -2 2 -1 -1 0 2 1 1 3 0
0 0 -2 2 -1 -1 0 2 1 2 4 0
0 0 -2 2 -1 -1 1 0 1 1 3 0
0 0 -2 2 -1 -1 1 0 1 2 4 0
0 0 -2 2 -1 -1 1 0 2 1 3 0
0 0 -2 2 -1 -1 1 0 2 2 4 0
0 0 -2 2 -1 -1 1 1 0 1 7 8
0 0 -2 2 -1 -1 1 1 0 2 5 8
0 0 -2 2 -1 -1 1 2 0 1 7 8
0 0 -2 2 -1 -1 1 2 0 2 5 8
0 0 -2 2 -1 -1 2 0 1 1 3 0
0 0 -2 2 -1 -1 2 0 1 2 4 0
0 0 -2 2 -1 -1 2 1 0 1 7 8
0 0 -2 2 -1 -1 2 1 0 2 5 8
0 0 -2 2 -1 1 0 -1 1 1 3 0
0 0 -2 2 -1 1 0 -1 1 2 2 1
0 0 -2 2 -1 1 0 -1 2 1 3 0
0 0 -2 2 -1 1 0 -1 2 2 2 1
0 0 -2 2 -1 1 0 1 -1 1 3 0
0 0 -2 2 -1 1 0 1 -1 2 2 1
0 0 -2 2 -1 1 0 1 -2 1 3 0
0 0 -2 2 -1 1 0 1 -2 2 4 0
0 0 -2 2 -1 1 0 -2 1 1 3 0
0 0 -2 2 -1 1 0 -2 1 2 4 0
0 0 -2 2 -1 1 0 -2 2 1 3 0
0 0 -2 2 -1 1 0 -2 2 2 4 0
0 0 -2 2 -1 1 0 2 -1 1 3 0
0 0 -2 2 -1 1 0 2 -1 2 4 0
0 0 -2 2 -1 1 0 2 -2 1 3 0
0 0 -2 2 -1 1 0 2 -2 2 4 0
0 0 -2 2 -1 1 -1 0 1 1 8 7
0 0 -2 2 -1 1 -1 0 1 2 6 7
0 0 -2 2 -1 1 -1 0 2 1 3 0
0 0 -2 2 -1 1 -1 0 2 2 2 1
0 0 -2 2 -1 1 -1 1 0 1 3 0
0 0 -2 2 -1 1 -1 1 0 2 2 1
0 0 -2 2 -1 1 -1 2 0 1 3 0
0 0 -2 2 -1 1 -1 2 0 2 4 0
0 0 -2 2 -1 1 1 0 -1 1 3 0
0 0 -2 2 -1 1 1 0 -1 2 2 1
0 0 -2 2 -1 1 1 0 -2 1 3 0
0 0 -2 2 -1 1 1 0 -2 2 4 0
0 0 -2 2 -1 1 1 -1 0 1 3 0
0 0 -2 2 -1 1 1 -1 0 2 4 0
0 0 -2 2 -1 1 1 -2 0 1 5 8
0 0 -2 2 -1 1 1 -2 0 2 2 1
0 0 -2 2 -1 1 -2 0 1 1 8 7
0 0 -2 2 -1 1 -2 0 1 2 6 7
0 0 -2 2 -1 1 -2 0 2 1 3 0
0 0 -2 2 -1 1 -2 0 2 2 2 1
0 0 -2 2 -1 1 -2 1 0 1 3 0
0 0 -2 2 -1 1 -2 1 0 2 4 1
0 0 -2 2 -1 1 -2 2 0 1 3 0
0 0 -2 2 -1 1 -2 2 0 2 4 1
0 0 -2 2 -1 1 2 0 -1 1 3 0
0 0 -2 2 -1 1 2 0 -1 2 2 1
0 0 -2 2 -1 1 2 0 -2 1 3 0
0 0 -2 2 -1 1 2 0 -2 2 4 0
0 0 -2 2 -1 1 2 -1 0 1 3 0
0 0 -2 2 -1 1 2 -1 0 2 4 0
0 0 -2 2 -1 1 2 -2 0 1 3 0
0 0 -2 2 -1 1 2 -2 0 2 4 0
0 0 -2 2 -1 -2 0 1 1 1 3 0
0 0 -2 2 -1 -2 0 1 1 2 4 0
0 0 -2 2 -1 -2 0 1 2 1 3 0
0 0 -2 2 -1 -2 0 1 2 2 4 0
0 0 -2 2 -1 -2 0 2 1 1 3 0
0 0 -2 2 -1 -2 0 2 1 2 4 0
0 0 -2 2 -1 -2 0 2 2 1 3 0
0 0 -2 2 -1 -2 0 2 2 2 4 0
0 0 -2 2 -1 -2 1 0 1 1 3 0
0 0 -2 2 -1 -2 1 0 1 2 4 0
0 0 -2 2 -1 -2 1 0 2 1 3 0
0 0 -2 2 -1 -2 1 0 2 2 4 0
0 0 -2 2 -1 -2 1 1 0 1 7 8
0 0 -2 2 -1 -2 1 1 0 2 5 8
0 0 -2 2 -1 -2 1 2 0 1 7 8
0 0 -2 2 -1 -2 1 2 0 2 5 8
0 0 -2 2 -1 -2 2 0 1 1 3 0
0 0 -2 2 -1 -2 2 0 1 2 4 0
0 0 -2 2 -1 -2 2 0 2 1 3 0
0 0 -2 2 -1 -2 2 0 2 2 4 0
0 0 -2 2 -1 -2 2 1 0 1 7 8
0 0 -2 2 -1 -2 2 1 0 2 5 8
0 0 -2 2 -1 -2 2 2 0 1 7 8
0 0 -2 2 -1 -2 2 2 0 2 5 8
0 0 -2 2 -1 2 0 -1 1 1 3 0
0 0 -2 2 -1 2 0 -1 1 2 2 1
0 0 -2 2 -1 2 0 1 -1 1 3 0
0 0 -2 2 -1 2 0 1 -1 2 2 1
0 0 -2 2 -1 2 0 1 -2 1 3 0
0 0 -2 2 -1 2 0 1 -2 2 2 1
0 0 -2 2 -1 2 0 -2 1 1 3 0
0 0 -2 2 -1 2 0 -2 1 2 4 0
0 0 -2 2 -1 2 0 -2 2 1 3 0
0 0 -2 2 -1 2 0 -2 2 2 4 0
0 0 -2 2 -1 2 0 2 -2 1 3 0
0 0 -2 2 -1 2 0 2 -2 2 4 0
0 0 -2 2 -1 2 -1 0 1 1 8 7
0 0 -2 2 -1 2 -1 0 1 2 6 7
0 0 -2 2 -1 2 -1 1 0 1 3 0
0 0 -2 2 -1 2 -1 1 0 2 2 1
0 0 -2 2 -1 2 1 0 -1 1 3 0
0 0 -2 2 -1 2 1 0 -1 2 2 1
0 0 -2 2 -1 2 1 0 -2 1 3 0
0 0 -2 2 -1 2 1 0 -2 2 4 0
0 0 -2 2 -1 2 1 -1 0 1 3 0
0 0 -2 2 -1 2 1 -1 0 2 2 1
0 0 -2 2 -1 2 1 -2 0 1 5 8
0 0 -2 2 -1 2 1 -2 0 2 2 1
0 0 -2 2 -1 2 -2 0 1 1 8 7
0 0 -2 2 -1 2 -2 0 1 2 6 7
0 0 -2 2 -1 2 -2 0 2 1 3 0
0 0 -2 2 -1 2 -2 0 2 2 2 1
0 0 -2 2 -1 2 -2 1 0 1 3 0
0 0 -2 2 -1 2 -2 1 0 2 4 1
0 0 -2 2 -1 2 -2 2 0 1 3 0
0 0 -2 2 -1 2 -2 2 0 2 4 1
0 0 -2 2 -1 2 2 0 -2 1 3 0
0 0 -2 2 -1 2 2 0 -2 2 2 1
0 0 -2 2 -1 2 2 -2 0 1 3 0
0 0 -2 2 -1 2 2 -2 0 2 2 1
0 0 -2 2 1 0 -1 -1 1 1 3 0
0 0 -2 2 1 0 -1 -1 1 2 2 1
0 0 -2 2 1 0 -1 -1 2 1 3 0
0 0 -2 2 1 0 -1 -1 2 2 2 1
0 0 -2 2 1 0 -1 1 -1 1 3 0
0 0 -2 2 1 0 -1 1 -1 2 2 1
0 0 -2 2 1 0 -1 1 -2 1 3 0
0 0 -2 2 1 0 -1 1 -2 2 2 1
0 0 -2 2 1 0 -1 -2 1 1 3 0
0 0 -2 2 1 0 -1 -2 1 2 2 1
0 0 -2 2 1 0 -1 -2 2 1 3 0
0 0 -2 2 1 0 -1 -2 2 2 2 1
0 0 -2 2 1 0 -1 2 -1 1 3 0
0 0 -2 2 1 0 -1 2 -1 2 2 1
0 0 -2 2 1 0 -1 2 -2 1 3 0
0 0 -2 2 1 0 -1 2 -2 2 2 1
0 0 -2 2 1 0 1 -1 -1 1 4 5
0 0 -2 2 1 0 1 -1 -1 2 8 5
0 0 -2 2 1 0 1 -1 -2 1 4 5
0 0 -2 2 1 0 1 -1 -2 2 8 5
0 0 -2 2 1 0 1 -2 -1 1 3 0
0 0 -2 2 1 0 1 -2 -1 2 2 1
0 0 -2 2 1 0 -2 -1 1 1 3 0
0 0 -2 2 1 0 -2 -1 1 2 2 1
0 0 -2 2 1 0 -2 -1 2 1 3 0
0 0 -2 2 1 0 -2 -1 2 2 2 1
0 0 -2 2 1 0 -2 1 -1 1 3 0
0 0 -2 2 1 0 -2 1 -1 2 8 5
0 0 -2 2 1 0 -2 -2 2 1 3 0
0 0 -2 2 1 0 -2 -2 2 2 2 1
0 0 -2 2 1 0 -2 2 -1 1 3 0
0 0 -2 2 1 0 -2 2 -1 2 2 1
0 0 -2 2 1 0 -2 2 -2 1 3 0
0 0 -2 2 1 0 -2 2 -2 2 2 1
0 0 -2 2 1 0 2 -1 -1 1 3 0
0 0 -2 2 1 0 2 -1 -1 2 2 1
0 0 -2 2 1 0 2 -1 -2 1 3 0
0 0 -2 2 1 0 2 -1 -2 2 2 1
0 0 -2 2 1 0 2 -2 -1 1 3 0
0 0 -2 2 1 0 2 -2 -1 2 2 1
0 0 -2 2 1 0 2 -2 -2 1 3 0
0 0 -2 2 1 0 2 -2 -2 2 2 1
0 0 -2 2 1 -1 0 -1 1 1 3 0
0 0 -2 2 1 -1 0 -1 1 2 2 1
0 0 -2 2 1 -1 0 -1 2 1 3 0
0 0 -2 2 1 -1 0 -1 2 2 2 1
0 0 -2 2 1 -1 0 1 -1 1 3 0
0 0 -2 2 1 -1 0 1 -1 2 2 1
0 0 -2 2 1 -1 0 1 -2 1 3 0
0 0 -2 2 1 -1 0 1 -2 2 2 1
0 0 -2 2 1 -1 0 -2 1 1 3 0
0 0 -2 2 1 -1 0 -2 1 2 2 1
0 0 -2 2 1 -1 0 -2 2 1 3 0
0 0 -2 2 1 -1 0 -2 2 2 2 1
0 0 -2 2 1 -1 0 2 -1 1 3 0
0 0 -2 2 1 -1 0 2 -1 2 2 1
0 0 -2 2 1 -1 0 2 -2 1 3 0
0 0 -2 2 1 -1 0 2 -2 2 2 1
0 0 -2 2 1 -1 -1 0 1 1 3 0
0 0 -2 2 1 -1 -1 0 1 2 6 7
0 0 -2 2 1 -1 -1 0 2 1 4 1
0 0 -2 2 1 -1 -1 0 2 2 6 7
0 0 -2 2 1 -1 -1 1 0 1 3 0
0 0 -2 2 1 -1 -1 1 0 2 2 1
0 0 -2 2 1 -1 -1 2 0 1 4 1
0 0 -2 2 1 -1 -1 2 0 2 2 1
0 0 -2 2 1 -1 1 0 -1 1 6 7
0 0 -2 2 1 -1 1 0 -1 2 8 7
0 0 -2 2 1 -1 1 0 -2 1 6 7
0 0 -2 2 1 -1 1 0 -2 2 2 1
0 0 -2 2 1 -1 1 -1 0 1 3 0
0 0 -2 2 1 -1 1 -1 0 2 2 1
0 0 -2 2 1 -1 1 -2 0 1 3 0
0 0 -2 2 1 -1 1 -2 0 2 2 1
0 0 -2 2 1 -1 -2 0 1 1 3 0
0 0 -2 2 1 -1 -2 0 1 2 6 7
0 0 -2 2 1 -1 -2 0 2 1 3 0
0 0 -2 2 1 -1 -2 0 2 2 6 7
0 0 -2 2 1 -1 -2 1 0 1 3 0
0 0 -2 2 1 -1 -2 1 0 2 5 8
0 0 -2 2 1 -1 -2 2 0 1 3 0
0 0 -2 2 1 -1 -2 2 0 2 5 8
0 0 -2 2 1 -1 2 0 -1 1 3 0
0 0 -2 2 1 -1 2 0 -1 2 2 1
0 0 -2 2 1 -1 2 0 -2 1 3 0
0 0 -2 2 1 -1 2 0 -2 2 2 1
0 0 -2 2 1 -1 2 -1 0 1 3 0
0 0 -2 2 1 -1 2 -1 0 2 2 1
0 0 -2 2 1 -1 2 -2 0 1 3 0
0 0 -2 2 1 -1 2 -2 0 2 2 1
0 0 -2 2 1 1 0 -1 -1 1 3 0
0 0 -2 2 1 1 0 -1 -1 2 2 1
0 0 -2 2 1 1 0 -1 -2 1 3 0
0 0 -2 2 1 1 0 -1 -2 2 7 6
0 0 -2 2 1 1 0 -2 -1 1 3 0
0 0 -2 2 1 1 0 -2 -1 2 2 1
0 0 -2 2 1 1 -1 0 -1 1 3 0
0 0 -2 2 1 1 -1 0 -1 2 2 1
0 0 -2 2 1 1 -1 0 -2 1 3 0
0 0 -2 2 1 1 -1 0 -2 2 2 1
0 0 -2 2 1 1 -1 -1 0 1 5 8
0 0 -2 2 1 1 -1 -1 0 2 7 8
0 0 -2 2 1 1 -1 -2 0 1 5 8
0 0 -2 2 1 1 -1 -2 0 2 7 8
0 0 -2 2 1 1 -2 0 -1 1 3 0
0 0 -2 2 1 1 -2 0 -1 2 2 1
0 0 -2 2 1 1 -2 -1 0 1 5 8
0 0 -2 2 1 1 -2 -1 0 2 7 8
0 0 -2 2 1 -2 0 -1 1 1 3 0
0 0 -2 2 1 -2 0 -1 1 2 2 1
0 0 -2 2 1 -2 0 -1 2 1 3 0
0 0 -2 2 1 -2 0 -1 2 2 2 1
0 0 -2 2 1 -2 0 1 -1 1 3 0
0 0 -2 2 1 -2 0 1 -1 2 2 1
0 0 -2 2 1 -2 0 -2 2 1 3 0
0 0 -2 2 1 -2 0 -2 2 2 2 1
0 0 -2 2 1 -2 0 2 -1 1 3 0
0 0 -2 2 1 -2 0 2 -1 2 2 1
0 0 -2 2 1 -2 -1 0 1 1 3 0
0 0 -2 2 1 -2 -1 0 1 2 6 7
0 0 -2 2 1 -2 -1 0 2 1 3 0
0 0 -2 2 1 -2 -1 0 2 2 6 7
0 0 -2 2 1 -2 -1 1 0 1 3 0
0 0 -2 2 1 -2 -1 1 0 2 2 1
0 0 -2 2 1 -2 -1 2 0 1 4 1
0 0 -2 2 1 -2 -1 2 0 2 2 1
0 0 -2 2 1 -2 1 0 -1 1 6 7
0 0 -2 2 1 -2 1 0 -1 2 8 7
0 0 -2 2 1 -2 1 -1 0 1 3 0
0 0 -2 2 1 -2 1 -1 0 2 7 8
0 0 -2 2 1 -2 -2 0 2 1 3 0
0 0 -2 2 1 -2 -2 0 2 2 6 7
0 0 -2 2 1 -2 -2 2 0 1 3 0
0 0 -2 2 1 -2 -2 2 0 2 5 8
0 0 -2 2 1 -2 2 0 -1 1 3 0
0 0 -2 2 1 -2 2 0 -1 2 2 1
0 0 -2 2 1 -2 2 -1 0 1 4 0
0 0 -2 2 1 -2 2 -1 0 2 7 8
0 0 -2 2 1 -2 2 -2 0 1 4 0
0 0 -2 2 1 -2 2 -2 0 2 7 8
0 0 -2 2 1 2 0 -1 -1 1 3 0
0 0 -2 2 1 2 0 -1 -1 2 2 1
0 0 -2 2 1 2 0 -1 -2 1 3 0
0 0 -2 2 1 2 0 -1 -2 2 7 6
0 0 -2 2 1 2 0 -2 -1 1 3 0
0 0 -2 2 1 2 0 -2 -1 2 2 1
0 0 -2 2 1 2 0 -2 -2 1 3 0
0 0 -2 2 1 2 0 -2 -2 2 7 6
0 0 -2 2 1 2 -1 0 -1 1 3 0
0 0 -2 2 1 2 -1 0 -1 2 2 1
0 0 -2 2 1 2 -1 0 -2 1 3 0
0 0 -2 2 1 2 -1 0 -2 2 2 1
0 0 -2 2 1 2 -1 -1 0 1 3 0
0 0 -2 2 1 2 -1 -1 0 2 7 8
0 0 -2 2 1 2 -1 -2 0 1 3 0
0 0 -2 2 1 2 -1 -2 0 2 7 8
0 0 -2 2 1 2 -2 0 -1 1 3 0
0 0 -2 2 1 2 -2 0 -1 2 2 1
0 0 -2 2 1 2 -2 0 -2 1 3 0
0 0 -2 2 1 2 -2 0 -2 2 2 1
0 0 -2 2 1 2 -2 -1 0 1 3 0
0 0 -2 2 1 2 -2 -1 0 2 7 8
0 0 -2 2 1 2 -2 -2 0 1 3 0
0 0 -2 2 1 2 -2 -2 0 2 7 8
0 0 -2 2 -2 0 -1 1 1 1 3 0
0 0 -2 2 -2 0 -1 1 1 2 2 5
0 0 -2 2 -2 0 -1 1 2 1 3 0
0 0 -2 2 -2 0 -1 1 2 2 2 1
0 0 -2 2 -2 0 -1 2 1 1 3 0
0 0 -2 2 -2 0 -1 2 1 2 2 1
0 0 -2 2 -2 0 -1 2 2 1 3 0
0 0 -2 2 -2 0 -1 2 2 2 2 1
0 0 -2 2 -2 0 1 -1 1 1 3 0
0 0 -2 2 -2 0 1 -1 1 2 2 5
0 0 -2 2 -2 0 1 -1 2 1 3 0
0 0 -2 2 -2 0 1 -1 2 2 2 1
0 0 -2 2 -2 0 1 1 -1 1 3 0
0 0 -2 2 -2 0 1 1 -1 2 2 1
0 0 -2 2 -2 0 1 -2 2 1 3 0
0 0 -2 2 -2 0 1 -2 2 2 2 1
0 0 -2 2 -2 0 1 2 -1 1 3 0
0 0 -2 2 -2 0 1 2 -1 2 4 0
0 0 -2 2 -2 0 1 2 -2 1 3 0
0 0 -2 2 -2 0 1 2 -2 2 2 1
0 0 -2 2 -2 0 2 -1 1 1 3 0
0 0 -2 2 -2 0 2 -1 1 2 2 1
0 0 -2 2 -2 0 2 -1 2 1 3 0
0 0 -2 2 -2 0 2 -1 2 2 2 1
0 0 -2 2 -2 0 2 1 -1 1 3 0
0 0 -2 2 -2 0 2 1 -1 2 2 1
0 0 -2 2 -2 0 2 1 -2 1 3 0
0 0 -2 2 -2 0 2 1 -2 2 2 1
0 0 -2 2 -2 0 2 -2 1 1 3 0
0 0 -2 2 -2 0 2 -2 1 2 2 1
0 0 -2 2 -2 0 2 -2 2 1 3 0
0 0 -2 2 -2 0 2 -2 2 2 2 1
0 0 -2 2 -2 0 2 2 -1 1 3 0
0 0 -2 2 -2 0 2 2 -1 2 4 0
0 0 -2 2 -2 0 2 2 -2 1 3 0
0 0 -2 2 -2 0 2 2 -2 2 2 1
0 0 -2 2 -2 -1 0 1 1 1 3 0
0 0 -2 2 -2 -1 0 1 1 2 4 0
0 0 -2 2 -2 -1 0 1 2 1 3 0
0 0 -2 2 -2 -1 0 1 2 2 4 0
0 0 -2 2 -2 -1 0 2 1 1 3 0
0 0 -2 2 -2 -1 0 2 1 2 4 0
0 0 -2 2 -2 -1 0 2 2 1 3 0
0 0 -2 2 -2 -1 0 2 2 2 4 0
0 0 -2 2 -2 -1 1 0 1 1 3 0
0 0 -2 2 -2 -1 1 0 1 2 4 0
0 0 -2 2 -2 -1 1 0 2 1 3 0
0 0 -2 2 -2 -1 1 0 2 2 4 0
0 0 -2 2 -2 -1 1 1 0 1 7 8
0 0 -2 2 -2 -1 1 1 0 2 5 8
0 0 -2 2 -2 -1 1 2 0 1 7 8
0 0 -2 2 -2 -1 1 2 0 2 5 8
0 0 -2 2 -2 -1 2 0 1 1 3 0
0 0 -2 2 -2 -1 2 0 1 2 4 0
0 0 -2 2 -2 -1 2 0 2 1 3 0
0 0 -2 2 -2 -1 2 0 2 2 4 0
0 0 -2 2 -2 -1 2 1 0 1 7 8
0 0 -2 2 -2 -1 2 1 0 2 5 8
0 0 -2 2 -2 -1 2 2 0 1 7 8
0 0 -2 2 -2 -1 2 2 0 2 5 8
0 0 -2 2 -2 1 0 -1 1 1 3 0
0 0 -2 2 -2 1 0 -1 1 2 7 6
0 0 -2 2 -2 1 0 -1 2 1 3 0
0 0 -2 2 -2 1 0 -1 2 2 7 6
0 0 -2 2 -2 1 0 1 -1 1 3 0
0 0 -2 2 -2 1 0 1 -1 2 2 1
0 0 -2 2 -2 1 0 -2 2 1 3 0
0 0 -2 2 -2 1 0 -2 2 2 2 1
0 0 -2 2 -2 1 0 2 -1 1 3 0
0 0 -2 2 -2 1 0 2 -1 2 4 0
0 0 -2 2 -2 1 0 2 -2 1 3 0
0 0 -2 2 -2 1 0 2 -2 2 4 0
0 0 -2 2 -2 1 -1 0 1 1 8 7
0 0 -2 2 -2 1 -1 0 1 2 6 7
0 0 -2 2 -2 1 -1 0 2 1 8 7
0 0 -2 2 -2 1 -1 0 2 2 6 7
0 0 -2 2 -2 1 -1 1 0 1 3 0
0 0 -2 2 -2 1 -1 1 0 2 2 1
0 0 -2 2 -2 1 -1 2 0 1 3 0
0 0 -2 2 -2 1 -1 2 0 2 4 0
0 0 -2 2 -2 1 1 0 -1 1 3 0
0 0 -2 2 -2 1 1 0 -1 2 8 7
0 0 -2 2 -2 1 1 -1 0 1 3 0
0 0 -2 2 -2 1 1 -1 0 2 4 0
0 0 -2 2 -2 1 2 0 -1 1 3 0
0 0 -2 2 -2 1 2 0 -1 2 8 7
0 0 -2 2 -2 1 2 0 -2 1 3 0
0 0 -2 2 -2 1 2 0 -2 2 2 1
0 0 -2 2 -2 1 2 -1 0 1 3 0
0 0 -2 2 -2 1 2 -1 0 2 4 0
0 0 -2 2 -2 1 2 -2 0 1 3 0
0 0 -2 2 -2 1 2 -2 0 2 2 1
0 0 -2 2 -2 -2 0 1 2 1 3 0
0 0 -2 2 -2 -2 0 1 2 2 4 0
0 0 -2 2 -2 -2 0 2 1 1 3 0
0 0 -2 2 -2 -2 0 2 1 2 4 0
0 0 -2 2 -2 -2 0 2 2 1 3 0
0 0 -2 2 -2 -2 0 2 2 2 4 0
0 0 -2 2 -2 -2 1 0 2 1 3 0
0 0 -2 2 -2 -2 1 0 2 2 4 0
0 0 -2 2 -2 -2 1 2 0 1 7 8
0 0 -2 2 -2 -2 1 2 0 2 5 8
0 0 -2 2 -2 -2 2 0 1 1 3 0
0 0 -2 2 -2 -2 2 0 1 2 4 0
0 0 -2 2 -2 -2 2 0 2 1 3 0
0 0 -2 2 -2 -2 2 0 2 2 4 0
0 0 -2 2 -2 -2 2 1 0 1 7 8
0 0 -2 2 -2 -2 2 1 0 2 5 8
0 0 -2 2 -2 -2 2 2 0 1 7 8
0 0 -2 2 -2 -2 2 2 0 2 5 8
0 0 -2 2 -2 2 0 -1 1 1 3 0
0 0 -2 2 -2 2 0 -1 1 2 7 6
0 0 -2 2 -2 2 0 -1 2 1 3 0
0 0 -2 2 -2 2 0 -1 2 2 7 6
0 0 -2 2 -2 2 0 1 -1 1 3 0
0 0 -2 2 -2 2 0 1 -1 2 2 1
0 0 -2 2 -2 2 0 1 -2 1 3 0
0 0 -2 2 -2 2 0 1 -2 2 2 1
0 0 -2 2 -2 2 0 -2 1 1 3 0
0 0 -2 2 -2 2 0 -2 1 2 2 1
0 0 -2 2 -2 2 0 -2 2 1 3 0
0 0 -2 2 -2 2 0 -2 2 2 2 1
0 0 -2 2 -2 2 0 2 -1 1 3 0
0 0 -2 2 -2 2 0 2 -1 2 4 0
0 0 -2 2 -2 2 0 2 -2 1 3 0
0 0 -2 2 -2 2 0 2 -2 2 4 0
0 0 -2 2 -2 2 -1 0 1 1 8 7
0 0 -2 2 -2 2 -1 0 1 2 6 7
0 0 -2 2 -2 2 -1 0 2 1 8 7
0 0 -2 2 -2 2 -1 0 2 2 6 7
0 0 -2 2 -2 2 -1 1 0 1 3 0
0 0 -2 2 -2 2 -1 1 0 2 2 1
0 0 -2 2 -2 2 -1 2 0 1 3 0
0 0 -2 2 -2 2 -1 2 0 2 4 0
0 0 -2 2 -2 2 1 0 -1 1 3 0
0 0 -2 2 -2 2 1 0 -1 2 8 7
0 0 -2 2 -2 2 1 0 -2 1 3 0
0 0 -2 2 -2 2 1 0 -2 2 2 1
0 0 -2 2 -2 2 1 -1 0 1 3 0
0 0 -2 2 -2 2 1 -1 0 2 2 1
0 0 -2 2 -2 2 1 -2 0 1 3 0
0 0 -2 2 -2 2 1 -2 0 2 2 1
0 0 -2 2 -2 2 2 0 -1 1 3 0
0 0 -2 2 -2 2 2 0 -1 2 8 7
0 0 -2 2 -2 2 2 0 -2 1 3 0
0 0 -2 2 -2 2 2 0 -2 2 2 1
0 0 -2 2 -2 2 2 -1 0 1 3 0
0 0 -2 2 -2 2 2 -1 0 2 2 1
0 0 -2 2 -2 2 2 -2 0 1 3 0
0 0 -2 2 -2 2 2 -2 0 2 2 1
0 0 -2 2 2 0 -1 -1 1 1 3 0
0 0 -2 2 2 0 -1 -1 1 2 2 1
0 0 -2 2 2 0 -1 1 -1 1 3 0
0 0 -2 2 2 0 -1 1 -1 2 2 1
0 0 -2 2 2 0 -1 1 -2 1 3 0
0 0 -2 2 2 0 -1 1 -2 2 2 1
0 0 -2 2 2 0 -1 -2 1 1 3 0
0 0 -2 2 2 0 -1 -2 1 2 2 1
0 0 -2 2 2 0 -1 -2 2 1 3 0
0 0 -2 2 2 0 -1 -2 2 2 2 1
0 0 -2 2 2 0 -1 2 -2 1 3 0
0 0 -2 2 2 0 -1 2 -2 2 2 1
0 0 -2 2 2 0 1 -1 -1 1 4 5
0 0 -2 2 2 0 1 -1 -1 2 8 5
0 0 -2 2 2 0 1 -1 -2 1 4 5
0 0 -2 2 2 0 1 -1 -2 2 8 5
0 0 -2 2 2 0 1 -2 -1 1 3 0
0 0 -2 2 2 0 1 -2 -1 2 2 1
0 0 -2 2 2 0 1 -2 -2 1 3 0
0 0 -2 2 2 0 1 -2 -2 2 2 1
0 0 -2 2 2 0 -2 -1 1 1 3 0
0 0 -2 2 2 0 -2 -1 1 2 2 1
0 0 -2 2 2 0 -2 -1 2 1 3 0
0 0 -2 2 2 0 -2 -1 2 2 2 1
0 0 -2 2 2 0 -2 1 -1 1 3 0
0 0 -2 2 2 0 -2 1 -1 2 2 1
0 0 -2 2 2 0 -2 1 -2 1 3 0
0 0 -2 2 2 0 -2 1 -2 2 2 1
0 0 -2 2 2 0 -2 -2 1 1 3 0
0 0 -2 2 2 0 -2 -2 1 2 2 1
0 0 -2 2 2 0 -2 -2 2 1 3 0
0 0 -2 2 2 0 -2 -2 2 2 2 1
0 0 -2 2 2 0 -2 2 -1 1 3 0
0 0 -2 2 2 0 -2 2 -1 2 2 1
0 0 -2 2 2 0 -2 2 -2 1 3 0
0 0 -2 2 2 0 -2 2 -2 2 2 1
0 0 -2 2 2 0 2 -1 -2 1 3 0
0 0 -2 2 2 0 2 -1 -2 2 2 1
0 0 -2 2 2 0 2 -2 -1 1 3 0
0 0 -2 2 2 0 2 -2 -1 2 2 1
0 0 -2 2 2 0 2 -2 -2 1 3 0
0 0 -2 2 2 0 2 -2 -2 2 2 1
0 0 -2 2 2 -1 0 -1 1 1 3 0
0 0 -2 2 2 -1 0 -1 1 2 2 1
0 0 -2 2 2 -1 0 1 -1 1 3 0
0 0 -2 2 2 -1 0 1 -1 2 2 1
0 0 -2 2 2 -1 0 1 -2 1 3 0
0 0 -2 2 2 -1 0 1 -2 2 2 1
0 0 -2 2 2 -1 0 -2 1 1 3 0
0 0 -2 2 2 -1 0 -2 1 2 2 1
0 0 -2 2 2 -1 0 -2 2 1 3 0
0 0 -2 2 2 -1 0 -2 2 2 2 1
0 0 -2 2 2 -1 0 2 -2 1 3 0
0 0 -2 2 2 -1 0 2 -2 2 2 1
0 0 -2 2 2 -1 -1 0 1 1 3 0
0 0 -2 2 2 -1 -1 0 1 2 6 7
0 0 -2 2 2 -1 -1 1 0 1 7 8
0 0 -2 2 2 -1 -1 1 0 2 2 1
0 0 -2 2 2 -1 1 0 -1 1 6 7
0 0 -2 2 2 -1 1 0 -1 2 8 7
0 0 -2 2 2 -1 1 0 -2 1 6 7
0 0 -2 2 2 -1 1 0 -2 2 2 1
0 0 -2 2 2 -1 1 -1 0 1 3 0
0 0 -2 2 2 -1 1 -1 0 2 2 1
0 0 -2 2 2 -1 1 -2 0 1 3 0
0 0 -2 2 2 -1 1 -2 0 2 2 1
0 0 -2 2 2 -1 -2 0 1 1 3 0
0 0 -2 2 2 -1 -2 0 1 2 6 7
0 0 -2 2 2 -1 -2 0 2 1 3 0
0 0 -2 2 2 -1 -2 0 2 2 2 1
0 0 -2 2 2 -1 -2 1 0 1 7 8
0 0 -2 2 2 -1 -2 1 0 2 2 1
0 0 -2 2 2 -1 -2 2 0 1 3 0
0 0 -2 2 2 -1 -2 2 0 2 2 1
0 0 -2 2 2 -1 2 0 -2 1 3 0
0 0 -2 2 2 -1 2 0 -2 2 2 1
0 0 -2 2 2 -1 2 -2 0 1 3 0
0 0 -2 2 2 -1 2 -2 0 2 2 1
0 0 -2 2 2 1 0 -1 -1 1 3 0
0 0 -2 2 2 1 0 -1 -1 2 7 6
0 0 -2 2 2 1 0 -1 -2 1 3 0
0 0 -2 2 2 1 0 -1 -2 2 7 6
0 0 -2 2 2 1 0 -2 -1 1 3 0
0 0 -2 2 2 1 0 -2 -1 2 7 6
0 0 -2 2 2 1 0 -2 -2 1 3 0
0 0 -2 2 2 1 0 -2 -2 2 7 6
0 0 -2 2 2 1 -1 0 -1 1 3 0
0 0 -2 2 2 1 -1 0 -1 2 2 1
0 0 -2 2 2 1 -1 0 -2 1 3 0
0 0 -2 2 2 1 -1 0 -2 2 2 1
0 0 -2 2 2 1 -1 -1 0 1 5 8
0 0 -2 2 2 1 -1 -1 0 2 7 8
0 0 -2 2 2 1 -1 -2 0 1 5 8
0 0 -2 2 2 1 -1 -2 0 2 7 8
0 0 -2 2 2 1 -2 0 -1 1 3 0
0 0 -2 2 2 1 -2 0 -1 2 2 1
0 0 -2 2 2 1 -2 0 -2 1 3 0
0 0 -2 2 2 1 -2 0 -2 2 2 1
0 0 -2 2 2 1 -2 -1 0 1 5 8
0 0 -2 2 2 1 -2 -1 0 2 7 8
0 0 -2 2 2 1 -2 -2 0 1 5 8
0 0 -2 2 2 1 -2 -2 0 2 7 8
0 0 -2 2 2 -2 0 -1 1 1 3 0
0 0 -2 2 2 -2 0 -1 1 2 2 1
0 0 -2 2 2 -2 0 -1 2 1 3 0
0 0 -2 2 2 -2 0 -1 2 2 2 1
0 0 -2 2 2 -2 0 1 -1 1 3 0
0 0 -2 2 2 -2 0 1 -1 2 2 1
0 0 -2 2 2 -2 0 -2 1 1 3 0
0 0 -2 2 2 -2 0 -2 1 2 2 1
0 0 -2 2 2 -2 0 -2 2 1 3 0
0 0 -2 2 2 -2 0 -2 2 2 2 1
0 0 -2 2 2 -2 0 2 -1 1 3 0
0 0 -2 2 2 -2 0 2 -1 2 2 1
0 0 -2 2 2 -2 -1 0 1 1 3 0
0 0 -2 2 2 -2 -1 0 1 2 6 7
0 0 -2 2 2 -2 -1 0 2 1 3 0
0 0 -2 2 2 -2 -1 0 2 2 2 1
0 0 -2 2 2 -2 -1 1 0 1 7 8
0 0 -2 2 2 -2 -1 1 0 2 2 1
0 0 -2 2 2 -2 -1 2 0 1 3 0
0 0 -2 2 2 -2 -1 2 0 2 2 1
0 0 -2 2 2 -2 1 0 -1 1 6 7
0 0 -2 2 2 -2 1 0 -1 2 8 7
0 0 -2 2 2 -2 1 -1 0 1 3 0
0 0 -2 2 2 -2 1 -1 0 2 7 8
0 0 -2 2 2 -2 1 -2 0 1 3 0
0 0 -2 2 2 -2 1 -2 0 2 2 1
0 0 -2 2 2 -2 -2 0 1 1 3 0
0 0 -2 2 2 -2 -2 0 1 2 6 7
0 0 -2 2 2 -2 -2 0 2 1 3 0
0 0 -2 2 2 -2 -2 0 2 2 2 1
0 0 -2 2 2 -2 -2 1 0 1 7 8
0 0 -2 2 2 -2 -2 1 0 2 2 1
0 0 -2 2 2 -2 -2 2 0 1 3 0
0 0 -2 2 2 -2 -2 2 0 2 2 1
0 0 -2 2 2 -2 2 0 -1 1 3 0
0 0 -2 2 2 -2 2 0 -1 2 2 1
0 0 -2 2 2 -2 2 -1 0 1 4 0
0 0 -2 2 2 -2 2 -1 0 2 7 8
0 0 -2 2 2 -2 2 -2 0 1 4 0
0 0 -2 2 2 -2 2 -2 0 2 7 8
0 0 -2 2 2 2 0 -1 -2 1 3 0
0 0 -2 2 2 2 0 -1 -2 2 7 6
0 0 -2 2 2 2 0 -2 -1 1 3 0
0 0 -2 2 2 2 0 -2 -1 2 2 1
0 0 -2 2 2 2 0 -2 -2 1 3 0
0 0 -2 2 2 2 0 -2 -2 2 7 6
0 0 -2 2 2 2 -1 0 -2 1 3 0
0 0 -2 2 2 2 -1 0 -2 2 2 1
0 0 -2 2 2 2 -1 -2 0 1 5 8
0 0 -2 2 2 2 -1 -2 0 2 7 8
0 0 -2 2 2 2 -2 0 -1 1 3 0
0 0 -2 2 2 2 -2 0 -1 2 2 1
0 0 -2 2 2 2 -2 0 -2 1 3 0
0 0 -2 2 2 2 -2 0 -2 2 2 1
0 0 -2 2 2 2 -2 -1 0 1 5 8
0 0 -2 2 2 2 -2 -1 0 2 7 8
0 0 -2 2 2 2 -2 -2 0 1 5 8
0 0 -2 2 2 2 -2 -2 0 2 7 8
0 0 2 0 -1 -1 -1 1 1 1 2 1
0 0 2 0 -1 -1 -1 1 1 2 4 0
0 0 2 0 -1 -1 1 -1 1 1 2 1
0 0 2 0 -1 -1 1 -1 1 2 4 0
0 0 2 0 -1 -1 1 1 -1 1 6 3
0 0 2 0 -1 -1 1 1 -1 2 4 0
0 0 2 0 -1 -1 1 1 -2 1 6 3
0 0 2 0 -1 -1 1 1 -2 2 4 0
0 0 2 0 -1 -1 1 -2 1 1 2 1
0 0 2 0 -1 -1 1 -2 1 2 4 0
0 0 2 0 -1 -1 1 -2 2 1 2 1
0 0 2 0 -1 -1 1 -2 2 2 4 0
0 0 2 0 -1 -1 1 2 -2 1 6 3
0 0 2 0 -1 -1 1 2 -2 2 4 0
0 0 2 0 -1 -1 -2 1 1 1 2 1
0 0 2 0 -1 -1 -2 1 1 2 4 0
0 0 2 0 -1 -1 -2 1 2 1 2 1
0 0 2 0 -1 -1 -2 1 2 2 4 0
0 0 2 0 -1 -1 -2 2 1 1 2 1
0 0 2 0 -1 -1 -2 2 1 2 4 0
0 0 2 0 -1 -1 2 1 -2 1 6 3
0 0 2 0 -1 -1 2 1 -2 2 4 0
0 0 2 0 -1 -1 2 -2 1 1 2 1
0 0 2 0 -1 -1 2 -2 1 2 4 0
0 0 2 0 -1 1 -1 -1 1 1 2 1
0 0 2 0 -1 1 -1 -1 1 2 4 0
0 0 2 0 -1 1 -1 1 -1 1 2 1
0 0 2 0 -1 1 -1 1 -1 2 4 0
0 0 2 0 -1 1 -1 1 -2 1 2 1
0 0 2 0 -1 1 -1 1 -2 2 4 0
0 0 2 0 -1 1 -1 -2 1 1 2 1
0 0 2 0 -1 1 -1 -2 1 2 4 0
0 0 2 0 -1 1 -1 -2 2 1 2 1
0 0 2 0 -1 1 -1 -2 2 2 6 3
0 0 2 0 -1 1 -1 2 -2 1 2 1
0 0 2 0 -1 1 -1 2 -2 2 4 0
0 0 2 0 -1 1 1 -1 -1 1 2 1
0 0 2 0 -1 1 1 -1 -1 2 4 0
0 0 2 0 -1 1 1 -1 -2 1 2 1
0 0 2 0 -1 1 1 -1 -2 2 4 0
0 0 2 0 -1 1 1 -2 -1 1 2 1
0 0 2 0 -1 1 1 -2 -1 2 4 0
0 0 2 0 -1 1 1 -2 -2 1 2 1
0 0 2 0 -1 1 1 -2 -2 2 4 0
0 0 2 0 -1 1 -2 -1 1 1 2 1
0 0 2 0 -1 1 -2 -1 1 2 4 0
0 0 2 0 -1 1 -2 -1 2 1 2 1
0 0 2 0 -1 1 -2 -1 2 2 6 3
0 0 2 0 -1 1 -2 1 -1 1 2 1
0 0 2 0 -1 1 -2 1 -1 2 4 0
0 0 2 0 -1 1 -2 1 -2 1 2 1
0 0 2 0 -1 1 -2 1 -2 2 4 0
0 0 2 0 -1 1 -2 -2 1 1 2 1
0 0 2 0 -1 1 -2 -2 1 2 4 0
0 0 2 0 -1 1 -2 -2 2 1 2 1
0 0 2 0 -1 1 -2 -2 2 2 6 3
0 0 2 0 -1 1 -2 2 -1 1 2 1
0 0 2 0 -1 1 -2 2 -1 2 4 0
0 0 2 0 -1 1 -2 2 -2 1 2 1
0 0 2 0 -1 1 -2 2 -2 2 4 0
0 0 2 0 -1 1 2 -1 -2 1 2 1
0 0 2 0 -1 1 2 -1 -2 2 4 0
0 0 2 0 -1 1 2 -2 -1 1 2 1
0 0 2 0 -1 1 2 -2 -1 2 4 0
0 0 2 0 -1 1 2 -2 -2 1 2 1
0 0 2 0 -1 1 2 -2 -2 2 4 0
0 0 2 0 -1 -2 -1 1 1 1 2 1
0 0 2 0 -1 -2 -1 1 1 2 4 0
0 0 2 0 -1 -2 -1 1 2 1 2 1
0 0 2 0 -1 -2 -1 1 2 2 4 0
0 0 2 0 -1 -2 -1 2 1 1 2 1
0 0 2 0 -1 -2 -1 2 1 2 4 0
0 0 2 0 -1 -2 1 -1 1 1 2 1
0 0 2 0 -1 -2 1 -1 1 2 4 0
0 0 2 0 -1 -2 1 -1 2 1 2 1
0 0 2 0 -1 -2 1 -1 2 2 4 0
0 0 2 0 -1 -2 1 1 -1 1 6 3
0 0 2 0 -1 -2 1 1 -1 2 4 0
0 0 2 0 -1 -2 1 1 -2 1 6 3
0 0 2 0 -1 -2 1 1 -2 2 4 0
0 0 2 0 -1 -2 1 -2 1 1 2 1
0 0 2 0 -1 -2 1 -2 1 2 4 0
0 0 2 0 -1 -2 1 -2 2 1 2 1
0 0 2 0 -1 -2 1 -2 2 2 4 0
0 0 2 0 -1 -2 1 2 -1 1 2 1
0 0 2 0 -1 -2 1 2 -1 2 4 0
0 0 2 0 -1 -2 1 2 -2 1 6 3
0 0 2 0 -1 -2 1 2 -2 2 4 0
0 0 2 0 -1 -2 -2 1 1 1 2 1
0 0 2 0 -1 -2 -2 1 1 2 4 0
0 0 2 0 -1 -2 -2 1 2 1 2 1
0 0 2 0 -1 -2 -2 1 2 2 4 0
0 0 2 0 -1 -2 -2 2 1 1 2 1
0 0 2 0 -1 -2 -2 2 1 2 4 0
0 0 2 0 -1 -2 -2 2 2 1 2 1
0 0 2 0 -1 -2 -2 2 2 2 4 0
0 0 2 0 -1 -2 2 -1 1 1 2 1
0 0 2 0 -1 -2 2 -1 1 2 4 0
0 0 2 0 -1 -2 2 1 -1 1 6 3
0 0 2 0 -1 -2 2 1 -1 2 4 0
0 0 2 0 -1 -2 2 1 -2 1 6 3
0 0 2 0 -1 -2 2 1 -2 2 4 0
0 0 2 0 -1 -2 2 -2 1 1 2 1
0 0 2 0 -1 -2 2 -2 1 2 4 0
0 0 2 0 -1 -2 2 -2 2 1 2 1
0 0 2 0 -1 -2 2 -2 2 2 4 0
0 0 2 0 -1 -2 2 2 -2 1 6 3
0 0 2 0 -1 -2 2 2 -2 2 4 0
0 0 2 0 -1 2 -1 1 -2 1 2 1
0 0 2 0 -1 2 -1 1 -2 2 4 0
0 0 2 0 -1 2 -1 -2 1 1 2 1
0 0 2 0 -1 2 -1 -2 1 2 4 0
0 0 2 0 -1 2 1 -1 -2 1 2 1
0 0 2 0 -1 2 1 -1 -2 2 4 0
0 0 2 0 -1 2 1 -2 -1 1 2 1
0 0 2 0 -1 2 1 -2 -1 2 4 0
0 0 2 0 -1 2 1 -2 -2 1 2 1
0 0 2 0 -1 2 1 -2 -2 2 4 0
0 0 2 0 -1 2 -2 -1 1 1 2 1
0 0 2 0 -1 2 -2 -1 1 2 4 0
0 0 2 0 -1 2 -2 1 -1 1 2 1
0 0 2 0 -1 2 -2 1 -1 2 4 0
0 0 2 0 -1 2 -2 1 -2 1 2 1
0 0 2 0 -1 2 -2 1 -2 2 4 0
0 0 2 0 -1 2 -2 -2 1 1 2 1
0 0 2 0 -1 2 -2 -2 1 2 4 0
0 0 2 0 -1 2 -2 2 -2 1 2 1
0 0 2 0 -1 2 -2 2 -2 2 4 0
0 0 2 0 -1 2 2 -2 -2 1 2 1
0 0 2 0 -1 2 2 -2 -2 2 4 0
0 0 2 0 1 -1 -1 -1 1 1 2 1
0 0 2 0 1 -1 -1 -1 1 2 6 3
0 0 2 0 1 -1 -1 1 -1 1 4 1
0 0 2 0 1 -1 -1 1 -1 2 6 3
0 0 2 0 1 -1 -1 1 -2 1 2 1
0 0 2 0 1 -1 -1 1 -2 2 6 3
0 0 2 0 1 -1 -1 -2 1 1 2 1
0 0 2 0 1 -1 -1 -2 1 2 6 3
0 0 2 0 1 -1 -1 -2 2 1 4 1
0 0 2 0 1 -1 -1 -2 2 2 6 3
0 0 2 0 1 -1 -1 2 -2 1 4 0
0 0 2 0 1 -1 -1 2 -2 2 6 3
0 0 2 0 1 -1 1 -1 -2 1 6 3
0 0 2 0 1 -1 1 -1 -2 2 6 3
0 0 2 0 1 -1 1 -2 -1 1 6 3
0 0 2 0 1 -1 1 -2 -1 2 6 3
0 0 2 0 1 -1 1 -2 -2 1 6 3
0 0 2 0 1 -1 1 -2 -2 2 6 3
0 0 2 0 1 -1 -2 -1 1 1 2 1
0 0 2 0 1 -1 -2 -1 1 2 6 3
0 0 2 0 1 -1 -2 -1 2 1 4 0
0 0 2 0 1 -1 -2 -1 2 2 6 3
0 0 2 0 1 -1 -2 1 -1 1 2 1
0 0 2 0 1 -1 -2 1 -1 2 6 3
0 0 2 0 1 -1 -2 1 -2 1 2 1
0 0 2 0 1 -1 -2 1 -2 2 6 3
0 0 2 0 1 -1 -2 -2 1 1 2 1
0 0 2 0 1 -1 -2 -2 1 2 6 3
0 0 2 0 1 -1 -2 -2 2 1 4 1
0 0 2 0 1 -1 -2 -2 2 2 6 3
0 0 2 0 1 -1 -2 2 -1 1 4 1
0 0 2 0 1 -1 -2 2 -1 2 6 3
0 0 2 0 1 -1 -2 2 -2 1 2 1
0 0 2 0 1 -1 -2 2 -2 2 6 3
0 0 2 0 1 -1 2 -1 -2 1 2 1
0 0 2 0 1 -1 2 -1 -2 2 2 1
0 0 2 0 1 -1 2 -2 -1 1 2 1
0 0 2 0 1 -1 2 -2 -1 2 2 1
0 0 2 0 1 -1 2 -2 -2 1 2 1
0 0 2 0 1 -1 2 -2 -2 2 2 1
0 0 2 0 1 1 -1 -1 -1 1 2 1
0 0 2 0 1 1 -1 -1 -1 2 6 3
0 0 2 0 1 1 -1 -1 -2 1 2 1
0 0 2 0 1 1 -1 -1 -2 2 6 3
0 0 2 0 1 1 -1 -2 -1 1 2 1
0 0 2 0 1 1 -1 -2 -1 2 6 3
0 0 2 0 1 1 -1 -2 -2 1 2 1
0 0 2 0 1 1 -1 -2 -2 2 6 3
0 0 2 0 1 1 -2 -1 -1 1 2 1
0 0 2 0 1 1 -2 -1 -1 2 6 3
0 0 2 0 1 1 -2 -1 -2 1 2 1
0 0 2 0 1 1 -2 -1 -2 2 6 3
0 0 2 0 1 1 -2 -2 -1 1 2 1
0 0 2 0 1 1 -2 -2 -1 2 6 3
0 0 2 0 1 -2 -1 -1 1 1 2 1
0 0 2 0 1 -2 -1 -1 1 2 6 3
0 0 2 0 1 -2 -1 -1 2 1 2 1
0 0 2 0 1 -2 -1 -1 2 2 6 3
0 0 2 0 1 -2 -1 1 -1 1 2 1
0 0 2 0 1 -2 -1 1 -1 2 6 3
0 0 2 0 1 -2 -1 1 -2 1 2 1
0 0 2 0 1 -2 -1 1 -2 2 6 3
0 0 2 0 1 -2 -1 -2 1 1 2 1
0 0 2 0 1 -2 -1 -2 1 2 6 3
0 0 2 0 1 -2 -1 -2 2 1 2 1
0 0 2 0 1 -2 -1 -2 2 2 6 3
0 0 2 0 1 -2 -1 2 -1 1 2 1
0 0 2 0 1 -2 -1 2 -1 2 6 3
0 0 2 0 1 -2 -1 2 -2 1 4 0
0 0 2 0 1 -2 -1 2 -2 2 6 3
0 0 2 0 1 -2 1 -1 -1 1 6 3
0 0 2 0 1 -2 1 -1 -1 2 6 3
0 0 2 0 1 -2 1 -1 -2 1 6 3
0 0 2 0 1 -2 1 -1 -2 2 6 3
0 0 2 0 1 -2 1 -2 -1 1 6 3
0 0 2 0 1 -2 1 -2 -1 2 6 3
0 0 2 0 1 -2 -2 -1 1 1 2 1
0 0 2 0 1 -2 -2 -1 1 2 6 3
0 0 2 0 1 -2 -2 -1 2 1 2 1
0 0 2 0 1 -2 -2 -1 2 2 6 3
0 0 2 0 1 -2 -2 1 -1 1 2 1
0 0 2 0 1 -2 -2 1 -1 2 6 3
0 0 2 0 1 -2 -2 -2 2 1 2 1
0 0 2 0 1 -2 -2 -2 2 2 6 3
0 0 2 0 1 -2 -2 2 -1 1 2 1
0 0 2 0 1 -2 -2 2 -1 2 6 3
0 0 2 0 1 -2 -2 2 -2 1 2 1
0 0 2 0 1 -2 -2 2 -2 2 6 3
0 0 2 0 1 -2 2 -1 -1 1 2 1
0 0 2 0 1 -2 2 -1 -1 2 2 1
0 0 2 0 1 -2 2 -1 -2 1 2 1
0 0 2 0 1 -2 2 -1 -2 2 2 1
0 0 2 0 1 -2 2 -2 -1 1 2 1
0 0 2 0 1 -2 2 -2 -1 2 2 1
0 0 2 0 1 -2 2 -2 -2 1 2 1
0 0 2 0 1 -2 2 -2 -2 2 2 1
0 0 2 0 1 2 -1 -1 -2 1 2 1
0 0 2 0 1 2 -1 -1 -2 2 6 3
0 0 2 0 1 2 -1 -2 -1 1 2 1
0 0 2 0 1 2 -1 -2 -1 2 6 3
0 0 2 0 1 2 -1 -2 -2 1 2 1
0 0 2 0 1 2 -1 -2 -2 2 6 3
0 0 2 0 1 2 -2 -1 -1 1 2 1
0 0 2 0 1 2 -2 -1 -1 2 6 3
0 0 2 0 1 2 -2 -1 -2 1 2 1
0 0 2 0 1 2 -2 -1 -2 2 6 3
0 0 2 0 1 2 -2 -2 -1 1 2 1
0 0 2 0 1 2 -2 -2 -1 2 6 3
0 0 2 0 1 2 -2 -2 -2 1 2 1
0 0 2 0 1 2 -2 -2 -2 2 6 3
0 0 2 0 -2 -1 -1 1 1 1 2 1
0 0 2 0 -2 -1 -1 1 1 2 4 0
0 0 2 0 -2 -1 -1 1 2 1 2 1
0 0 2 0 -2 -1 -1 1 2 2 4 0
0 0 2 0 -2 -1 -1 2 1 1 2 1
0 0 2 0 -2 -1 -1 2 1 2 4 0
0 0 2 0 -2 -1 1 -1 1 1 2 1
0 0 2 0 -2 -1 1 -1 1 2 4 0
0 0 2 0 -2 -1 1 -1 2 1 2 1
0 0 2 0 -2 -1 1 -1 2 2 4 0
0 0 2 0 -2 -1 1 1 -1 1 6 3
0 0 2 0 -2 -1 1 1 -1 2 4 0
0 0 2 0 -2 -1 1 1 -2 1 6 3
0 0 2 0 -2 -1 1 1 -2 2 4 0
0 0 2 0 -2 -1 1 -2 1 1 2 1
0 0 2 0 -2 -1 1 -2 1 2 4 0
0 0 2 0 -2 -1 1 -2 2 1 2 1
0 0 2 0 -2 -1 1 -2 2 2 4 0
0 0 2 0 -2 -1 1 2 -1 1 2 1
0 0 2 0 -2 -1 1 2 -1 2 4 0
0 0 2 0 -2 -1 1 2 -2 1 6 3
0 0 2 0 -2 -1 1 2 -2 2 4 0
0 0 2 0 -2 -1 -2 1 1 1 2 1
0 0 2 0 -2 -1 -2 1 1 2 4 0
0 0 2 0 -2 -1 -2 1 2 1 2 1
0 0 2 0 -2 -1 -2 1 2 2 4 0
0 0 2 0 -2 -1 -2 2 1 1 2 1
0 0 2 0 -2 -1 -2 2 1 2 4 0
0 0 2 0 -2 -1 -2 2 2 1 2 1
0 0 2 0 -2 -1 -2 2 2 2 4 0
0 0 2 0 -2 -1 2 -1 1 1 2 1
0 0 2 0 -2 -1 2 -1 1 2 4 0
0 0 2 0 -2 -1 2 1 -1 1 6 3
0 0 2 0 -2 -1 2 1 -1 2 4 0
0 0 2 0 -2 -1 2 1 -2 1 6 3
0 0 2 0 -2 -1 2 1 -2 2 4 0
0 0 2 0 -2 -1 2 -2 1 1 2 1
0 0 2 0 -2 -1 2 -2 1 2 4 0
0 0 2 0 -2 -1 2 -2 2 1 2 1
0 0 2 0 -2 -1 2 -2 2 2 4 0
0 0 2 0 -2 -1 2 2 -2 1 6 3
0 0 2 0 -2 -1 2 2 -2 2 4 0
0 0 2 0 -2 1 -1 -1 1 1 2 1
0 0 2 0 -2 1 -1 -1 1 2 4 0
0 0 2 0 -2 1 -1 -1 2 1 2 1
0 0 2 0 -2 1 -1 -1 2 2 6 3
0 0 2 0 -2 1 -1 1 -1 1 2 1
0 0 2 0 -2 1 -1 1 -1 2 4 0
0 0 2 0 -2 1 -1 1 -2 1 2 1
0 0 2 0 -2 1 -1 1 -2 2 6 3
0 0 2 0 -2 1 -1 -2 1 1 2 1
0 0 2 0 -2 1 -1 -2 1 2 4 0
0 0 2 0 -2 1 -1 -2 2 1 2 1
0 0 2 0 -2 1 -1 -2 2 2 6 3
0 0 2 0 -2 1 -1 2 -1 1 2 1
0 0 2 0 -2 1 -1 2 -1 2 4 1
0 0 2 0 -2 1 -1 2 -2 1 2 1
0 0 2 0 -2 1 -1 2 -2 2 6 3
0 0 2 0 -2 1 1 -1 -1 1 2 1
0 0 2 0 -2 1 1 -1 -1 2 4 0
0 0 2 0 -2 1 1 -1 -2 1 2 1
0 0 2 0 -2 1 1 -1 -2 2 4 0
0 0 2 0 -2 1 1 -2 -1 1 2 1
0 0 2 0 -2 1 1 -2 -1 2 4 0
0 0 2 0 -2 1 -2 -1 1 1 2 1
0 0 2 0 -2 1 -2 -1 1 2 4 0
0 0 2 0 -2 1 -2 -1 2 1 2 1
0 0 2 0 -2 1 -2 -1 2 2 6 3
0 0 2 0 -2 1 -2 1 -1 1 2 1
0 0 2 0 -2 1 -2 1 -1 2 4 0
0 0 2 0 -2 1 -2 -2 2 1 2 1
0 0 2 0 -2 1 -2 -2 2 2 6 3
0 0 2 0 -2 1 -2 2 -1 1 2 1
0 0 2 0 -2 1 -2 2 -1 2 4 0
0 0 2 0 -2 1 -2 2 -2 1 2 1
0 0 2 0 -2 1 -2 2 -2 2 6 3
0 0 2 0 -2 1 2 -1 -1 1 2 1
0 0 2 0 -2 1 2 -1 -1 2 4 0
0 0 2 0 -2 1 2 -1 -2 1 2 1
0 0 2 0 -2 1 2 -1 -2 2 4 0
0 0 2 0 -2 1 2 -2 -1 1 2 1
0 0 2 0 -2 1 2 -2 -1 2 4 0
0 0 2 0 -2 1 2 -2 -2 1 2 1
0 0 2 0 -2 1 2 -2 -2 2 4 0
0 0 2 0 -2 -2 -1 1 1 1 2 1
0 0 2 0 -2 -2 -1 1 1 2 4 0
0 0 2 0 -2 -2 -1 1 2 1 2 1
0 0 2 0 -2 -2 -1 1 2 2 4 0
0 0 2 0 -2 -2 -1 2 1 1 2 1
0 0 2 0 -2 -2 -1 2 1 2 4 0
0 0 2 0 -2 -2 -1 2 2 1 2 1
0 0 2 0 -2 -2 -1 2 2 2 4 0
0 0 2 0 -2 -2 1 -1 1 1 2 1
0 0 2 0 -2 -2 1 -1 1 2 4 0
0 0 2 0 -2 -2 1 -1 2 1 2 1
0 0 2 0 -2 -2 1 -1 2 2 4 0
0 0 2 0 -2 -2 1 1 -1 1 6 3
0 0 2 0 -2 -2 1 1 -1 2 4 0
0 0 2 0 -2 -2 1 -2 2 1 2 1
0 0 2 0 -2 -2 1 -2 2 2 4 0
0 0 2 0 -2 -2 1 2 -1 1 2 1
0 0 2 0 -2 -2 1 2 -1 2 4 0
0 0 2 0 -2 -2 1 2 -2 1 6 3
0 0 2 0 -2 -2 1 2 -2 2 4 0
0 0 2 0 -2 -2 -2 1 2 1 2 1
0 0 2 0 -2 -2 -2 1 2 2 4 0
0 0 2 0 -2 -2 -2 2 1 1 2 1
0 0 2 0 -2 -2 -2 2 1 2 4 0
0 0 2 0 -2 -2 -2 2 2 1 2 1
0 0 2 0 -2 -2 -2 2 2 2 4 0
0 0 2 0 -2 -2 2 -1 1 1 2 1
0 0 2 0 -2 -2 2 -1 1 2 4 0
0 0 2 0 -2 -2 2 -1 2 1 2 1
0 0 2 0 -2 -2 2 -1 2 2 4 0
0 0 2 0 -2 -2 2 1 -1 1 6 3
0 0 2 0 -2 -2 2 1 -1 2 4 0
0 0 2 0 -2 -2 2 1 -2 1 6 3
0 0 2 0 -2 -2 2 1 -2 2 4 0
0 0 2 0 -2 -2 2 -2 1 1 2 1
0 0 2 0 -2 -2 2 -2 1 2 4 0
0 0 2 0 -2 -2 2 -2 2 1 2 1
0 0 2 0 -2 -2 2 -2 2 2 4 0
0 0 2 0 -2 -2 2 2 -1 1 2 1
0 0 2 0 -2 -2 2 2 -1 2 4 0
0 0 2 0 -2 -2 2 2 -2 1 6 3
0 0 2 0 -2 -2 2 2 -2 2 4 0
0 0 2 0 -2 2 -1 -1 1 1 2 1
0 0 2 0 -2 2 -1 -1 1 2 4 0
0 0 2 0 -2 2 -1 1 -1 1 2 1
0 0 2 0 -2 2 -1 1 -1 2 4 0
0 0 2 0 -2 2 -1 1 -2 1 2 1
0 0 2 0 -2 2 -1 1 -2 2 6 3
0 0 2 0 -2 2 -1 -2 1 1 2 1
0 0 2 0 -2 2 -1 -2 1 2 4 0
0 0 2 0 -2 2 -1 2 -2 1 2 1
0 0 2 0 -2 2 -1 2 -2 2 6 3
0 0 2 0 -2 2 1 -1 -1 1 2 1
0 0 2 0 -2 2 1 -1 -1 2 4 0
0 0 2 0 -2 2 1 -1 -2 1 2 1
0 0 2 0 -2 2 1 -1 -2 2 4 0
0 0 2 0 -2 2 1 -2 -1 1 2 1
0 0 2 0 -2 2 1 -2 -1 2 4 0
0 0 2 0 -2 2 1 -2 -2 1 2 1
0 0 2 0 -2 2 1 -2 -2 2 4 0
0 0 2 0 -2 2 -2 -1 1 1 2 1
0 0 2 0 -2 2 -2 -1 1 2 4 0
0 0 2 0 -2 2 -2 1 -1 1 2 1
0 0 2 0 -2 2 -2 1 -1 2 4 0
0 0 2 0 -2 2 -2 1 -2 1 2 1
0 0 2 0 -2 2 -2 1 -2 2 6 3
0 0 2 0 -2 2 -2 -2 1 1 2 1
0 0 2 0 -2 2 -2 -2 1 2 4 0
0 0 2 0 -2 2 -2 2 -1 1 2 1
0 0 2 0 -2 2 -2 2 -1 2 4 0
0 0 2 0 -2 2 -2 2 -2 1 2 1
0 0 2 0 -2 2 -2 2 -2 2 6 3
0 0 2 0 -2 2 2 -1 -2 1 2 1
0 0 2 0 -2 2 2 -1 -2 2 4 0
0 0 2 0 -2 2 2 -2 -1 1 2 1
0 0 2 0 -2 2 2 -2 -1 2 4 0
0 0 2 0 -2 2 2 -2 -2 1 2 1
0 0 2 0 -2 2 2 -2 -2 2 4 0
0 0 2 0 2 -1 -1 1 -2 1 2 1
0 0 2 0 2 -1 -1 1 -2 2 6 3
0 0 2 0 2 -1 -1 -2 1 1 2 1
0 0 2 0 2 -1 -1 -2 1 2 6 3
0 0 2 0 2 -1 1 -1 -2 1 6 3
0 0 2 0 2 -1 1 -1 -2 2 6 3
0 0 2 0 2 -1 1 -2 -1 1 6 3
0 0 2 0 2 -1 1 -2 -1 2 6 3
0 0 2 0 2 -1 1 -2 -2 1 6 3
0 0 2 0 2 -1 1 -2 -2 2 6 3
0 0 2 0 2 -1 -2 -1 1 1 2 1
0 0 2 0 2 -1 -2 -1 1 2 6 3
0 0 2 0 2 -1 -2 1 -1 1 2 1
0 0 2 0 2 -1 -2 1 -1 2 6 3
0 0 2 0 2 -1 -2 1 -2 1 2 1
0 0 2 0 2 -1 -2 1 -2 2 6 3
0 0 2 0 2 -1 -2 -2 1 1 2 1
0 0 2 0 2 -1 -2 -2 1 2 6 3
0 0 2 0 2 -1 -2 -2 2 1 2 1
0 0 2 0 2 -1 -2 -2 2 2 6 3
0 0 2 0 2 -1 -2 2 -2 1 2 1
0 0 2 0 2 -1 -2 2 -2 2 6 3
0 0 2 0 2 1 -1 -1 -2 1 2 1
0 0 2 0 2 1 -1 -1 -2 2 6 3
0 0 2 0 2 1 -1 -2 -1 1 2 1
0 0 2 0 2 1 -1 -2 -1 2 6 3
0 0 2 0 2 1 -1 -2 -2 1 2 1
0 0 2 0 2 1 -1 -2 -2 2 6 3
0 0 2 0 2 1 -2 -1 -1 1 2 1
0 0 2 0 2 1 -2 -1 -1 2 6 3
0 0 2 0 2 1 -2 -1 -2 1 2 1
0 0 2 0 2 1 -2 -1 -2 2 6 3
0 0 2 0 2 1 -2 -2 -1 1 2 1
0 0 2 0 2 1 -2 -2 -1 2 6 3
0 0 2 0 2 1 -2 -2 -2 1 2 1
0 0 2 0 2 1 -2 -2 -2 2 6 3
0 0 2 0 2 -2 -1 -1 1 1 2 1
0 0 2 0 2 -2 -1 -1 1 2 6 3
0 0 2 0 2 -2 -1 1 -1 1 2 1
0 0 2 0 2 -2 -1 1 -1 2 6 3
0 0 2 0 2 -2 -1 1 -2 1 2 1
0 0 2 0 2 -2 -1 1 -2 2 6 3
0 0 2 0 2 -2 -1 -2 1 1 2 1
0 0 2 0 2 -2 -1 -2 1 2 6 3
0 0 2 0 2 -2 -1 -2 2 1 2 1
0 0 2 0 2 -2 -1 -2 2 2 6 3
0 0 2 0 2 -2 -1 2 -2 1 2 1
0 0 2 0 2 -2 -1 2 -2 2 6 3
0 0 2 0 2 -2 1 -1 -1 1 6 3
0 0 2 0 2 -2 1 -1 -1 2 6 3
0 0 2 0 2 -2 1 -1 -2 1 6 3
0 0 2 0 2 -2 1 -1 -2 2 6 3
0 0 2 0 2 -2 1 -2 -1 1 6 3
0 0 2 0 2 -2 1 -2 -1 2 6 3
0 0 2 0 2 -2 1 -2 -2 1 6 3
0 0 2 0 2 -2 1 -2 -2 2 6 3
0 0 2 0 2 -2 -2 -1 1 1 2 1
0 0 2 0 2 -2 -2 -1 1 2 6 3
0 0 2 0 2 -2 -2 -1 2 1 2 1
0 0 2 0 2 -2 -2 -1 2 2 6 3
0 0 2 0 2 -2 -2 1 -1 1 2 1
0 0 2 0 2 -2 -2 1 -1 2 6 3
0 0 2 0 2 -2 -2 1 -2 1 2 1
0 0 2 0 2 -2 -2 1 -2 2 6 3
0 0 2 0 2 -2 -2 -2 1 1 2 1
0 0 2 0 2 -2 -2 -2 1 2 6 3
0 0 2 0 2 -2 -2 -2 2 1 2 1
0 0 2 0 2 -2 -2 -2 2 2 6 3
0 0 2 0 2 -2 -2 2 -1 1 2 1
0 0 2 0 2 -2 -2 2 -1 2 6 3
0 0 2 0 2 -2 -2 2 -2 1 2 1
0 0 2 0 2 -2 -2 2 -2 2 6 3
0 0 2 -1 0 -1 -1 1 1 1 2 1
0 0 2 -1 0 -1 -1 1 1 2 3 4
0 0 2 -1 0 -1 1 -1 1 1 2 1
0 0 2 -1 0 -1 1 -1 1 2 5 4
0 0 2 -1 0 -1 1 1 -1 1 6 4
0 0 2 -1 0 -1 1 1 -1 2 5 4
0 0 2 -1 0 -1 1 1 -2 1 6 4
0 0 2 -1 0 -1 1 1 -2 2 5 4
0 0 2 -1 0 -1 1 -2 1 1 6 4
0 0 2 -1 0 -1 1 -2 1 2 3 0
0 0 2 -1 0 -1 1 -2 2 1 2 1
0 0 2 -1 0 -1 1 -2 2 2 3 4
0 0 2 -1 0 -1 1 2 -2 1 6 4
0 0 2 -1 0 -1 1 2 -2 2 5 4
0 0 2 -1 0 -1 -2 1 1 1 7 4
0 0 2 -1 0 -1 -2 1 1 2 3 4
0 0 2 -1 0 -1 -2 1 2 1 7 4
0 0 2 -1 0 -1 -2 1 2 2 3 4
0 0 2 -1 0 -1 -2 2 1 1 8 4
0 0 2 -1 0 -1 -2 2 1 2 3 4
0 0 2 -1 0 -1 2 1 -2 1 6 4
0 0 2 -1 0 -1 2 1 -2 2 5 4
0 0 2 -1 0 -1 2 -2 1 1 8 4
0 0 2 -1 0 -1 2 -2 1 2 5 4
0 0 2 -1 0 1 -1 -1 1 1 2 4
0 0 2 -1 0 1 -1 -1 1 2 3 0
0 0 2 -1 0 1 -1 1 -1 1 2 1
0 0 2 -1 0 1 -1 1 -1 2 3 0
0 0 2 -1 0 1 -1 1 -2 1 2 1
0 0 2 -1 0 1 -1 1 -2 2 6 4
0 0 2 -1 0 1 -1 -2 1 1 5 4
0 0 2 -1 0 1 -1 -2 1 2 3 0
0 0 2 -1 0 1 -1 -2 2 1 2 4
0 0 2 -1 0 1 -1 -2 2 2 3 4
0 0 2 -1 0 1 -1 2 -2 1 5 4
0 0 2 -1 0 1 -1 2 -2 2 6 4
0 0 2 -1 0 1 1 -1 -1 1 2 4
0 0 2 -1 0 1 1 -1 -1 2 3 0
0 0 2 -1 0 1 1 -1 -2 1 2 1
0 0 2 -1 0 1 1 -1 -2 2 7 4
0 0 2 -1 0 1 1 -2 -1 1 2 1
0 0 2 -1 0 1 1 -2 -1 2 3 0
0 0 2 -1 0 1 1 -2 -2 1 2 1
0 0 2 -1 0 1 1 -2 -2 2 7 4
0 0 2 -1 0 1 -2 -1 1 1 2 4
0 0 2 -1 0 1 -2 -1 1 2 3 0
0 0 2 -1 0 1 -2 -1 2 1 2 4
0 0 2 -1 0 1 -2 -1 2 2 3 4
0 0 2 -1 0 1 -2 1 -1 1 2 1
0 0 2 -1 0 1 -2 1 -1 2 8 4
0 0 2 -1 0 1 -2 1 -2 1 2 1
0 0 2 -1 0 1 -2 1 -2 2 6 4
0 0 2 -1 0 1 -2 -2 1 1 5 4
0 0 2 -1 0 1 -2 -2 1 2 3 0
0 0 2 -1 0 1 -2 -2 2 1 2 4
0 0 2 -1 0 1 -2 -2 2 2 3 4
0 0 2 -1 0 1 -2 2 -1 1 5 4
0 0 2 -1 0 1 -2 2 -1 2 8 4
0 0 2 -1 0 1 -2 2 -2 1 5 4
0 0 2 -1 0 1 -2 2 -2 2 6 4
0 0 2 -1 0 1 2 -1 -2 1 2 4
0 0 2 -1 0 1 2 -1 -2 2 7 4
0 0 2 -1 0 1 2 -2 -1 1 2 4
0 0 2 -1 0 1 2 -2 -1 2 7 4
0 0 2 -1 0 1 2 -2 -2 1 2 4
0 0 2 -1 0 1 2 -2 -2 2 7 4
0 0 2 -1 0 -2 -1 1 1 1 2 1
0 0 2 -1 0 -2 -1 1 1 2 3 4
0 0 2 -1 0 -2 -1 1 2 1 2 1
0 0 2 -1 0 -2 -1 1 2 2 3 0
0 0 2 -1 0 -2 -1 2 1 1 8 4
0 0 2 -1 0 -2 -1 2 1 2 3 0
0 0 2 -1 0 -2 1 -1 1 1 2 1
0 0 2 -1 0 -2 1 -1 1 2 3 4
0 0 2 -1 0 -2 1 -1 2 1 2 1
0 0 2 -1 0 -2 1 -1 2 2 3 0
0 0 2 -1 0 -2 1 1 -1 1 6 4
0 0 2 -1 0 -2 1 1 -1 2 5 4
0 0 2 -1 0 -2 1 1 -2 1 6 4
0 0 2 -1 0 -2 1 1 -2 2 5 4
0 0 2 -1 0 -2 1 -2 1 1 2 1
0 0 2 -1 0 -2 1 -2 1 2 3 0
0 0 2 -1 0 -2 1 -2 2 1 2 1
0 0 2 -1 0 -2 1 -2 2 2 3 4
0 0 2 -1 0 -2 1 2 -1 1 6 4
0 0 2 -1 0 -2 1 2 -1 2 5 4
0 0 2 -1 0 -2 1 2 -2 1 6 4
0 0 2 -1 0 -2 1 2 -2 2 5 4
0 0 2 -1 0 -2 -2 1 1 1 7 4
0 0 2 -1 0 -2 -2 1 1 2 3 4
0 0 2 -1 0 -2 -2 1 2 1 7 4
0 0 2 -1 0 -2 -2 1 2 2 3 4
0 0 2 -1 0 -2 -2 2 1 1 8 4
0 0 2 -1 0 -2 -2 2 1 2 3 4
0 0 2 -1 0 -2 -2 2 2 1 8 4
0 0 2 -1 0 -2 -2 2 2 2 3 4
0 0 2 -1 0 -2 2 -1 1 1 8 4
0 0 2 -1 0 -2 2 -1 1 2 5 4
0 0 2 -1 0 -2 2 1 -1 1 6 4
0 0 2 -1 0 -2 2 1 -1 2 5 4
0 0 2 -1 0 -2 2 1 -2 1 6 4
0 0 2 -1 0 -2 2 1 -2 2 5 4
0 0 2 -1 0 -2 2 -2 1 1 8 4
0 0 2 -1 0 -2 2 -2 1 2 5 4
0 0 2 -1 0 -2 2 -2 2 1 8 4
0 0 2 -1 0 -2 2 -2 2 2 3 4
0 0 2 -1 0 -2 2 2 -2 1 6 4
0 0 2 -1 0 -2 2 2 -2 2 5 4
0 0 2 -1 0 2 -1 1 -2 1 2 1
0 0 2 -1 0 2 -1 1 -2 2 6 4
0 0 2 -1 0 2 -1 -2 1 1 5 4
0 0 2 -1 0 2 -1 -2 1 2 3 0
0 0 2 -1 0 2 1 -1 -2 1 2 1
0 0 2 -1 0 2 1 -1 -2 2 7 4
0 0 2 -1 0 2 1 -2 -1 1 2 1
0 0 2 -1 0 2 1 -2 -1 2 3 0
0 0 2 -1 0 2 1 -2 -2 1 2 1
0 0 2 -1 0 2 1 -2 -2 2 7 4
0 0 2 -1 0 2 -2 -1 1 1 2 4
0 0 2 -1 0 2 -2 -1 1 2 3 0
0 0 2 -1 0 2 -2 1 -1 1 2 1
0 0 2 -1 0 2 -2 1 -1 2 3 0
0 0 2 -1 0 2 -2 1 -2 1 2 1
0 0 2 -1 0 2 -2 1 -2 2 6 4
0 0 2 -1 0 2 -2 -2 1 1 5 4
0 0 2 -1 0 2 -2 -2 1 2 3 0
0 0 2 -1 0 2 -2 2 -2 1 5 4
0 0 2 -1 0 2 -2 2 -2 2 6 4
0 0 2 -1 0 2 2 -2 -2 1 2 4
0 0 2 -1 0 2 2 -2 -2 2 7 4
0 0 2 -1 -1 0 -1 1 1 1 8 5
0 0 2 -1 -1 0 -1 1 1 2 4 5
0 0 2 -1 -1 0 1 -1 1 1 2 1
0 0 2 -1 -1 0 1 -1 1 2 3 0
0 0 2 -1 -1 0 1 1 -1 1 2 1
0 0 2 -1 -1 0 1 1 -1 2 3 0
0 0 2 -1 -1 0 1 1 -2 1 2 1
0 0 2 -1 -1 0 1 1 -2 2 3 0
0 0 2 -1 -1 0 1 -2 1 1 2 1
0 0 2 -1 -1 0 1 -2 1 2 3 0
0 0 2 -1 -1 0 1 -2 2 1 2 1
0 0 2 -1 -1 0 1 -2 2 2 3 0
0 0 2 -1 -1 0 1 2 -2 1 2 1
0 0 2 -1 -1 0 1 2 -2 2 3 0
0 0 2 -1 -1 0 -2 1 1 1 8 5
0 0 2 -1 -1 0 -2 1 1 2 3 0
0 0 2 -1 -1 0 -2 1 2 1 8 5
0 0 2 -1 -1 0 -2 1 2 2 3 0
0 0 2 -1 -1 0 -2 2 1 1 8 5
0 0 2 -1 -1 0 -2 2 1 2 3 0
0 0 2 -1 -1 0 2 1 -2 1 2 1
0 0 2 -1 -1 0 2 1 -2 2 3 0
0 0 2 -1 -1 0 2 -2 1 1 2 1
0 0 2 -1 -1 0 2 -2 1 2 3 0
0 0 2 -1 -1 -1 0 1 1 1 2 1
0 0 2 -1 -1 -1 0 1 1 2 3 0
0 0 2 -1 -1 -1 1 0 1 1 2 1
0 0 2 -1 -1 -1 1 0 1 2 3 0
0 0 2 -1 -1 -1 1 1 0 1 7 8
0 0 2 -1 -1 -1 1 1 0 2 5 8
0 0 2 -1 -1 1 0 -1 1 1 2 1
0 0 2 -1 -1 1 0 -1 1 2 3 0
0 0 2 -1 -1 1 0 1 -1 1 2 1
0 0 2 -1 -1 1 0 1 -1 2 3 0
0 0 2 -1 -1 1 0 1 -2 1 2 1
0 0 2 -1 -1 1 0 1 -2 2 3 0
0 0 2 -1 -1 1 0 -2 1 1 2 1
0 0 2 -1 -1 1 0 -2 1 2 3 0
0 0 2 -1 -1 1 0 -2 2 1 2 1
0 0 2 -1 -1 1 0 -2 2 2 3 0
0 0 2 -1 -1 1 0 2 -2 1 2 1
0 0 2 -1 -1 1 0 2 -2 2 3 0
0 0 2 -1 -1 1 -1 0 1 1 8 7
0 0 2 -1 -1 1 -1 0 1 2 6 7
0 0 2 -1 -1 1 -1 1 0 1 2 1
0 0 2 -1 -1 1 -1 1 0 2 3 0
0 0 2 -1 -1 1 1 0 -1 1 6 7
0 0 2 -1 -1 1 1 0 -1 2 3 0
0 0 2 -1 -1 1 1 0 -2 1 6 7
0 0 2 -1 -1 1 1 0 -2 2 3 0
0 0 2 -1 -1 1 1 -1 0 1 2 1
0 0 2 -1 -1 1 1 -1 0 2 3 0
0 0 2 -1 -1 1 1 -2 0 1 2 1
0 0 2 -1 -1 1 1 -2 0 2 4 1
0 0 2 -1 -1 1 -2 0 1 1 2 1
0 0 2 -1 -1 1 -2 0 1 2 3 0
0 0 2 -1 -1 1 -2 0 2 1 2 1
0 0 2 -1 -1 1 -2 0 2 2 3 0
0 0 2 -1 -1 1 -2 1 0 1 2 1
0 0 2 -1 -1 1 -2 1 0 2 3 0
0 0 2 -1 -1 1 -2 2 0 1 2 1
0 0 2 -1 -1 1 -2 2 0 2 3 0
0 0 2 -1 -1 1 2 0 -2 1 6 7
0 0 2 -1 -1 1 2 0 -2 2 3 0
0 0 2 -1 -1 1 2 -2 0 1 5 8
0 0 2 -1 -1 1 2 -2 0 2 3 0
0 0 2 -1 -1 -2 0 1 1 1 2 1
0 0 2 -1 -1 -2 0 1 1 2 3 0
0 0 2 -1 -1 -2 0 1 2 1 7 6
0 0 2 -1 -1 -2 0 1 2 2 3 0
0 0 2 -1 -1 -2 0 2 1 1 2 1
0 0 2 -1 -1 -2 0 2 1 2 3 0
0 0 2 -1 -1 -2 1 0 1 1 2 1
0 0 2 -1 -1 -2 1 0 1 2 3 0
0 0 2 -1 -1 -2 1 0 2 1 2 1
0 0 2 -1 -1 -2 1 0 2 2 3 0
0 0 2 -1 -1 -2 1 1 0 1 7 8
0 0 2 -1 -1 -2 1 1 0 2 3 0
0 0 2 -1 -1 -2 1 2 0 1 7 8
0 0 2 -1 -1 -2 1 2 0 2 3 0
0 0 2 -1 -1 -2 2 0 1 1 2 1
0 0 2 -1 -1 -2 2 0 1 2 3 0
0 0 2 -1 -1 -2 2 1 0 1 7 8
0 0 2 -1 -1 -2 2 1 0 2 3 0
0 0 2 -1 -1 2 0 1 -2 1 2 1
0 0 2 -1 -1 2 0 1 -2 2 3 0
0 0 2 -1 -1 2 0 -2 1 1 2 1
0 0 2 -1 -1 2 0 -2 1 2 3 0
0 0 2 -1 -1 2 1 0 -2 1 6 7
0 0 2 -1 -1 2 1 0 -2 2 3 0
0 0 2 -1 -1 2 1 -2 0 1 2 1
0 0 2 -1 -1 2 1 -2 0 2 4 1
0 0 2 -1 -1 2 -2 0 1 1 8 7
0 0 2 -1 -1 2 -2 0 1 2 3 0
0 0 2 -1 -1 2 -2 1 0 1 7 8
0 0 2 -1 -1 2 -2 1 0 2 3 0
0 0 2 -1 1 0 -1 -1 1 1 4 0
0 0 2 -1 1 0 -1 -1 1 2 3 0
0 0 2 -1 1 0 -1 1 -1 1 2 5
0 0 2 -1 1 0 -1 1 -1 2 3 0
0 0 2 -1 1 0 -1 1 -2 1 2 1
0 0 2 -1 1 0 -1 1 -2 2 3 0
0 0 2 -1 1 0 -1 -2 1 1 4 0
0 0 2 -1 1 0 -1 -2 1 2 3 0
0 0 2 -1 1 0 -1 -2 2 1 2 1
0 0 2 -1 1 0 -1 -2 2 2 3 0
0 0 2 -1 1 0 -1 2 -2 1 4 0
0 0 2 -1 1 0 -1 2 -2 2 3 0
0 0 2 -1 1 0 1 -1 -1 1 2 1
0 0 2 -1 1 0 1 -1 -1 2 3 0
0 0 2 -1 1 0 1 -1 -2 1 2 1
0 0 2 -1 1 0 1 -1 -2 2 3 0
0 0 2 -1 1 0 1 -2 -1 1 2 1
0 0 2 -1 1 0 1 -2 -1 2 3 0
0 0 2 -1 1 0 1 -2 -2 1 2 1
0 0 2 -1 1 0 1 -2 -2 2 3 0
0 0 2 -1 1 0 -2 -1 1 1 2 1
0 0 2 -1 1 0 -2 -1 1 2 3 0
0 0 2 -1 1 0 -2 -1 2 1 2 1
0 0 2 -1 1 0 -2 -1 2 2 3 0
0 0 2 -1 1 0 -2 1 -1 1 2 1
0 0 2 -1 1 0 -2 1 -1 2 3 0
0 0 2 -1 1 0 -2 1 -2 1 2 1
0 0 2 -1 1 0 -2 1 -2 2 3 0
0 0 2 -1 1 0 -2 -2 1 1 4 0
0 0 2 -1 1 0 -2 -2 1 2 3 0
0 0 2 -1 1 0 -2 -2 2 1 2 1
0 0 2 -1 1 0 -2 -2 2 2 3 0
0 0 2 -1 1 0 -2 2 -1 1 4 1
0 0 2 -1 1 0 -2 2 -1 2 3 0
0 0 2 -1 1 0 -2 2 -2 1 2 1
0 0 2 -1 1 0 -2 2 -2 2 3 0
0 0 2 -1 1 0 2 -1 -2 1 4 0
0 0 2 -1 1 0 2 -1 -2 2 3 0
0 0 2 -1 1 0 2 -2 -1 1 4 1
0 0 2 -1 1 0 2 -2 -1 2 3 0
0 0 2 -1 1 0 2 -2 -2 1 4 1
0 0 2 -1 1 0 2 -2 -2 2 3 0
0 0 2 -1 1 -1 0 -1 1 1 2 1
0 0 2 -1 1 -1 0 -1 1 2 3 0
0 0 2 -1 1 -1 0 1 -1 1 2 1
0 0 2 -1 1 -1 0 1 -1 2 3 0
0 0 2 -1 1 -1 0 1 -2 1 4 0
0 0 2 -1 1 -1 0 1 -2 2 3 0
0 0 2 -1 1 -1 0 -2 1 1 4 0
0 0 2 -1 1 -1 0 -2 1 2 3 0
0 0 2 -1 1 -1 0 -2 2 1 4 0
0 0 2 -1 1 -1 0 -2 2 2 3 0
0 0 2 -1 1 -1 0 2 -2 1 4 0
0 0 2 -1 1 -1 0 2 -2 2 3 0
0 0 2 -1 1 -1 -1 0 1 1 4 0
0 0 2 -1 1 -1 -1 0 1 2 3 0
0 0 2 -1 1 -1 -1 1 0 1 4 0
0 0 2 -1 1 -1 -1 1 0 2 3 0
0 0 2 -1 1 -1 1 0 -1 1 4 0
0 0 2 -1 1 -1 1 0 -1 2 8 7
0 0 2 -1 1 -1 1 0 -2 1 4 0
0 0 2 -1 1 -1 1 0 -2 2 3 0
0 0 2 -1 1 -1 1 -1 0 1 2 1
0 0 2 -1 1 -1 1 -1 0 2 3 0
0 0 2 -1 1 -1 1 -2 0 1 4 0
0 0 2 -1 1 -1 1 -2 0 2 3 0
0 0 2 -1 1 -1 -2 0 1 1 2 1
0 0 2 -1 1 -1 -2 0 1 2 3 0
0 0 2 -1 1 -1 -2 0 2 1 4 0
0 0 2 -1 1 -1 -2 0 2 2 3 0
0 0 2 -1 1 -1 -2 1 0 1 4 0
0 0 2 -1 1 -1 -2 1 0 2 3 0
0 0 2 -1 1 -1 -2 2 0 1 4 0
0 0 2 -1 1 -1 -2 2 0 2 3 0
0 0 2 -1 1 -1 2 0 -2 1 4 0
0 0 2 -1 1 -1 2 0 -2 2 3 0
0 0 2 -1 1 -1 2 -2 0 1 4 1
0 0 2 -1 1 -1 2 -2 0 2 3 0
0 0 2 -1 1 1 0 -1 -1 1 4 0
0 0 2 -1 1 1 0 -1 -1 2 3 0
0 0 2 -1 1 1 0 -1 -2 1 4 0
0 0 2 -1 1 1 0 -1 -2 2 3 0
0 0 2 -1 1 1 0 -2 -1 1 4 0
0 0 2 -1 1 1 0 -2 -1 2 3 0
0 0 2 -1 1 1 0 -2 -2 1 4 0
0 0 2 -1 1 1 0 -2 -2 2 3 0
0 0 2 -1 1 1 -1 0 -1 1 4 0
0 0 2 -1 1 1 -1 0 -1 2 3 0
0 0 2 -1 1 1 -1 0 -2 1 4 0
0 0 2 -1 1 1 -1 0 -2 2 3 0
0 0 2 -1 1 1 -1 -1 0 1 4 0
0 0 2 -1 1 1 -1 -1 0 2 7 8
0 0 2 -1 1 1 -1 -2 0 1 4 0
0 0 2 -1 1 1 -1 -2 0 2 7 8
0 0 2 -1 1 1 -2 0 -1 1 4 0
0 0 2 -1 1 1 -2 0 -1 2 3 0
0 0 2 -1 1 1 -2 0 -2 1 4 0
0 0 2 -1 1 1 -2 0 -2 2 3 0
0 0 2 -1 1 1 -2 -1 0 1 4 0
0 0 2 -1 1 1 -2 -1 0 2 7 8
0 0 2 -1 1 1 -2 -2 0 1 4 0
0 0 2 -1 1 1 -2 -2 0 2 7 8
0 0 2 -1 1 -2 0 -1 1 1 2 1
0 0 2 -1 1 -2 0 -1 1 2 3 0
0 0 2 -1 1 -2 0 -1 2 1 2 1
0 0 2 -1 1 -2 0 -1 2 2 3 0
0 0 2 -1 1 -2 0 1 -1 1 2 1
0 0 2 -1 1 -2 0 1 -1 2 3 0
0 0 2 -1 1 -2 0 1 -2 1 4 0
0 0 2 -1 1 -2 0 1 -2 2 3 0
0 0 2 -1 1 -2 0 -2 1 1 4 0
0 0 2 -1 1 -2 0 -2 1 2 3 0
0 0 2 -1 1 -2 0 -2 2 1 4 0
0 0 2 -1 1 -2 0 -2 2 2 3 0
0 0 2 -1 1 -2 0 2 -1 1 4 0
0 0 2 -1 1 -2 0 2 -1 2 3 0
0 0 2 -1 1 -2 0 2 -2 1 4 0
0 0 2 -1 1 -2 0 2 -2 2 3 0
0 0 2 -1 1 -2 -1 0 1 1 4 0
0 0 2 -1 1 -2 -1 0 1 2 3 0
0 0 2 -1 1 -2 -1 0 2 1 4 0
0 0 2 -1 1 -2 -1 0 2 2 3 0
0 0 2 -1 1 -2 -1 1 0 1 2 1
0 0 2 -1 1 -2 -1 1 0 2 3 0
0 0 2 -1 1 -2 -1 2 0 1 2 1
0 0 2 -1 1 -2 -1 2 0 2 5 8
0 0 2 -1 1 -2 1 0 -1 1 4 0
0 0 2 -1 1 -2 1 0 -1 2 8 7
0 0 2 -1 1 -2 1 0 -2 1 4 0
0 0 2 -1 1 -2 1 0 -2 2 3 0
0 0 2 -1 1 -2 1 -1 0 1 2 1
0 0 2 -1 1 -2 1 -1 0 2 3 0
0 0 2 -1 1 -2 1 -2 0 1 4 0
0 0 2 -1 1 -2 1 -2 0 2 3 0
0 0 2 -1 1 -2 -2 0 1 1 2 1
0 0 2 -1 1 -2 -2 0 1 2 3 0
0 0 2 -1 1 -2 -2 0 2 1 2 1
0 0 2 -1 1 -2 -2 0 2 2 3 0
0 0 2 -1 1 -2 -2 1 0 1 2 1
0 0 2 -1 1 -2 -2 1 0 2 3 0
0 0 2 -1 1 -2 -2 2 0 1 2 1
0 0 2 -1 1 -2 -2 2 0 2 3 0
0 0 2 -1 1 -2 2 0 -1 1 4 0
0 0 2 -1 1 -2 2 0 -1 2 8 7
0 0 2 -1 1 -2 2 0 -2 1 4 0
0 0 2 -1 1 -2 2 0 -2 2 3 0
0 0 2 -1 1 -2 2 -1 0 1 4 1
0 0 2 -1 1 -2 2 -1 0 2 3 0
0 0 2 -1 1 -2 2 -2 0 1 4 1
0 0 2 -1 1 -2 2 -2 0 2 3 0
0 0 2 -1 1 2 0 -1 -2 1 4 0
0 0 2 -1 1 2 0 -1 -2 2 3 0
0 0 2 -1 1 2 0 -2 -1 1 4 0
0 0 2 -1 1 2 0 -2 -1 2 3 0
0 0 2 -1 1 2 0 -2 -2 1 4 0
0 0 2 -1 1 2 0 -2 -2 2 3 0
0 0 2 -1 1 2 -1 0 -2 1 4 0
0 0 2 -1 1 2 -1 0 -2 2 3 0
0 0 2 -1 1 2 -1 -2 0 1 4 0
0 0 2 -1 1 2 -1 -2 0 2 7 8
0 0 2 -1 1 2 -2 0 -1 1 4 0
0 0 2 -1 1 2 -2 0 -1 2 3 0
0 0 2 -1 1 2 -2 0 -2 1 4 0
0 0 2 -1 1 2 -2 0 -2 2 3 0
0 0 2 -1 1 2 -2 -1 0 1 4 0
0 0 2 -1 1 2 -2 -1 0 2 7 8
0 0 2 -1 1 2 -2 -2 0 1 4 0
0 0 2 -1 1 2 -2 -2 0 2 7 8
0 0 2 -1 -2 0 -1 1 1 1 8 5
0 0 2 -1 -2 0 -1 1 1 2 4 5
0 0 2 -1 -2 0 -1 1 2 1 8 5
0 0 2 -1 -2 0 -1 1 2 2 4 5
0 0 2 -1 -2 0 -1 2 1 1 2 1
0 0 2 -1 -2 0 -1 2 1 2 3 0
0 0 2 -1 -2 0 1 -1 1 1 2 1
0 0 2 -1 -2 0 1 -1 1 2 3 0
0 0 2 -1 -2 0 1 -1 2 1 2 1
0 0 2 -1 -2 0 1 -1 2 2 3 0
0 0 2 -1 -2 0 1 1 -1 1 2 1
0 0 2 -1 -2 0 1 1 -1 2 3 0
0 0 2 -1 -2 0 1 1 -2 1 2 1
0 0 2 -1 -2 0 1 1 -2 2 3 0
0 0 2 -1 -2 0 1 -2 1 1 2 1
0 0 2 -1 -2 0 1 -2 1 2 3 0
0 0 2 -1 -2 0 1 -2 2 1 2 1
0 0 2 -1 -2 0 1 -2 2 2 3 0
0 0 2 -1 -2 0 1 2 -1 1 2 1
0 0 2 -1 -2 0 1 2 -1 2 3 0
0 0 2 -1 -2 0 1 2 -2 1 2 1
0 0 2 -1 -2 0 1 2 -2 2 3 0
0 0 2 -1 -2 0 -2 1 1 1 8 5
0 0 2 -1 -2 0 -2 1 1 2 3 0
0 0 2 -1 -2 0 -2 1 2 1 8 5
0 0 2 -1 -2 0 -2 1 2 2 3 0
0 0 2 -1 -2 0 -2 2 1 1 8 5
0 0 2 -1 -2 0 -2 2 1 2 3 0
0 0 2 -1 -2 0 -2 2 2 1 8 5
0 0 2 -1 -2 0 -2 2 2 2 3 0
0 0 2 -1 -2 0 2 -1 1 1 2 1
0 0 2 -1 -2 0 2 -1 1 2 3 0
0 0 2 -1 -2 0 2 1 -1 1 2 1
0 0 2 -1 -2 0 2 1 -1 2 3 0
0 0 2 -1 -2 0 2 1 -2 1 2 1
0 0 2 -1 -2 0 2 1 -2 2 3 0
0 0 2 -1 -2 0 2 -2 1 1 2 1
0 0 2 -1 -2 0 2 -2 1 2 3 0
0 0 2 -1 -2 0 2 -2 2 1 2 1
0 0 2 -1 -2 0 2 -2 2 2 3 0
0 0 2 -1 -2 0 2 2 -2 1 2 1
0 0 2 -1 -2 0 2 2 -2 2 3 0
0 0 2 -1 -2 -1 0 1 1 1 2 1
0 0 2 -1 -2 -1 0 1 1 2 3 0
0 0 2 -1 -2 -1 0 1 2 1 7 6
0 0 2 -1 -2 -1 0 1 2 2 3 0
0 0 2 -1 -2 -1 0 2 1 1 2 1
0 0 2 -1 -2 -1 0 2 1 2 3 0
0 0 2 -1 -2 -1 1 0 1 1 2 1
0 0 2 -1 -2 -1 1 0 1 2 3 0
0 0 2 -1 -2 -1 1 0 2 1 2 1
0 0 2 -1 -2 -1 1 0 2 2 3 0
0 0 2 -1 -2 -1 1 1 0 1 7 8
0 0 2 -1 -2 -1 1 1 0 2 5 8
0 0 2 -1 -2 -1 1 2 0 1 7 8
0 0 2 -1 -2 -1 1 2 0 2 5 8
0 0 2 -1 -2 -1 2 0 1 1 2 1
0 0 2 -1 -2 -1 2 0 1 2 3 0
0 0 2 -1 -2 -1 2 1 0 1 7 8
0 0 2 -1 -2 -1 2 1 0 2 5 8
0 0 2 -1 -2 1 0 -1 1 1 2 1
0 0 2 -1 -2 1 0 -1 1 2 3 0
0 0 2 -1 -2 1 0 -1 2 1 2 1
0 0 2 -1 -2 1 0 -1 2 2 3 0
0 0 2 -1 -2 1 0 1 -1 1 2 1
0 0 2 -1 -2 1 0 1 -1 2 3 0
0 0 2 -1 -2 1 0 1 -2 1 2 1
0 0 2 -1 -2 1 0 1 -2 2 3 0
0 0 2 -1 -2 1 0 -2 1 1 2 1
0 0 2 -1 -2 1 0 -2 1 2 3 0
0 0 2 -1 -2 1 0 -2 2 1 2 1
0 0 2 -1 -2 1 0 -2 2 2 3 0
0 0 2 -1 -2 1 0 2 -1 1 2 1
0 0 2 -1 -2 1 0 2 -1 2 3 0
0 0 2 -1 -2 1 0 2 -2 1 2 1
0 0 2 -1 -2 1 0 2 -2 2 3 0
0 0 2 -1 -2 1 -1 0 1 1 8 7
0 0 2 -1 -2 1 -1 0 1 2 6 7
0 0 2 -1 -2 1 -1 0 2 1 2 1
0 0 2 -1 -2 1 -1 0 2 2 6 7
0 0 2 -1 -2 1 -1 1 0 1 2 1
0 0 2 -1 -2 1 -1 1 0 2 3 0
0 0 2 -1 -2 1 -1 2 0 1 2 1
0 0 2 -1 -2 1 -1 2 0 2 3 0
0 0 2 -1 -2 1 1 0 -1 1 6 7
0 0 2 -1 -2 1 1 0 -1 2 3 0
0 0 2 -1 -2 1 1 0 -2 1 2 1
0 0 2 -1 -2 1 1 0 -2 2 3 0
0 0 2 -1 -2 1 1 -1 0 1 2 1
0 0 2 -1 -2 1 1 -1 0 2 7 8
0 0 2 -1 -2 1 1 -2 0 1 2 1
0 0 2 -1 -2 1 1 -2 0 2 3 0
0 0 2 -1 -2 1 -2 0 1 1 2 1
0 0 2 -1 -2 1 -2 0 1 2 3 0
0 0 2 -1 -2 1 -2 0 2 1 2 1
0 0 2 -1 -2 1 -2 0 2 2 3 0
0 0 2 -1 -2 1 -2 1 0 1 2 1
0 0 2 -1 -2 1 -2 1 0 2 3 0
0 0 2 -1 -2 1 -2 2 0 1 2 1
0 0 2 -1 -2 1 -2 2 0 2 3 0
0 0 2 -1 -2 1 2 0 -1 1 6 7
0 0 2 -1 -2 1 2 0 -1 2 3 0
0 0 2 -1 -2 1 2 0 -2 1 2 1
0 0 2 -1 -2 1 2 0 -2 2 3 0
0 0 2 -1 -2 1 2 -1 0 1 2 1
0 0 2 -1 -2 1 2 -1 0 2 7 8
0 0 2 -1 -2 1 2 -2 0 1 2 1
0 0 2 -1 -2 1 2 -2 0 2 3 0
0 0 2 -1 -2 -2 0 1 1 1 2 1
0 0 2 -1 -2 -2 0 1 1 2 3 0
0 0 2 -1 -2 -2 0 1 2 1 7 6
0 0 2 -1 -2 -2 0 1 2 2 3 0
0 0 2 -1 -2 -2 0 2 1 1 2 1
0 0 2 -1 -2 -2 0 2 1 2 3 0
0 0 2 -1 -2 -2 0 2 2 1 7 6
0 0 2 -1 -2 -2 0 2 2 2 3 0
0 0 2 -1 -2 -2 1 0 1 1 2 1
0 0 2 -1 -2 -2 1 0 1 2 3 0
0 0 2 -1 -2 -2 1 0 2 1 2 1
0 0 2 -1 -2 -2 1 0 2 2 3 0
0 0 2 -1 -2 -2 1 1 0 1 7 8
0 0 2 -1 -2 -2 1 1 0 2 5 8
0 0 2 -1 -2 -2 1 2 0 1 7 8
0 0 2 -1 -2 -2 1 2 0 2 5 8
0 0 2 -1 -2 -2 2 0 1 1 2 1
0 0 2 -1 -2 -2 2 0 1 2 3 0
0 0 2 -1 -2 -2 2 0 2 1 2 1
0 0 2 -1 -2 -2 2 0 2 2 3 0
0 0 2 -1 -2 -2 2 1 0 1 7 8
0 0 2 -1 -2 -2 2 1 0 2 5 8
0 0 2 -1 -2 -2 2 2 0 1 7 8
0 0 2 -1 -2 -2 2 2 0 2 5 8
0 0 2 -1 -2 2 0 -1 1 1 2 1
0 0 2 -1 -2 2 0 -1 1 2 3 0
0 0 2 -1 -2 2 0 1 -1 1 2 1
0 0 2 -1 -2 2 0 1 -1 2 3 0
0 0 2 -1 -2 2 0 1 -2 1 2 1
0 0 2 -1 -2 2 0 1 -2 2 3 0
0 0 2 -1 -2 2 0 -2 1 1 2 1
0 0 2 -1 -2 2 0 -2 1 2 3 0
0 0 2 -1 -2 2 0 2 -2 1 2 1
0 0 2 -1 -2 2 0 2 -2 2 3 0
0 0 2 -1 -2 2 -1 0 1 1 8 7
0 0 2 -1 -2 2 -1 0 1 2 6 7
0 0 2 -1 -2 2 -1 1 0 1 7 8
0 0 2 -1 -2 2 -1 1 0 2 3 0
0 0 2 -1 -2 2 1 0 -1 1 6 7
0 0 2 -1 -2 2 1 0 -1 2 3 0
0 0 2 -1 -2 2 1 0 -2 1 2 1
0 0 2 -1 -2 2 1 0 -2 2 3 0
0 0 2 -1 -2 2 1 -1 0 1 2 1
0 0 2 -1 -2 2 1 -1 0 2 7 8
0 0 2 -1 -2 2 1 -2 0 1 2 1
0 0 2 -1 -2 2 1 -2 0 2 3 0
0 0 2 -1 -2 2 -2 0 1 1 8 7
0 0 2 -1 -2 2 -2 0 1 2 3 0
0 0 2 -1 -2 2 -2 1 0 1 7 8
0 0 2 -1 -2 2 -2 1 0 2 3 0
0 0 2 -1 -2 2 -2 2 0 1 7 8
0 0 2 -1 -2 2 -2 2 0 2 3 0
0 0 2 -1 -2 2 2 0 -2 1 2 1
0 0 2 -1 -2 2 2 0 -2 2 3 0
0 0 2 -1 -2 2 2 -2 0 1 2 1
0 0 2 -1 -2 2 2 -2 0 2 3 0
0 0 2 -1 2 0 -1 1 -2 1 2 1
0 0 2 -1 2 0 -1 1 -2 2 3 0
0 0 2 -1 2 0 -1 -2 1 1 4 0
0 0 2 -1 2 0 -1 -2 1 2 3 0
0 0 2 -1 2 0 1 -1 -2 1 2 1
0 0 2 -1 2 0 1 -1 -2 2 3 0
0 0 2 -1 2 0 1 -2 -1 1 2 1
0 0 2 -1 2 0 1 -2 -1 2 3 0
0 0 2 -1 2 0 1 -2 -2 1 2 1
0 0 2 -1 2 0 1 -2 -2 2 3 0
0 0 2 -1 2 0 -2 -1 1 1 2 1
0 0 2 -1 2 0 -2 -1 1 2 3 0
0 0 2 -1 2 0 -2 1 -1 1 2 1
0 0 2 -1 2 0 -2 1 -1 2 3 0
0 0 2 -1 2 0 -2 1 -2 1 2 1
0 0 2 -1 2 0 -2 1 -2 2 3 0
0 0 2 -1 2 0 -2 -2 1 1 4 0
0 0 2 -1 2 0 -2 -2 1 2 3 0
0 0 2 -1 2 0 -2 -2 2 1 2 1
0 0 2 -1 2 0 -2 -2 2 2 3 0
0 0 2 -1 2 0 -2 2 -2 1 2 1
0 0 2 -1 2 0 -2 2 -2 2 3 0
0 0 2 -1 2 -1 0 1 -2 1 7 6
0 0 2 -1 2 -1 0 1 -2 2 3 0
0 0 2 -1 2 -1 0 -2 1 1 4 0
0 0 2 -1 2 -1 0 -2 1 2 3 0
0 0 2 -1 2 -1 1 0 -2 1 6 7
0 0 2 -1 2 -1 1 0 -2 2 8 7
0 0 2 -1 2 -1 1 -2 0 1 4 0
0 0 2 -1 2 -1 1 -2 0 2 3 0
0 0 2 -1 2 -1 -2 0 1 1 8 7
0 0 2 -1 2 -1 -2 0 1 2 3 0
0 0 2 -1 2 -1 -2 1 0 1 4 0
0 0 2 -1 2 -1 -2 1 0 2 3 0
0 0 2 -1 2 1 0 -1 -2 1 4 0
0 0 2 -1 2 1 0 -1 -2 2 3 0
0 0 2 -1 2 1 0 -2 -1 1 4 0
0 0 2 -1 2 1 0 -2 -1 2 3 0
0 0 2 -1 2 1 0 -2 -2 1 4 0
0 0 2 -1 2 1 0 -2 -2 2 3 0
0 0 2 -1 2 1 -1 0 -2 1 4 0
0 0 2 -1 2 1 -1 0 -2 2 3 0
0 0 2 -1 2 1 -1 -2 0 1 4 0
0 0 2 -1 2 1 -1 -2 0 2 7 8
0 0 2 -1 2 1 -2 0 -1 1 4 0
0 0 2 -1 2 1 -2 0 -1 2 3 0
0 0 2 -1 2 1 -2 0 -2 1 4 0
0 0 2 -1 2 1 -2 0 -2 2 3 0
0 0 2 -1 2 1 -2 -1 0 1 4 0
0 0 2 -1 2 1 -2 -1 0 2 7 8
0 0 2 -1 2 1 -2 -2 0 1 4 0
0 0 2 -1 2 1 -2 -2 0 2 7 8
0 0 2 -1 2 -2 0 -1 1 1 2 1
0 0 2 -1 2 -2 0 -1 1 2 3 0
0 0 2 -1 2 -2 0 1 -1 1 7 6
0 0 2 -1 2 -2 0 1 -1 2 3 0
0 0 2 -1 2 -2 0 1 -2 1 7 6
0 0 2 -1 2 -2 0 1 -2 2 3 0
0 0 2 -1 2 -2 0 -2 1 1 4 0
0 0 2 -1 2 -2 0 -2 1 2 3 0
0 0 2 -1 2 -2 0 -2 2 1 4 0
0 0 2 -1 2 -2 0 -2 2 2 3 0
0 0 2 -1 2 -2 0 2 -2 1 2 1
0 0 2 -1 2 -2 0 2 -2 2 3 0
0 0 2 -1 2 -2 -1 0 1 1 8 7
0 0 2 -1 2 -2 -1 0 1 2 3 0
0 0 2 -1 2 -2 -1 1 0 1 2 1
0 0 2 -1 2 -2 -1 1 0 2 3 0
0 0 2 -1 2 -2 1 0 -1 1 6 7
0 0 2 -1 2 -2 1 0 -1 2 8 7
0 0 2 -1 2 -2 1 0 -2 1 6 7
0 0 2 -1 2 -2 1 0 -2 2 8 7
0 0 2 -1 2 -2 1 -1 0 1 2 1
0 0 2 -1 2 -2 1 -1 0 2 3 0
0 0 2 -1 2 -2 1 -2 0 1 4 0
0 0 2 -1 2 -2 1 -2 0 2 3 0
0 0 2 -1 2 -2 -2 0 1 1 8 7
0 0 2 -1 2 -2 -2 0 1 2 3 0
0 0 2 -1 2 -2 -2 0 2 1 2 1
0 0 2 -1 2 -2 -2 0 2 2 3 0
0 0 2 -1 2 -2 -2 1 0 1 2 1
0 0 2 -1 2 -2 -2 1 0 2 3 0
0 0 2 -1 2 -2 -2 2 0 1 2 1
0 0 2 -1 2 -2 -2 2 0 2 3 0
0 0 2 -1 2 2 0 -2 -2 1 4 0
0 0 2 -1 2 2 0 -2 -2 2 3 0
0 0 2 -1 2 2 -2 0 -2 1 4 0
0 0 2 -1 2 2 -2 0 -2 2 3 0
0 0 2 -1 2 2 -2 -2 0 1 4 0
0 0 2 -1 2 2 -2 -2 0 2 7 8
0 0 2 1 0 -1 -1 -1 1 1 8 4
0 0 2 1 0 -1 -1 -1 1 2 5 4
0 0 2 1 0 -1 -1 1 -1 1 3 4
0 0 2 1 0 -1 -1 1 -1 2 5 4
0 0 2 1 0 -1 -1 1 -2 1 3 4
0 0 2 1 0 -1 -1 1 -2 2 5 4
0 0 2 1 0 -1 -1 -2 1 1 8 4
0 0 2 1 0 -1 -1 -2 1 2 5 4
0 0 2 1 0 -1 -1 -2 2 1 2 4
0 0 2 1 0 -1 -1 -2 2 2 7 4
0 0 2 1 0 -1 -1 2 -2 1 3 4
0 0 2 1 0 -1 -1 2 -2 2 8 4
0 0 2 1 0 -1 1 -1 -1 1 3 4
0 0 2 1 0 -1 1 -1 -1 2 5 4
0 0 2 1 0 -1 1 -1 -2 1 3 4
0 0 2 1 0 -1 1 -1 -2 2 5 4
0 0 2 1 0 -1 1 -2 -1 1 3 4
0 0 2 1 0 -1 1 -2 -1 2 5 4
0 0 2 1 0 -1 1 -2 -2 1 3 4
0 0 2 1 0 -1 1 -2 -2 2 5 4
0 0 2 1 0 -1 -2 -1 1 1 8 4
0 0 2 1 0 -1 -2 -1 1 2 5 4
0 0 2 1 0 -1 -2 -1 2 1 2 4
0 0 2 1 0 -1 -2 -1 2 2 7 4
0 0 2 1 0 -1 -2 1 -1 1 3 4
0 0 2 1 0 -1 -2 1 -1 2 5 4
0 0 2 1 0 -1 -2 1 -2 1 3 4
0 0 2 1 0 -1 -2 1 -2 2 5 4
0 0 2 1 0 -1 -2 -2 1 1 8 4
0 0 2 1 0 -1 -2 -2 1 2 5 4
0 0 2 1 0 -1 -2 -2 2 1 2 4
0 0 2 1 0 -1 -2 -2 2 2 7 4
0 0 2 1 0 -1 -2 2 -1 1 3 4
0 0 2 1 0 -1 -2 2 -1 2 5 4
0 0 2 1 0 -1 -2 2 -2 1 3 4
0 0 2 1 0 -1 -2 2 -2 2 5 4
0 0 2 1 0 -1 2 -1 -2 1 2 4
0 0 2 1 0 -1 2 -1 -2 2 5 4
0 0 2 1 0 -1 2 -2 -1 1 2 4
0 0 2 1 0 -1 2 -2 -1 2 5 4
0 0 2 1 0 -1 2 -2 -2 1 2 4
0 0 2 1 0 -1 2 -2 -2 2 5 4
0 0 2 1 0 1 -1 -1 -1 1 2 4
0 0 2 1 0 1 -1 -1 -1 2 6 4
0 0 2 1 0 1 -1 -1 -2 1 2 4
0 0 2 1 0 1 -1 -1 -2 2 6 4
0 0 2 1 0 1 -1 -2 -1 1 2 4
0 0 2 1 0 1 -1 -2 -1 2 6 4
0 0 2 1 0 1 -1 -2 -2 1 2 4
0 0 2 1 0 1 -1 -2 -2 2 6 4
0 0 2 1 0 1 -2 -1 -1 1 2 4
0 0 2 1 0 1 -2 -1 -1 2 6 4
0 0 2 1 0 1 -2 -1 -2 1 2 4
0 0 2 1 0 1 -2 -1 -2 2 6 4
0 0 2 1 0 1 -2 -2 -1 1 2 4
0 0 2 1 0 1 -2 -2 -1 2 6 4
0 0 2 1 0 -2 -1 -1 1 1 8 4
0 0 2 1 0 -2 -1 -1 1 2 5 4
0 0 2 1 0 -2 -1 -1 2 1 2 4
0 0 2 1 0 -2 -1 -1 2 2 6 4
0 0 2 1 0 -2 -1 1 -1 1 3 4
0 0 2 1 0 -2 -1 1 -1 2 5 4
0 0 2 1 0 -2 -1 1 -2 1 3 4
0 0 2 1 0 -2 -1 1 -2 2 5 4
0 0 2 1 0 -2 -1 -2 1 1 8 4
0 0 2 1 0 -2 -1 -2 1 2 5 4
0 0 2 1 0 -2 -1 -2 2 1 2 4
0 0 2 1 0 -2 -1 -2 2 2 6 4
0 0 2 1 0 -2 -1 2 -1 1 3 4
0 0 2 1 0 -2 -1 2 -1 2 8 4
0 0 2 1 0 -2 -1 2 -2 1 3 4
0 0 2 1 0 -2 -1 2 -2 2 8 4
0 0 2 1 0 -2 1 -1 -1 1 3 4
0 0 2 1 0 -2 1 -1 -1 2 5 4
0 0 2 1 0 -2 1 -1 -2 1 3 4
0 0 2 1 0 -2 1 -1 -2 2 5 4
0 0 2 1 0 -2 1 -2 -1 1 3 4
0 0 2 1 0 -2 1 -2 -1 2 5 4
0 0 2 1 0 -2 -2 -1 1 1 8 4
0 0 2 1 0 -2 -2 -1 1 2 5 4
0 0 2 1 0 -2 -2 -1 2 1 2 4
0 0 2 1 0 -2 -2 -1 2 2 6 4
0 0 2 1 0 -2 -2 1 -1 1 3 4
0 0 2 1 0 -2 -2 1 -1 2 5 4
0 0 2 1 0 -2 -2 -2 2 1 2 4
0 0 2 1 0 -2 -2 -2 2 2 6 4
0 0 2 1 0 -2 -2 2 -1 1 3 4
0 0 2 1 0 -2 -2 2 -1 2 5 4
0 0 2 1 0 -2 -2 2 -2 1 3 4
0 0 2 1 0 -2 -2 2 -2 2 5 4
0 0 2 1 0 -2 2 -1 -1 1 2 4
0 0 2 1 0 -2 2 -1 -1 2 5 4
0 0 2 1 0 -2 2 -1 -2 1 2 4
0 0 2 1 0 -2 2 -1 -2 2 5 4
0 0 2 1 0 -2 2 -2 -1 1 2 4
0 0 2 1 0 -2 2 -2 -1 2 5 4
0 0 2 1 0 -2 2 -2 -2 1 2 4
0 0 2 1 0 -2 2 -2 -2 2 5 4
0 0 2 1 0 2 -1 -1 -2 1 2 4
0 0 2 1 0 2 -1 -1 -2 2 6 4
0 0 2 1 0 2 -1 -2 -1 1 2 4
0 0 2 1 0 2 -1 -2 -1 2 6 4
0 0 2 1 0 2 -1 -2 -2 1 2 4
0 0 2 1 0 2 -1 -2 -2 2 6 4
0 0 2 1 0 2 -2 -1 -1 1 2 4
0 0 2 1 0 2 -2 -1 -1 2 6 4
0 0 2 1 0 2 -2 -1 -2 1 2 4
0 0 2 1 0 2 -2 -1 -2 2 6 4
0 0 2 1 0 2 -2 -2 -1 1 2 4
0 0 2 1 0 2 -2 -2 -1 2 6 4
0 0 2 1 0 2 -2 -2 -2 1 2 4
0 0 2 1 0 2 -2 -2 -2 2 6 4
0 0 2 1 -1 0 -1 -1 1 1 2 1
0 0 2 1 -1 0 -1 -1 1 2 4 0
0 0 2 1 -1 0 -1 1 -1 1 2 1
0 0 2 1 -1 0 -1 1 -1 2 4 0
0 0 2 1 -1 0 -1 1 -2 1 2 1
0 0 2 1 -1 0 -1 1 -2 2 4 0
0 0 2 1 -1 0 -1 -2 1 1 2 1
0 0 2 1 -1 0 -1 -2 1 2 4 1
0 0 2 1 -1 0 -1 -2 2 1 2 1
0 0 2 1 -1 0 -1 -2 2 2 4 0
0 0 2 1 -1 0 -1 2 -2 1 2 1
0 0 2 1 -1 0 -1 2 -2 2 4 0
0 0 2 1 -1 0 1 -1 -1 1 2 5
0 0 2 1 -1 0 1 -1 -1 2 4 0
0 0 2 1 -1 0 1 -1 -2 1 2 5
0 0 2 1 -1 0 1 -1 -2 2 4 0
0 0 2 1 -1 0 1 -2 -1 1 2 5
0 0 2 1 -1 0 1 -2 -1 2 4 0
0 0 2 1 -1 0 1 -2 -2 1 2 5
0 0 2 1 -1 0 1 -2 -2 2 4 0
0 0 2 1 -1 0 -2 -1 1 1 2 1
0 0 2 1 -1 0 -2 -1 1 2 4 0
0 0 2 1 -1 0 -2 -1 2 1 2 1
0 0 2 1 -1 0 -2 -1 2 2 4 0
0 0 2 1 -1 0 -2 1 -1 1 2 1
0 0 2 1 -1 0 -2 1 -1 2 4 0
0 0 2 1 -1 0 -2 1 -2 1 2 1
0 0 2 1 -1 0 -2 1 -2 2 4 0
0 0 2 1 -1 0 -2 -2 1 1 2 1
0 0 2 1 -1 0 -2 -2 1 2 4 1
0 0 2 1 -1 0 -2 -2 2 1 2 1
0 0 2 1 -1 0 -2 -2 2 2 4 0
0 0 2 1 -1 0 -2 2 -1 1 2 1
0 0 2 1 -1 0 -2 2 -1 2 4 0
0 0 2 1 -1 0 -2 2 -2 1 2 1
0 0 2 1 -1 0 -2 2 -2 2 4 0
0 0 2 1 -1 0 2 -1 -2 1 3 0
0 0 2 1 -1 0 2 -1 -2 2 4 0
0 0 2 1 -1 0 2 -2 -1 1 3 0
0 0 2 1 -1 0 2 -2 -1 2 4 0
0 0 2 1 -1 0 2 -2 -2 1 3 0
0 0 2 1 -1 0 2 -2 -2 2 4 0
0 0 2 1 -1 -1 0 -1 1 1 2 1
0 0 2 1 -1 -1 0 -1 1 2 4 0
0 0 2 1 -1 -1 0 1 -1 1 3 0
0 0 2 1 -1 -1 0 1 -1 2 4 0
0 0 2 1 -1 -1 0 1 -2 1 3 0
0 0 2 1 -1 -1 0 1 -2 2 4 0
0 0 2 1 -1 -1 0 -2 1 1 3 0
0 0 2 1 -1 -1 0 -2 1 2 4 0
0 0 2 1 -1 -1 0 -2 2 1 3 0
0 0 2 1 -1 -1 0 -2 2 2 4 0
0 0 2 1 -1 -1 0 2 -2 1 3 0
0 0 2 1 -1 -1 0 2 -2 2 4 0
0 0 2 1 -1 -1 -1 0 1 1 2 1
0 0 2 1 -1 -1 -1 0 1 2 4 0
0 0 2 1 -1 -1 -1 1 0 1 2 1
0 0 2 1 -1 -1 -1 1 0 2 4 0
0 0 2 1 -1 -1 1 0 -1 1 6 7
0 0 2 1 -1 -1 1 0 -1 2 4 0
0 0 2 1 -1 -1 1 0 -2 1 6 7
0 0 2 1 -1 -1 1 0 -2 2 4 0
0 0 2 1 -1 -1 1 -1 0 1 3 0
0 0 2 1 -1 -1 1 -1 0 2 4 0
0 0 2 1 -1 -1 1 -2 0 1 3 0
0 0 2 1 -1 -1 1 -2 0 2 4 0
0 0 2 1 -1 -1 -2 0 1 1 2 1
0 0 2 1 -1 -1 -2 0 1 2 4 0
0 0 2 1 -1 -1 -2 0 2 1 2 1
0 0 2 1 -1 -1 -2 0 2 2 4 0
0 0 2 1 -1 -1 -2 1 0 1 2 1
0 0 2 1 -1 -1 -2 1 0 2 4 0
0 0 2 1 -1 -1 -2 2 0 1 2 1
0 0 2 1 -1 -1 -2 2 0 2 4 0
0 0 2 1 -1 -1 2 0 -2 1 3 0
0 0 2 1 -1 -1 2 0 -2 2 4 0
0 0 2 1 -1 -1 2 -2 0 1 3 0
0 0 2 1 -1 -1 2 -2 0 2 5 8
0 0 2 1 -1 1 0 -1 -1 1 2 1
0 0 2 1 -1 1 0 -1 -1 2 4 0
0 0 2 1 -1 1 0 -1 -2 1 2 1
0 0 2 1 -1 1 0 -1 -2 2 4 0
0 0 2 1 -1 1 0 -2 -1 1 2 1
0 0 2 1 -1 1 0 -2 -1 2 4 0
0 0 2 1 -1 1 0 -2 -2 1 2 1
0 0 2 1 -1 1 0 -2 -2 2 4 0
0 0 2 1 -1 1 -1 0 -1 1 3 0
0 0 2 1 -1 1 -1 0 -1 2 4 0
0 0 2 1 -1 1 -1 0 -2 1 2 1
0 0 2 1 -1 1 -1 0 -2 2 4 0
0 0 2 1 -1 1 -1 -1 0 1 5 8
0 0 2 1 -1 1 -1 -1 0 2 4 0
0 0 2 1 -1 1 -1 -2 0 1 5 8
0 0 2 1 -1 1 -1 -2 0 2 4 1
0 0 2 1 -1 1 -2 0 -1 1 3 0
0 0 2 1 -1 1 -2 0 -1 2 4 0
0 0 2 1 -1 1 -2 0 -2 1 2 1
0 0 2 1 -1 1 -2 0 -2 2 4 0
0 0 2 1 -1 1 -2 -1 0 1 5 8
0 0 2 1 -1 1 -2 -1 0 2 4 0
0 0 2 1 -1 1 -2 -2 0 1 5 8
0 0 2 1 -1 1 -2 -2 0 2 4 1
0 0 2 1 -1 -2 0 -1 1 1 2 1
0 0 2 1 -1 -2 0 -1 1 2 4 0
0 0 2 1 -1 -2 0 -1 2 1 3 0
0 0 2 1 -1 -2 0 -1 2 2 4 0
0 0 2 1 -1 -2 0 1 -1 1 3 0
0 0 2 1 -1 -2 0 1 -1 2 4 0
0 0 2 1 -1 -2 0 1 -2 1 3 0
0 0 2 1 -1 -2 0 1 -2 2 4 0
0 0 2 1 -1 -2 0 -2 1 1 3 0
0 0 2 1 -1 -2 0 -2 1 2 4 0
0 0 2 1 -1 -2 0 -2 2 1 3 0
0 0 2 1 -1 -2 0 -2 2 2 4 0
0 0 2 1 -1 -2 0 2 -1 1 2 1
0 0 2 1 -1 -2 0 2 -1 2 4 0
0 0 2 1 -1 -2 0 2 -2 1 3 0
0 0 2 1 -1 -2 0 2 -2 2 4 0
0 0 2 1 -1 -2 -1 0 1 1 2 1
0 0 2 1 -1 -2 -1 0 1 2 4 0
0 0 2 1 -1 -2 -1 0 2 1 2 1
0 0 2 1 -1 -2 -1 0 2 2 4 0
0 0 2 1 -1 -2 -1 1 0 1 2 1
0 0 2 1 -1 -2 -1 1 0 2 4 0
0 0 2 1 -1 -2 -1 2 0 1 2 1
0 0 2 1 -1 -2 -1 2 0 2 4 0
0 0 2 1 -1 -2 1 0 -1 1 6 7
0 0 2 1 -1 -2 1 0 -1 2 4 0
0 0 2 1 -1 -2 1 0 -2 1 6 7
0 0 2 1 -1 -2 1 0 -2 2 4 0
0 0 2 1 -1 -2 1 -1 0 1 3 0
0 0 2 1 -1 -2 1 -1 0 2 4 0
0 0 2 1 -1 -2 1 -2 0 1 3 0
0 0 2 1 -1 -2 1 -2 0 2 4 0
0 0 2 1 -1 -2 -2 0 1 1 3 0
0 0 2 1 -1 -2 -2 0 1 2 4 0
0 0 2 1 -1 -2 -2 0 2 1 2 1
0 0 2 1 -1 -2 -2 0 2 2 4 0
0 0 2 1 -1 -2 -2 1 0 1 3 0
0 0 2 1 -1 -2 -2 1 0 2 4 0
0 0 2 1 -1 -2 -2 2 0 1 2 1
0 0 2 1 -1 -2 -2 2 0 2 4 0
0 0 2 1 -1 -2 2 0 -1 1 3 0
0 0 2 1 -1 -2 2 0 -1 2 4 0
0 0 2 1 -1 -2 2 0 -2 1 3 0
0 0 2 1 -1 -2 2 0 -2 2 4 0
0 0 2 1 -1 -2 2 -1 0 1 3 0
0 0 2 1 -1 -2 2 -1 0 2 5 8
0 0 2 1 -1 -2 2 -2 0 1 3 0
0 0 2 1 -1 -2 2 -2 0 2 5 8
0 0 2 1 -1 2 0 -1 -2 1 2 1
0 0 2 1 -1 2 0 -1 -2 2 4 0
0 0 2 1 -1 2 0 -2 -1 1 2 1
0 0 2 1 -1 2 0 -2 -1 2 4 0
0 0 2 1 -1 2 0 -2 -2 1 2 1
0 0 2 1 -1 2 0 -2 -2 2 4 0
0 0 2 1 -1 2 -1 0 -2 1 3 0
0 0 2 1 -1 2 -1 0 -2 2 4 0
0 0 2 1 -1 2 -1 -2 0 1 5 8
0 0 2 1 -1 2 -1 -2 0 2 4 1
0 0 2 1 -1 2 -2 0 -1 1 3 0
0 0 2 1 -1 2 -2 0 -1 2 4 0
0 0 2 1 -1 2 -2 0 -2 1 3 0
0 0 2 1 -1 2 -2 0 -2 2 4 0
0 0 2 1 -1 2 -2 -1 0 1 5 8
0 0 2 1 -1 2 -2 -1 0 2 4 0
0 0 2 1 -1 2 -2 -2 0 1 5 8
0 0 2 1 -1 2 -2 -2 0 2 4 1
0 0 2 1 1 0 -1 -1 -1 1 2 5
0 0 2 1 1 0 -1 -1 -1 2 8 5
0 0 2 1 1 0 -1 -1 -2 1 2 5
0 0 2 1 1 0 -1 -1 -2 2 8 5
0 0 2 1 1 0 -1 -2 -1 1 2 5
0 0 2 1 1 0 -1 -2 -1 2 8 5
0 0 2 1 1 0 -1 -2 -2 1 2 5
0 0 2 1 1 0 -1 -2 -2 2 8 5
0 0 2 1 1 0 -2 -1 -1 1 2 5
0 0 2 1 1 0 -2 -1 -1 2 8 5
0 0 2 1 1 0 -2 -1 -2 1 2 5
0 0 2 1 1 0 -2 -1 -2 2 8 5
0 0 2 1 1 0 -2 -2 -1 1 2 5
0 0 2 1 1 0 -2 -2 -1 2 8 5
0 0 2 1 1 -1 0 -1 -1 1 3 0
0 0 2 1 1 -1 0 -1 -1 2 7 6
0 0 2 1 1 -1 0 -1 -2 1 3 0
0 0 2 1 1 -1 0 -1 -2 2 7 6
0 0 2 1 1 -1 0 -2 -1 1 3 0
0 0 2 1 1 -1 0 -2 -1 2 7 6
0 0 2 1 1 -1 0 -2 -2 1 3 0
0 0 2 1 1 -1 0 -2 -2 2 7 6
0 0 2 1 1 -1 -1 0 -1 1 3 0
0 0 2 1 1 -1 -1 0 -1 2 6 7
0 0 2 1 1 -1 -1 0 -2 1 3 0
0 0 2 1 1 -1 -1 0 -2 2 6 7
0 0 2 1 1 -1 -1 -1 0 1 3 0
0 0 2 1 1 -1 -1 -1 0 2 7 8
0 0 2 1 1 -1 -1 -2 0 1 3 0
0 0 2 1 1 -1 -1 -2 0 2 7 8
0 0 2 1 1 -1 -2 0 -1 1 3 0
0 0 2 1 1 -1 -2 0 -1 2 6 7
0 0 2 1 1 -1 -2 0 -2 1 3 0
0 0 2 1 1 -1 -2 0 -2 2 6 7
0 0 2 1 1 -1 -2 -1 0 1 3 0
0 0 2 1 1 -1 -2 -1 0 2 7 8
0 0 2 1 1 -1 -2 -2 0 1 3 0
0 0 2 1 1 -1 -2 -2 0 2 7 8
0 0 2 1 1 -2 0 -1 -1 1 3 0
0 0 2 1 1 -2 0 -1 -1 2 7 6
0 0 2 1 1 -2 0 -1 -2 1 3 0
0 0 2 1 1 -2 0 -1 -2 2 7 6
0 0 2 1 1 -2 0 -2 -1 1 3 0
0 0 2 1 1 -2 0 -2 -1 2 7 6
0 0 2 1 1 -2 -1 0 -1 1 3 0
0 0 2 1 1 -2 -1 0 -1 2 6 7
0 0 2 1 1 -2 -1 0 -2 1 3 0
0 0 2 1 1 -2 -1 0 -2 2 6 7
0 0 2 1 1 -2 -1 -1 0 1 3 0
0 0 2 1 1 -2 -1 -1 0 2 7 8
0 0 2 1 1 -2 -1 -2 0 1 3 0
0 0 2 1 1 -2 -1 -2 0 2 7 8
0 0 2 1 1 -2 -2 0 -1 1 3 0
0 0 2 1 1 -2 -2 0 -1 2 6 7
0 0 2 1 1 -2 -2 -1 0 1 3 0
0 0 2 1 1 -2 -2 -1 0 2 7 8
0 0 2 1 -2 0 -1 -1 1 1 2 1
0 0 2 1 -2 0 -1 -1 1 2 4 0
0 0 2 1 -2 0 -1 -1 2 1 2 1
0 0 2 1 -2 0 -1 -1 2 2 4 0
0 0 2 1 -2 0 -1 1 -1 1 2 1
0 0 2 1 -2 0 -1 1 -1 2 4 0
0 0 2 1 -2 0 -1 1 -2 1 2 1
0 0 2 1 -2 0 -1 1 -2 2 4 0
0 0 2 1 -2 0 -1 -2 1 1 2 1
0 0 2 1 -2 0 -1 -2 1 2 4 1
0 0 2 1 -2 0 -1 -2 2 1 2 1
0 0 2 1 -2 0 -1 -2 2 2 4 0
0 0 2 1 -2 0 -1 2 -1 1 2 1
0 0 2 1 -2 0 -1 2 -1 2 4 1
0 0 2 1 -2 0 -1 2 -2 1 2 1
0 0 2 1 -2 0 -1 2 -2 2 4 0
0 0 2 1 -2 0 1 -1 -1 1 2 5
0 0 2 1 -2 0 1 -1 -1 2 4 0
0 0 2 1 -2 0 1 -1 -2 1 2 5
0 0 2 1 -2 0 1 -1 -2 2 4 0
0 0 2 1 -2 0 1 -2 -1 1 2 5
0 0 2 1 -2 0 1 -2 -1 2 4 0
0 0 2 1 -2 0 -2 -1 1 1 2 1
0 0 2 1 -2 0 -2 -1 1 2 4 0
0 0 2 1 -2 0 -2 -1 2 1 2 1
0 0 2 1 -2 0 -2 -1 2 2 4 0
0 0 2 1 -2 0 -2 1 -1 1 2 5
0 0 2 1 -2 0 -2 1 -1 2 4 0
0 0 2 1 -2 0 -2 -2 2 1 2 1
0 0 2 1 -2 0 -2 -2 2 2 4 0
0 0 2 1 -2 0 -2 2 -1 1 2 1
0 0 2 1 -2 0 -2 2 -1 2 4 0
0 0 2 1 -2 0 -2 2 -2 1 2 1
0 0 2 1 -2 0 -2 2 -2 2 4 0
0 0 2 1 -2 0 2 -1 -1 1 3 0
0 0 2 1 -2 0 2 -1 -1 2 4 0
0 0 2 1 -2 0 2 -1 -2 1 3 0
0 0 2 1 -2 0 2 -1 -2 2 4 0
0 0 2 1 -2 0 2 -2 -1 1 3 0
0 0 2 1 -2 0 2 -2 -1 2 4 0
0 0 2 1 -2 0 2 -2 -2 1 3 0
0 0 2 1 -2 0 2 -2 -2 2 4 0
0 0 2 1 -2 -1 0 -1 1 1 3 0
0 0 2 1 -2 -1 0 -1 1 2 4 0
0 0 2 1 -2 -1 0 -1 2 1 3 0
0 0 2 1 -2 -1 0 -1 2 2 4 0
0 0 2 1 -2 -1 0 1 -1 1 3 0
0 0 2 1 -2 -1 0 1 -1 2 4 0
0 0 2 1 -2 -1 0 1 -2 1 3 0
0 0 2 1 -2 -1 0 1 -2 2 4 0
0 0 2 1 -2 -1 0 -2 1 1 3 0
0 0 2 1 -2 -1 0 -2 1 2 4 0
0 0 2 1 -2 -1 0 -2 2 1 3 0
0 0 2 1 -2 -1 0 -2 2 2 4 0
0 0 2 1 -2 -1 0 2 -1 1 2 1
0 0 2 1 -2 -1 0 2 -1 2 4 0
0 0 2 1 -2 -1 0 2 -2 1 3 0
0 0 2 1 -2 -1 0 2 -2 2 4 0
0 0 2 1 -2 -1 -1 0 1 1 3 0
0 0 2 1 -2 -1 -1 0 1 2 4 0
0 0 2 1 -2 -1 -1 0 2 1 3 0
0 0 2 1 -2 -1 -1 0 2 2 4 0
0 0 2 1 -2 -1 -1 1 0 1 2 1
0 0 2 1 -2 -1 -1 1 0 2 4 0
0 0 2 1 -2 -1 -1 2 0 1 2 1
0 0 2 1 -2 -1 -1 2 0 2 4 0
0 0 2 1 -2 -1 1 0 -1 1 6 7
0 0 2 1 -2 -1 1 0 -1 2 4 0
0 0 2 1 -2 -1 1 0 -2 1 6 7
0 0 2 1 -2 -1 1 0 -2 2 4 0
0 0 2 1 -2 -1 1 -1 0 1 3 0
0 0 2 1 -2 -1 1 -1 0 2 4 0
0 0 2 1 -2 -1 1 -2 0 1 3 0
0 0 2 1 -2 -1 1 -2 0 2 4 0
0 0 2 1 -2 -1 -2 0 1 1 3 0
0 0 2 1 -2 -1 -2 0 1 2 4 0
0 0 2 1 -2 -1 -2 0 2 1 3 0
0 0 2 1 -2 -1 -2 0 2 2 4 0
0 0 2 1 -2 -1 -2 1 0 1 3 0
0 0 2 1 -2 -1 -2 1 0 2 4 0
0 0 2 1 -2 -1 -2 2 0 1 3 0
0 0 2 1 -2 -1 -2 2 0 2 4 0
0 0 2 1 -2 -1 2 0 -1 1 3 0
0 0 2 1 -2 -1 2 0 -1 2 4 0
0 0 2 1 -2 -1 2 0 -2 1 3 0
0 0 2 1 -2 -1 2 0 -2 2 4 0
0 0 2 1 -2 -1 2 -1 0 1 3 0
0 0 2 1 -2 -1 2 -1 0 2 5 8
0 0 2 1 -2 -1 2 -2 0 1 3 0
0 0 2 1 -2 -1 2 -2 0 2 5 8
0 0 2 1 -2 1 0 -1 -1 1 2 1
0 0 2 1 -2 1 0 -1 -1 2 4 0
0 0 2 1 -2 1 0 -1 -2 1 2 1
0 0 2 1 -2 1 0 -1 -2 2 4 0
0 0 2 1 -2 1 0 -2 -1 1 2 1
0 0 2 1 -2 1 0 -2 -1 2 4 0
0 0 2 1 -2 1 -1 0 -1 1 3 0
0 0 2 1 -2 1 -1 0 -1 2 4 0
0 0 2 1 -2 1 -1 0 -2 1 2 1
0 0 2 1 -2 1 -1 0 -2 2 4 0
0 0 2 1 -2 1 -1 -1 0 1 5 8
0 0 2 1 -2 1 -1 -1 0 2 4 0
0 0 2 1 -2 1 -1 -2 0 1 5 8
0 0 2 1 -2 1 -1 -2 0 2 4 1
0 0 2 1 -2 1 -2 0 -1 1 3 0
0 0 2 1 -2 1 -2 0 -1 2 4 0
0 0 2 1 -2 1 -2 -1 0 1 5 8
0 0 2 1 -2 1 -2 -1 0 2 4 0
0 0 2 1 -2 -2 0 -1 1 1 3 0
0 0 2 1 -2 -2 0 -1 1 2 4 0
0 0 2 1 -2 -2 0 -1 2 1 3 0
0 0 2 1 -2 -2 0 -1 2 2 4 0
0 0 2 1 -2 -2 0 1 -1 1 3 0
0 0 2 1 -2 -2 0 1 -1 2 4 0
0 0 2 1 -2 -2 0 -2 2 1 3 0
0 0 2 1 -2 -2 0 -2 2 2 4 0
0 0 2 1 -2 -2 0 2 -1 1 2 1
0 0 2 1 -2 -2 0 2 -1 2 4 0
0 0 2 1 -2 -2 0 2 -2 1 3 0
0 0 2 1 -2 -2 0 2 -2 2 4 0
0 0 2 1 -2 -2 -1 0 1 1 3 0
0 0 2 1 -2 -2 -1 0 1 2 4 0
0 0 2 1 -2 -2 -1 0 2 1 3 0
0 0 2 1 -2 -2 -1 0 2 2 4 0
0 0 2 1 -2 -2 -1 1 0 1 2 1
0 0 2 1 -2 -2 -1 1 0 2 4 0
0 0 2 1 -2 -2 -1 2 0 1 2 1
0 0 2 1 -2 -2 -1 2 0 2 4 0
0 0 2 1 -2 -2 1 0 -1 1 6 7
0 0 2 1 -2 -2 1 0 -1 2 4 0
0 0 2 1 -2 -2 1 -1 0 1 3 0
0 0 2 1 -2 -2 1 -1 0 2 4 0
0 0 2 1 -2 -2 -2 0 2 1 3 0
0 0 2 1 -2 -2 -2 0 2 2 4 0
0 0 2 1 -2 -2 -2 2 0 1 3 0
0 0 2 1 -2 -2 -2 2 0 2 4 0
0 0 2 1 -2 -2 2 0 -1 1 3 0
0 0 2 1 -2 -2 2 0 -1 2 4 0
0 0 2 1 -2 -2 2 0 -2 1 3 0
0 0 2 1 -2 -2 2 0 -2 2 4 0
0 0 2 1 -2 -2 2 -1 0 1 3 0
0 0 2 1 -2 -2 2 -1 0 2 5 8
0 0 2 1 -2 -2 2 -2 0 1 3 0
0 0 2 1 -2 -2 2 -2 0 2 5 8
0 0 2 1 -2 2 0 -1 -1 1 2 1
0 0 2 1 -2 2 0 -1 -1 2 4 0
0 0 2 1 -2 2 0 -1 -2 1 2 1
0 0 2 1 -2 2 0 -1 -2 2 4 0
0 0 2 1 -2 2 0 -2 -1 1 2 1
0 0 2 1 -2 2 0 -2 -1 2 4 0
0 0 2 1 -2 2 0 -2 -2 1 2 1
0 0 2 1 -2 2 0 -2 -2 2 4 0
0 0 2 1 -2 2 -1 0 -1 1 3 0
0 0 2 1 -2 2 -1 0 -1 2 4 0
0 0 2 1 -2 2 -1 0 -2 1 3 0
0 0 2 1 -2 2 -1 0 -2 2 4 0
0 0 2 1 -2 2 -1 -1 0 1 5 8
0 0 2 1 -2 2 -1 -1 0 2 4 0
0 0 2 1 -2 2 -1 -2 0 1 5 8
0 0 2 1 -2 2 -1 -2 0 2 4 1
0 0 2 1 -2 2 -2 0 -1 1 3 0
0 0 2 1 -2 2 -2 0 -1 2 4 0
0 0 2 1 -2 2 -2 0 -2 1 3 0
0 0 2 1 -2 2 -2 0 -2 2 4 0
0 0 2 1 -2 2 -2 -1 0 1 5 8
0 0 2 1 -2 2 -2 -1 0 2 4 0
0 0 2 1 -2 2 -2 -2 0 1 5 8
0 0 2 1 -2 2 -2 -2 0 2 4 1
0 0 2 1 2 0 -1 -1 -2 1 2 5
0 0 2 1 2 0 -1 -1 -2 2 8 5
0 0 2 1 2 0 -1 -2 -1 1 2 5
0 0 2 1 2 0 -1 -2 -1 2 8 5
0 0 2 1 2 0 -1 -2 -2 1 2 5
0 0 2 1 2 0 -1 -2 -2 2 8 5
0 0 2 1 2 0 -2 -1 -1 1 2 5
0 0 2 1 2 0 -2 -1 -1 2 8 5
0 0 2 1 2 0 -2 -1 -2 1 2 5
0 0 2 1 2 0 -2 -1 -2 2 8 5
0 0 2 1 2 0 -2 -2 -1 1 2 5
0 0 2 1 2 0 -2 -2 -1 2 8 5
0 0 2 1 2 0 -2 -2 -2 1 2 5
0 0 2 1 2 0 -2 -2 -2 2 8 5
0 0 2 1 2 -1 0 -1 -2 1 3 0
0 0 2 1 2 -1 0 -1 -2 2 7 6
0 0 2 1 2 -1 0 -2 -1 1 3 0
0 0 2 1 2 -1 0 -2 -1 2 7 6
0 0 2 1 2 -1 0 -2 -2 1 3 0
0 0 2 1 2 -1 0 -2 -2 2 7 6
0 0 2 1 2 -1 -1 0 -2 1 3 0
0 0 2 1 2 -1 -1 0 -2 2 6 7
0 0 2 1 2 -1 -1 -2 0 1 3 0
0 0 2 1 2 -1 -1 -2 0 2 7 8
0 0 2 1 2 -1 -2 0 -1 1 3 0
0 0 2 1 2 -1 -2 0 -1 2 6 7
0 0 2 1 2 -1 -2 0 -2 1 3 0
0 0 2 1 2 -1 -2 0 -2 2 6 7
0 0 2 1 2 -1 -2 -1 0 1 3 0
0 0 2 1 2 -1 -2 -1 0 2 7 8
0 0 2 1 2 -1 -2 -2 0 1 3 0
0 0 2 1 2 -1 -2 -2 0 2 7 8
0 0 2 1 2 -2 0 -1 -1 1 3 0
0 0 2 1 2 -2 0 -1 -1 2 7 6
0 0 2 1 2 -2 0 -1 -2 1 3 0
0 0 2 1 2 -2 0 -1 -2 2 7 6
0 0 2 1 2 -2 0 -2 -1 1 3 0
0 0 2 1 2 -2 0 -2 -1 2 7 6
0 0 2 1 2 -2 0 -2 -2 1 3 0
0 0 2 1 2 -2 0 -2 -2 2 7 6
0 0 2 1 2 -2 -1 0 -1 1 3 0
0 0 2 1 2 -2 -1 0 -1 2 6 7
0 0 2 1 2 -2 -1 0 -2 1 3 0
0 0 2 1 2 -2 -1 0 -2 2 6 7
0 0 2 1 2 -2 -1 -1 0 1 3 0
0 0 2 1 2 -2 -1 -1 0 2 7 8
0 0 2 1 2 -2 -1 -2 0 1 3 0
0 0 2 1 2 -2 -1 -2 0 2 7 8
0 0 2 1 2 -2 -2 0 -1 1 3 0
0 0 2 1 2 -2 -2 0 -1 2 6 7
0 0 2 1 2 -2 -2 0 -2 1 3 0
0 0 2 1 2 -2 -2 0 -2 2 6 7
0 0 2 1 2 -2 -2 -1 0 1 3 0
0 0 2 1 2 -2 -2 -1 0 2 7 8
0 0 2 1 2 -2 -2 -2 0 1 3 0
0 0 2 1 2 -2 -2 -2 0 2 7 8
0 0 2 -2 0 -1 -1 1 1 1 2 1
0 0 2 -2 0 -1 -1 1 1 2 3 4
0 0 2 -2 0 -1 -1 1 2 1 7 4
0 0 2 -2 0 -1 -1 1 2 2 3 0
0 0 2 -2 0 -1 -1 2 1 1 8 4
0 0 2 -2 0 -1 -1 2 1 2 3 0
0 0 2 -2 0 -1 1 -1 1 1 2 1
0 0 2 -2 0 -1 1 -1 1 2 5 4
0 0 2 -2 0 -1 1 -1 2 1 2 1
0 0 2 -2 0 -1 1 -1 2 2 3 0
0 0 2 -2 0 -1 1 1 -1 1 6 4
0 0 2 -2 0 -1 1 1 -1 2 5 4
0 0 2 -2 0 -1 1 1 -2 1 6 4
0 0 2 -2 0 -1 1 1 -2 2 5 4
0 0 2 -2 0 -1 1 -2 1 1 6 4
0 0 2 -2 0 -1 1 -2 1 2 3 0
0 0 2 -2 0 -1 1 -2 2 1 2 1
0 0 2 -2 0 -1 1 -2 2 2 3 4
0 0 2 -2 0 -1 1 2 -1 1 6 4
0 0 2 -2 0 -1 1 2 -1 2 5 4
0 0 2 -2 0 -1 1 2 -2 1 6 4
0 0 2 -2 0 -1 1 2 -2 2 5 4
0 0 2 -2 0 -1 -2 1 1 1 7 4
0 0 2 -2 0 -1 -2 1 1 2 3 4
0 0 2 -2 0 -1 -2 1 2 1 7 4
0 0 2 -2 0 -1 -2 1 2 2 3 4
0 0 2 -2 0 -1 -2 2 1 1 8 4
0 0 2 -2 0 -1 -2 2 1 2 3 4
0 0 2 -2 0 -1 -2 2 2 1 8 4
0 0 2 -2 0 -1 -2 2 2 2 3 4
0 0 2 -2 0 -1 2 -1 1 1 8 4
0 0 2 -2 0 -1 2 -1 1 2 5 4
0 0 2 -2 0 -1 2 1 -1 1 6 4
0 0 2 -2 0 -1 2 1 -1 2 5 4
0 0 2 -2 0 -1 2 1 -2 1 6 4
0 0 2 -2 0 -1 2 1 -2 2 5 4
0 0 2 -2 0 -1 2 -2 1 1 8 4
0 0 2 -2 0 -1 2 -2 1 2 5 4
0 0 2 -2 0 -1 2 -2 2 1 8 4
0 0 2 -2 0 -1 2 -2 2 2 3 4
0 0 2 -2 0 -1 2 2 -2 1 6 4
0 0 2 -2 0 -1 2 2 -2 2 5 4
0 0 2 -2 0 1 -1 -1 1 1 2 4
0 0 2 -2 0 1 -1 -1 1 2 3 0
0 0 2 -2 0 1 -1 -1 2 1 2 4
0 0 2 -2 0 1 -1 -1 2 2 3 4
0 0 2 -2 0 1 -1 1 -1 1 2 1
0 0 2 -2 0 1 -1 1 -1 2 3 0
0 0 2 -2 0 1 -1 1 -2 1 2 1
0 0 2 -2 0 1 -1 1 -2 2 6 4
0 0 2 -2 0 1 -1 -2 1 1 5 4
0 0 2 -2 0 1 -1 -2 1 2 3 0
0 0 2 -2 0 1 -1 -2 2 1 2 4
0 0 2 -2 0 1 -1 -2 2 2 3 4
0 0 2 -2 0 1 -1 2 -1 1 5 4
0 0 2 -2 0 1 -1 2 -1 2 3 4
0 0 2 -2 0 1 -1 2 -2 1 5 4
0 0 2 -2 0 1 -1 2 -2 2 6 4
0 0 2 -2 0 1 1 -1 -1 1 2 4
0 0 2 -2 0 1 1 -1 -1 2 3 0
0 0 2 -2 0 1 1 -1 -2 1 2 1
0 0 2 -2 0 1 1 -1 -2 2 7 4
0 0 2 -2 0 1 1 -2 -1 1 2 1
0 0 2 -2 0 1 1 -2 -1 2 3 0
0 0 2 -2 0 1 -2 -1 1 1 2 4
0 0 2 -2 0 1 -2 -1 1 2 3 0
0 0 2 -2 0 1 -2 -1 2 1 2 4
0 0 2 -2 0 1 -2 -1 2 2 3 4
0 0 2 -2 0 1 -2 1 -1 1 2 1
0 0 2 -2 0 1 -2 1 -1 2 8 4
0 0 2 -2 0 1 -2 -2 2 1 2 4
0 0 2 -2 0 1 -2 -2 2 2 3 4
0 0 2 -2 0 1 -2 2 -1 1 5 4
0 0 2 -2 0 1 -2 2 -1 2 8 4
0 0 2 -2 0 1 -2 2 -2 1 5 4
0 0 2 -2 0 1 -2 2 -2 2 6 4
0 0 2 -2 0 1 2 -1 -1 1 2 4
0 0 2 -2 0 1 2 -1 -1 2 7 4
0 0 2 -2 0 1 2 -1 -2 1 2 4
0 0 2 -2 0 1 2 -1 -2 2 7 4
0 0 2 -2 0 1 2 -2 -1 1 2 4
0 0 2 -2 0 1 2 -2 -1 2 7 4
0 0 2 -2 0 1 2 -2 -2 1 2 4
0 0 2 -2 0 1 2 -2 -2 2 7 4
0 0 2 -2 0 -2 -1 1 1 1 2 1
0 0 2 -2 0 -2 -1 1 1 2 3 4
0 0 2 -2 0 -2 -1 1 2 1 2 1
0 0 2 -2 0 -2 -1 1 2 2 3 0
0 0 2 -2 0 -2 -1 2 1 1 8 4
0 0 2 -2 0 -2 -1 2 1 2 3 0
0 0 2 -2 0 -2 -1 2 2 1 8 4
0 0 2 -2 0 -2 -1 2 2 2 3 0
0 0 2 -2 0 -2 1 -1 1 1 2 1
0 0 2 -2 0 -2 1 -1 1 2 3 4
0 0 2 -2 0 -2 1 -1 2 1 2 1
0 0 2 -2 0 -2 1 -1 2 2 3 0
0 0 2 -2 0 -2 1 1 -1 1 6 4
0 0 2 -2 0 -2 1 1 -1 2 5 4
0 0 2 -2 0 -2 1 -2 2 1 2 1
0 0 2 -2 0 -2 1 -2 2 2 3 4
0 0 2 -2 0 -2 1 2 -1 1 6 4
0 0 2 -2 0 -2 1 2 -1 2 5 4
0 0 2 -2 0 -2 1 2 -2 1 6 4
0 0 2 -2 0 -2 1 2 -2 2 5 4
0 0 2 -2 0 -2 -2 1 2 1 7 4
0 0 2 -2 0 -2 -2 1 2 2 3 4
0 0 2 -2 0 -2 -2 2 1 1 8 4
0 0 2 -2 0 -2 -2 2 1 2 3 4
0 0 2 -2 0 -2 -2 2 2 1 8 4
0 0 2 -2 0 -2 -2 2 2 2 3 4
0 0 2 -2 0 -2 2 -1 1 1 8 4
0 0 2 -2 0 -2 2 -1 1 2 5 4
0 0 2 -2 0 -2 2 -1 2 1 8 4
0 0 2 -2 0 -2 2 -1 2 2 3 4
0 0 2 -2 0 -2 2 1 -1 1 6 4
0 0 2 -2 0 -2 2 1 -1 2 5 4
0 0 2 -2 0 -2 2 1 -2 1 6 4
0 0 2 -2 0 -2 2 1 -2 2 5 4
0 0 2 -2 0 -2 2 -2 1 1 8 4
0 0 2 -2 0 -2 2 -2 1 2 5 4
0 0 2 -2 0 -2 2 -2 2 1 8 4
0 0 2 -2 0 -2 2 -2 2 2 3 4
0 0 2 -2 0 -2 2 2 -1 1 6 4
0 0 2 -2 0 -2 2 2 -1 2 5 4
0 0 2 -2 0 -2 2 2 -2 1 6 4
0 0 2 -2 0 -2 2 2 -2 2 5 4
0 0 2 -2 0 2 -1 -1 1 1 2 4
0 0 2 -2 0 2 -1 -1 1 2 3 0
0 0 2 -2 0 2 -1 1 -1 1 2 1
0 0 2 -2 0 2 -1 1 -1 2 3 0
0 0 2 -2 0 2 -1 1 -2 1 2 1
0 0 2 -2 0 2 -1 1 -2 2 6 4
0 0 2 -2 0 2 -1 -2 1 1 5 4
0 0 2 -2 0 2 -1 -2 1 2 3 0
0 0 2 -2 0 2 -1 2 -2 1 5 4
0 0 2 -2 0 2 -1 2 -2 2 6 4
0 0 2 -2 0 2 1 -1 -1 1 2 4
0 0 2 -2 0 2 1 -1 -1 2 3 0
0 0 2 -2 0 2 1 -1 -2 1 2 1
0 0 2 -2 0 2 1 -1 -2 2 7 4
0 0 2 -2 0 2 1 -2 -1 1 2 1
0 0 2 -2 0 2 1 -2 -1 2 3 0
0 0 2 -2 0 2 1 -2 -2 1 2 1
0 0 2 -2 0 2 1 -2 -2 2 7 4
0 0 2 -2 0 2 -2 -1 1 1 2 4
0 0 2 -2 0 2 -2 -1 1 2 3 0
0 0 2 -2 0 2 -2 1 -1 1 2 1
0 0 2 -2 0 2 -2 1 -1 2 3 0
0 0 2 -2 0 2 -2 1 -2 1 2 1
0 0 2 -2 0 2 -2 1 -2 2 6 4
0 0 2 -2 0 2 -2 -2 1 1 5 4
0 0 2 -2 0 2 -2 -2 1 2 3 0
0 0 2 -2 0 2 -2 2 -1 1 5 4
0 0 2 -2 0 2 -2 2 -1 2 3 0
0 0 2 -2 0 2 -2 2 -2 1 5 4
0 0 2 -2 0 2 -2 2 -2 2 6 4
0 0 2 -2 0 2 2 -1 -2 1 2 4
0 0 2 -2 0 2 2 -1 -2 2 7 4
0 0 2 -2 0 2 2 -2 -1 1 2 4
0 0 2 -2 0 2 2 -2 -1 2 8 4
0 0 2 -2 0 2 2 -2 -2 1 2 4
0 0 2 -2 0 2 2 -2 -2 2 7 4
0 0 2 -2 -1 0 -1 1 1 1 8 5
0 0 2 -2 -1 0 -1 1 1 2 4 5
0 0 2 -2 -1 0 -1 1 2 1 8 5
0 0 2 -2 -1 0 -1 1 2 2 4 5
0 0 2 -2 -1 0 -1 2 1 1 2 1
0 0 2 -2 -1 0 -1 2 1 2 3 0
0 0 2 -2 -1 0 1 -1 1 1 2 1
0 0 2 -2 -1 0 1 -1 1 2 3 0
0 0 2 -2 -1 0 1 -1 2 1 2 1
0 0 2 -2 -1 0 1 -1 2 2 3 0
0 0 2 -2 -1 0 1 1 -1 1 2 1
0 0 2 -2 -1 0 1 1 -1 2 3 0
0 0 2 -2 -1 0 1 1 -2 1 2 1
0 0 2 -2 -1 0 1 1 -2 2 3 0
0 0 2 -2 -1 0 1 -2 1 1 2 1
0 0 2 -2 -1 0 1 -2 1 2 3 0
0 0 2 -2 -1 0 1 -2 2 1 2 1
0 0 2 -2 -1 0 1 -2 2 2 3 0
0 0 2 -2 -1 0 1 2 -1 1 2 1
0 0 2 -2 -1 0 1 2 -1 2 3 0
0 0 2 -2 -1 0 1 2 -2 1 2 1
0 0 2 -2 -1 0 1 2 -2 2 3 0
0 0 2 -2 -1 0 -2 1 1 1 2 1
0 0 2 -2 -1 0 -2 1 1 2 3 0
0 0 2 -2 -1 0 -2 1 2 1 2 1
0 0 2 -2 -1 0 -2 1 2 2 3 0
0 0 2 -2 -1 0 -2 2 1 1 2 1
0 0 2 -2 -1 0 -2 2 1 2 3 0
0 0 2 -2 -1 0 -2 2 2 1 2 1
0 0 2 -2 -1 0 -2 2 2 2 3 0
0 0 2 -2 -1 0 2 -1 1 1 8 5
0 0 2 -2 -1 0 2 -1 1 2 3 0
0 0 2 -2 -1 0 2 1 -1 1 2 1
0 0 2 -2 -1 0 2 1 -1 2 3 0
0 0 2 -2 -1 0 2 1 -2 1 2 1
0 0 2 -2 -1 0 2 1 -2 2 3 0
0 0 2 -2 -1 0 2 -2 1 1 2 1
0 0 2 -2 -1 0 2 -2 1 2 3 0
0 0 2 -2 -1 0 2 -2 2 1 2 1
0 0 2 -2 -1 0 2 -2 2 2 3 0
0 0 2 -2 -1 0 2 2 -2 1 2 1
0 0 2 -2 -1 0 2 2 -2 2 3 0
0 0 2 -2 -1 -1 0 1 1 1 2 1
0 0 2 -2 -1 -1 0 1 1 2 3 0
0 0 2 -2 -1 -1 0 1 2 1 7 6
0 0 2 -2 -1 -1 0 1 2 2 3 0
0 0 2 -2 -1 -1 0 2 1 1 2 1
0 0 2 -2 -1 -1 0 2 1 2 3 0
0 0 2 -2 -1 -1 1 0 1 1 2 1
0 0 2 -2 -1 -1 1 0 1 2 3 0
0 0 2 -2 -1 -1 1 0 2 1 2 1
0 0 2 -2 -1 -1 1 0 2 2 3 0
0 0 2 -2 -1 -1 1 1 0 1 7 8
0 0 2 -2 -1 -1 1 1 0 2 5 8
0 0 2 -2 -1 -1 1 2 0 1 7 8
0 0 2 -2 -1 -1 1 2 0 2 5 8
0 0 2 -2 -1 -1 2 0 1 1 2 1
0 0 2 -2 -1 -1 2 0 1 2 3 0
0 0 2 -2 -1 -1 2 1 0 1 7 8
0 0 2 -2 -1 -1 2 1 0 2 5 8
0 0 2 -2 -1 1 0 -1 1 1 2 1
0 0 2 -2 -1 1 0 -1 1 2 3 0
0 0 2 -2 -1 1 0 -1 2 1 2 1
0 0 2 -2 -1 1 0 -1 2 2 3 0
0 0 2 -2 -1 1 0 1 -1 1 2 1
0 0 2 -2 -1 1 0 1 -1 2 3 0
0 0 2 -2 -1 1 0 1 -2 1 2 1
0 0 2 -2 -1 1 0 1 -2 2 3 0
0 0 2 -2 -1 1 0 -2 1 1 2 1
0 0 2 -2 -1 1 0 -2 1 2 3 0
0 0 2 -2 -1 1 0 -2 2 1 2 1
0 0 2 -2 -1 1 0 -2 2 2 3 0
0 0 2 -2 -1 1 0 2 -1 1 2 1
0 0 2 -2 -1 1 0 2 -1 2 3 0
0 0 2 -2 -1 1 0 2 -2 1 2 1
0 0 2 -2 -1 1 0 2 -2 2 3 0
0 0 2 -2 -1 1 -1 0 1 1 8 7
0 0 2 -2 -1 1 -1 0 1 2 6 7
0 0 2 -2 -1 1 -1 0 2 1 2 1
0 0 2 -2 -1 1 -1 0 2 2 6 7
0 0 2 -2 -1 1 -1 1 0 1 2 1
0 0 2 -2 -1 1 -1 1 0 2 3 0
0 0 2 -2 -1 1 -1 2 0 1 2 1
0 0 2 -2 -1 1 -1 2 0 2 3 0
0 0 2 -2 -1 1 1 0 -1 1 6 7
0 0 2 -2 -1 1 1 0 -1 2 3 0
0 0 2 -2 -1 1 1 0 -2 1 6 7
0 0 2 -2 -1 1 1 0 -2 2 4 1
0 0 2 -2 -1 1 1 -1 0 1 2 1
0 0 2 -2 -1 1 1 -1 0 2 3 0
0 0 2 -2 -1 1 1 -2 0 1 2 1
0 0 2 -2 -1 1 1 -2 0 2 4 1
0 0 2 -2 -1 1 -2 0 1 1 2 1
0 0 2 -2 -1 1 -2 0 1 2 3 0
0 0 2 -2 -1 1 -2 0 2 1 2 1
0 0 2 -2 -1 1 -2 0 2 2 3 0
0 0 2 -2 -1 1 -2 1 0 1 2 1
0 0 2 -2 -1 1 -2 1 0 2 3 0
0 0 2 -2 -1 1 -2 2 0 1 2 1
0 0 2 -2 -1 1 -2 2 0 2 3 0
0 0 2 -2 -1 1 2 0 -1 1 6 7
0 0 2 -2 -1 1 2 0 -1 2 3 0
0 0 2 -2 -1 1 2 0 -2 1 6 7
0 0 2 -2 -1 1 2 0 -2 2 3 0
0 0 2 -2 -1 1 2 -1 0 1 5 8
0 0 2 -2 -1 1 2 -1 0 2 3 0
0 0 2 -2 -1 1 2 -2 0 1 5 8
0 0 2 -2 -1 1 2 -2 0 2 3 0
0 0 2 -2 -1 -2 0 1 1 1 2 1
0 0 2 -2 -1 -2 0 1 1 2 3 0
0 0 2 -2 -1 -2 0 1 2 1 7 6
0 0 2 -2 -1 -2 0 1 2 2 3 0
0 0 2 -2 -1 -2 0 2 1 1 2 1
0 0 2 -2 -1 -2 0 2 1 2 3 0
0 0 2 -2 -1 -2 0 2 2 1 7 6
0 0 2 -2 -1 -2 0 2 2 2 3 0
0 0 2 -2 -1 -2 1 0 1 1 2 1
0 0 2 -2 -1 -2 1 0 1 2 3 0
0 0 2 -2 -1 -2 1 0 2 1 2 1
0 0 2 -2 -1 -2 1 0 2 2 3 0
0 0 2 -2 -1 -2 1 1 0 1 7 8
0 0 2 -2 -1 -2 1 1 0 2 3 0
0 0 2 -2 -1 -2 1 2 0 1 7 8
0 0 2 -2 -1 -2 1 2 0 2 3 0
0 0 2 -2 -1 -2 2 0 1 1 2 1
0 0 2 -2 -1 -2 2 0 1 2 3 0
0 0 2 -2 -1 -2 2 0 2 1 2 1
0 0 2 -2 -1 -2 2 0 2 2 3 0
0 0 2 -2 -1 -2 2 1 0 1 7 8
0 0 2 -2 -1 -2 2 1 0 2 3 0
0 0 2 -2 -1 -2 2 2 0 1 7 8
0 0 2 -2 -1 -2 2 2 0 2 3 0
0 0 2 -2 -1 2 0 -1 1 1 2 1
0 0 2 -2 -1 2 0 -1 1 2 3 0
0 0 2 -2 -1 2 0 1 -1 1 2 1
0 0 2 -2 -1 2 0 1 -1 2 3 0
0 0 2 -2 -1 2 0 1 -2 1 2 1
0 0 2 -2 -1 2 0 1 -2 2 3 0
0 0 2 -2 -1 2 0 -2 1 1 2 1
0 0 2 -2 -1 2 0 -2 1 2 3 0
0 0 2 -2 -1 2 0 2 -2 1 2 1
0 0 2 -2 -1 2 0 2 -2 2 3 0
0 0 2 -2 -1 2 -1 0 1 1 8 7
0 0 2 -2 -1 2 -1 0 1 2 6 7
0 0 2 -2 -1 2 -1 1 0 1 7 8
0 0 2 -2 -1 2 -1 1 0 2 3 0
0 0 2 -2 -1 2 1 0 -1 1 6 7
0 0 2 -2 -1 2 1 0 -1 2 3 0
0 0 2 -2 -1 2 1 0 -2 1 6 7
0 0 2 -2 -1 2 1 0 -2 2 3 0
0 0 2 -2 -1 2 1 -1 0 1 2 1
0 0 2 -2 -1 2 1 -1 0 2 3 0
0 0 2 -2 -1 2 1 -2 0 1 2 1
0 0 2 -2 -1 2 1 -2 0 2 4 1
0 0 2 -2 -1 2 -2 0 1 1 2 1
0 0 2 -2 -1 2 -2 0 1 2 3 0
0 0 2 -2 -1 2 -2 1 0 1 7 8
0 0 2 -2 -1 2 -2 1 0 2 4 0
0 0 2 -2 -1 2 -2 2 0 1 7 8
0 0 2 -2 -1 2 -2 2 0 2 4 0
0 0 2 -2 -1 2 2 0 -2 1 6 7
0 0 2 -2 -1 2 2 0 -2 2 3 0
0 0 2 -2 -1 2 2 -2 0 1 5 8
0 0 2 -2 -1 2 2 -2 0 2 3 0
0 0 2 -2 1 0 -1 -1 1 1 2 1
0 0 2 -2 1 0 -1 -1 1 2 3 0
0 0 2 -2 1 0 -1 -1 2 1 2 1
0 0 2 -2 1 0 -1 -1 2 2 3 0
0 0 2 -2 1 0 -1 1 -1 1 2 5
0 0 2 -2 1 0 -1 1 -1 2 3 0
0 0 2 -2 1 0 -1 1 -2 1 2 1
0 0 2 -2 1 0 -1 1 -2 2 3 0
0 0 2 -2 1 0 -1 -2 1 1 4 0
0 0 2 -2 1 0 -1 -2 1 2 3 0
0 0 2 -2 1 0 -1 -2 2 1 2 1
0 0 2 -2 1 0 -1 -2 2 2 3 0
0 0 2 -2 1 0 -1 2 -1 1 2 1
0 0 2 -2 1 0 -1 2 -1 2 3 0
0 0 2 -2 1 0 -1 2 -2 1 4 0
0 0 2 -2 1 0 -1 2 -2 2 3 0
0 0 2 -2 1 0 1 -1 -1 1 2 5
0 0 2 -2 1 0 1 -1 -1 2 3 0
0 0 2 -2 1 0 1 -1 -2 1 2 1
0 0 2 -2 1 0 1 -1 -2 2 3 0
0 0 2 -2 1 0 1 -2 -1 1 2 1
0 0 2 -2 1 0 1 -2 -1 2 3 0
0 0 2 -2 1 0 -2 -1 1 1 2 1
0 0 2 -2 1 0 -2 -1 1 2 3 0
0 0 2 -2 1 0 -2 -1 2 1 2 1
0 0 2 -2 1 0 -2 -1 2 2 3 0
0 0 2 -2 1 0 -2 1 -1 1 2 1
0 0 2 -2 1 0 -2 1 -1 2 3 0
0 0 2 -2 1 0 -2 -2 2 1 2 1
0 0 2 -2 1 0 -2 -2 2 2 3 0
0 0 2 -2 1 0 -2 2 -1 1 4 1
0 0 2 -2 1 0 -2 2 -1 2 3 0
0 0 2 -2 1 0 -2 2 -2 1 2 1
0 0 2 -2 1 0 -2 2 -2 2 3 0
0 0 2 -2 1 0 2 -1 -1 1 2 5
0 0 2 -2 1 0 2 -1 -1 2 8 5
0 0 2 -2 1 0 2 -1 -2 1 2 1
0 0 2 -2 1 0 2 -1 -2 2 3 0
0 0 2 -2 1 0 2 -2 -1 1 2 1
0 0 2 -2 1 0 2 -2 -1 2 3 0
0 0 2 -2 1 0 2 -2 -2 1 2 1
0 0 2 -2 1 0 2 -2 -2 2 3 0
0 0 2 -2 1 -1 0 -1 1 1 2 1
0 0 2 -2 1 -1 0 -1 1 2 3 0
0 0 2 -2 1 -1 0 -1 2 1 4 0
0 0 2 -2 1 -1 0 -1 2 2 3 0
0 0 2 -2 1 -1 0 1 -1 1 2 1
0 0 2 -2 1 -1 0 1 -1 2 3 0
0 0 2 -2 1 -1 0 1 -2 1 2 1
0 0 2 -2 1 -1 0 1 -2 2 3 0
0 0 2 -2 1 -1 0 -2 1 1 4 0
0 0 2 -2 1 -1 0 -2 1 2 3 0
0 0 2 -2 1 -1 0 -2 2 1 4 0
0 0 2 -2 1 -1 0 -2 2 2 3 0
0 0 2 -2 1 -1 0 2 -1 1 4 0
0 0 2 -2 1 -1 0 2 -1 2 3 0
0 0 2 -2 1 -1 0 2 -2 1 4 0
0 0 2 -2 1 -1 0 2 -2 2 3 0
0 0 2 -2 1 -1 -1 0 1 1 4 0
0 0 2 -2 1 -1 -1 0 1 2 3 0
0 0 2 -2 1 -1 -1 0 2 1 4 0
0 0 2 -2 1 -1 -1 0 2 2 3 0
0 0 2 -2 1 -1 -1 1 0 1 4 0
0 0 2 -2 1 -1 -1 1 0 2 3 0
0 0 2 -2 1 -1 -1 2 0 1 2 1
0 0 2 -2 1 -1 -1 2 0 2 5 8
0 0 2 -2 1 -1 1 0 -1 1 6 7
0 0 2 -2 1 -1 1 0 -1 2 8 7
0 0 2 -2 1 -1 1 0 -2 1 2 1
0 0 2 -2 1 -1 1 0 -2 2 3 0
0 0 2 -2 1 -1 1 -1 0 1 2 1
0 0 2 -2 1 -1 1 -1 0 2 3 0
0 0 2 -2 1 -1 1 -2 0 1 4 0
0 0 2 -2 1 -1 1 -2 0 2 3 0
0 0 2 -2 1 -1 -2 0 1 1 2 1
0 0 2 -2 1 -1 -2 0 1 2 3 0
0 0 2 -2 1 -1 -2 0 2 1 4 0
0 0 2 -2 1 -1 -2 0 2 2 3 0
0 0 2 -2 1 -1 -2 1 0 1 4 0
0 0 2 -2 1 -1 -2 1 0 2 3 0
0 0 2 -2 1 -1 -2 2 0 1 4 0
0 0 2 -2 1 -1 -2 2 0 2 3 0
0 0 2 -2 1 -1 2 0 -1 1 6 7
0 0 2 -2 1 -1 2 0 -1 2 8 7
0 0 2 -2 1 -1 2 0 -2 1 2 1
0 0 2 -2 1 -1 2 0 -2 2 3 0
0 0 2 -2 1 -1 2 -1 0 1 4 1
0 0 2 -2 1 -1 2 -1 0 2 3 0
0 0 2 -2 1 -1 2 -2 0 1 4 1
0 0 2 -2 1 -1 2 -2 0 2 3 0
0 0 2 -2 1 1 0 -1 -1 1 4 0
0 0 2 -2 1 1 0 -1 -1 2 3 0
0 0 2 -2 1 1 0 -1 -2 1 4 0
0 0 2 -2 1 1 0 -1 -2 2 3 0
0 0 2 -2 1 1 0 -2 -1 1 4 0
0 0 2 -2 1 1 0 -2 -1 2 3 0
0 0 2 -2 1 1 -1 0 -1 1 4 0
0 0 2 -2 1 1 -1 0 -1 2 3 0
0 0 2 -2 1 1 -1 0 -2 1 4 0
0 0 2 -2 1 1 -1 0 -2 2 3 0
0 0 2 -2 1 1 -1 -1 0 1 4 0
0 0 2 -2 1 1 -1 -1 0 2 7 8
0 0 2 -2 1 1 -1 -2 0 1 4 0
0 0 2 -2 1 1 -1 -2 0 2 7 8
0 0 2 -2 1 1 -2 0 -1 1 4 0
0 0 2 -2 1 1 -2 0 -1 2 3 0
0 0 2 -2 1 1 -2 -1 0 1 4 0
0 0 2 -2 1 1 -2 -1 0 2 7 8
0 0 2 -2 1 -2 0 -1 1 1 2 1
0 0 2 -2 1 -2 0 -1 1 2 3 0
0 0 2 -2 1 -2 0 -1 2 1 2 1
0 0 2 -2 1 -2 0 -1 2 2 3 0
0 0 2 -2 1 -2 0 1 -1 1 2 1
0 0 2 -2 1 -2 0 1 -1 2 3 0
0 0 2 -2 1 -2 0 -2 2 1 4 0
0 0 2 -2 1 -2 0 -2 2 2 3 0
0 0 2 -2 1 -2 0 2 -1 1 4 0
0 0 2 -2 1 -2 0 2 -1 2 3 0
0 0 2 -2 1 -2 0 2 -2 1 4 0
0 0 2 -2 1 -2 0 2 -2 2 3 0
0 0 2 -2 1 -2 -1 0 1 1 4 0
0 0 2 -2 1 -2 -1 0 1 2 3 0
0 0 2 -2 1 -2 -1 0 2 1 4 0
0 0 2 -2 1 -2 -1 0 2 2 3 0
0 0 2 -2 1 -2 -1 1 0 1 2 1
0 0 2 -2 1 -2 -1 1 0 2 3 0
0 0 2 -2 1 -2 -1 2 0 1 2 1
0 0 2 -2 1 -2 -1 2 0 2 5 8
0 0 2 -2 1 -2 1 0 -1 1 6 7
0 0 2 -2 1 -2 1 0 -1 2 8 7
0 0 2 -2 1 -2 1 -1 0 1 2 1
0 0 2 -2 1 -2 1 -1 0 2 3 0
0 0 2 -2 1 -2 -2 0 2 1 2 1
0 0 2 -2 1 -2 -2 0 2 2 3 0
0 0 2 -2 1 -2 -2 2 0 1 2 1
0 0 2 -2 1 -2 -2 2 0 2 3 0
0 0 2 -2 1 -2 2 0 -1 1 6 7
0 0 2 -2 1 -2 2 0 -1 2 8 7
0 0 2 -2 1 -2 2 0 -2 1 2 1
0 0 2 -2 1 -2 2 0 -2 2 3 0
0 0 2 -2 1 -2 2 -1 0 1 4 1
0 0 2 -2 1 -2 2 -1 0 2 3 0
0 0 2 -2 1 -2 2 -2 0 1 4 1
0 0 2 -2 1 -2 2 -2 0 2 3 0
0 0 2 -2 1 2 0 -1 -1 1 4 0
0 0 2 -2 1 2 0 -1 -1 2 3 0
0 0 2 -2 1 2 0 -1 -2 1 4 0
0 0 2 -2 1 2 0 -1 -2 2 3 0
0 0 2 -2 1 2 0 -2 -1 1 4 0
0 0 2 -2 1 2 0 -2 -1 2 3 0
0 0 2 -2 1 2 0 -2 -2 1 4 0
0 0 2 -2 1 2 0 -2 -2 2 3 0
0 0 2 -2 1 2 -1 0 -1 1 4 0
0 0 2 -2 1 2 -1 0 -1 2 3 0
0 0 2 -2 1 2 -1 0 -2 1 4 0
0 0 2 -2 1 2 -1 0 -2 2 3 0
0 0 2 -2 1 2 -1 -1 0 1 4 0
0 0 2 -2 1 2 -1 -1 0 2 7 8
0 0 2 -2 1 2 -1 -2 0 1 4 0
0 0 2 -2 1 2 -1 -2 0 2 7 8
0 0 2 -2 1 2 -2 0 -1 1 4 0
0 0 2 -2 1 2 -2 0 -1 2 3 0
0 0 2 -2 1 2 -2 0 -2 1 4 0
0 0 2 -2 1 2 -2 0 -2 2 3 0
0 0 2 -2 1 2 -2 -1 0 1 4 0
0 0 2 -2 1 2 -2 -1 0 2 7 8
0 0 2 -2 1 2 -2 -2 0 1 4 0
0 0 2 -2 1 2 -2 -2 0 2 7 8
0 0 2 -2 -2 0 -1 1 1 1 8 5
0 0 2 -2 -2 0 -1 1 1 2 4 5
0 0 2 -2 -2 0 -1 1 2 1 8 5
0 0 2 -2 -2 0 -1 1 2 2 4 5
0 0 2 -2 -2 0 -1 2 1 1 2 1
0 0 2 -2 -2 0 -1 2 1 2 3 0
0 0 2 -2 -2 0 -1 2 2 1 2 1
0 0 2 -2 -2 0 -1 2 2 2 3 0
0 0 2 -2 -2 0 1 -1 1 1 2 1
0 0 2 -2 -2 0 1 -1 1 2 3 0
0 0 2 -2 -2 0 1 -1 2 1 2 1
0 0 2 -2 -2 0 1 -1 2 2 3 0
0 0 2 -2 -2 0 1 1 -1 1 2 1
0 0 2 -2 -2 0 1 1 -1 2 3 0
0 0 2 -2 -2 0 1 -2 2 1 2 1
0 0 2 -2 -2 0 1 -2 2 2 3 0
0 0 2 -2 -2 0 1 2 -1 1 2 1
0 0 2 -2 -2 0 1 2 -1 2 3 0
0 0 2 -2 -2 0 1 2 -2 1 2 1
0 0 2 -2 -2 0 1 2 -2 2 3 0
0 0 2 -2 -2 0 -2 1 2 1 2 1
0 0 2 -2 -2 0 -2 1 2 2 3 0
0 0 2 -2 -2 0 -2 2 1 1 2 1
0 0 2 -2 -2 0 -2 2 1 2 3 0
0 0 2 -2 -2 0 -2 2 2 1 2 1
0 0 2 -2 -2 0 -2 2 2 2 3 0
0 0 2 -2 -2 0 2 -1 1 1 2 1
0 0 2 -2 -2 0 2 -1 1 2 3 0
0 0 2 -2 -2 0 2 -1 2 1 2 1
0 0 2 -2 -2 0 2 -1 2 2 3 0
0 0 2 -2 -2 0 2 1 -1 1 2 1
0 0 2 -2 -2 0 2 1 -1 2 3 0
0 0 2 -2 -2 0 2 1 -2 1 2 1
0 0 2 -2 -2 0 2 1 -2 2 3 0
0 0 2 -2 -2 0 2 -2 1 1 2 1
0 0 2 -2 -2 0 2 -2 1 2 3 0
0 0 2 -2 -2 0 2 -2 2 1 2 1
0 0 2 -2 -2 0 2 -2 2 2 3 0
0 0 2 -2 -2 0 2 2 -1 1 2 1
0 0 2 -2 -2 0 2 2 -1 2 3 0
0 0 2 -2 -2 0 2 2 -2 1 2 1
0 0 2 -2 -2 0 2 2 -2 2 3 0
0 0 2 -2 -2 -1 0 1 1 1 7 6
0 0 2 -2 -2 -1 0 1 1 2 3 0
0 0 2 -2 -2 -1 0 1 2 1 7 6
0 0 2 -2 -2 -1 0 1 2 2 3 0
0 0 2 -2 -2 -1 0 2 1 1 7 6
0 0 2 -2 -2 -1 0 2 1 2 3 0
0 0 2 -2 -2 -1 0 2 2 1 7 6
0 0 2 -2 -2 -1 0 2 2 2 3 0
0 0 2 -2 -2 -1 1 0 1 1 2 1
0 0 2 -2 -2 -1 1 0 1 2 3 0
0 0 2 -2 -2 -1 1 0 2 1 2 1
0 0 2 -2 -2 -1 1 0 2 2 3 0
0 0 2 -2 -2 -1 1 1 0 1 7 8
0 0 2 -2 -2 -1 1 1 0 2 5 8
0 0 2 -2 -2 -1 1 2 0 1 7 8
0 0 2 -2 -2 -1 1 2 0 2 5 8
0 0 2 -2 -2 -1 2 0 1 1 2 1
0 0 2 -2 -2 -1 2 0 1 2 3 0
0 0 2 -2 -2 -1 2 0 2 1 2 1
0 0 2 -2 -2 -1 2 0 2 2 3 0
0 0 2 -2 -2 -1 2 1 0 1 7 8
0 0 2 -2 -2 -1 2 1 0 2 5 8
0 0 2 -2 -2 -1 2 2 0 1 7 8
0 0 2 -2 -2 -1 2 2 0 2 5 8
0 0 2 -2 -2 1 0 -1 1 1 2 1
0 0 2 -2 -2 1 0 -1 1 2 3 0
0 0 2 -2 -2 1 0 -1 2 1 2 1
0 0 2 -2 -2 1 0 -1 2 2 3 0
0 0 2 -2 -2 1 0 1 -1 1 2 1
0 0 2 -2 -2 1 0 1 -1 2 3 0
0 0 2 -2 -2 1 0 -2 2 1 2 1
0 0 2 -2 -2 1 0 -2 2 2 3 0
0 0 2 -2 -2 1 0 2 -1 1 2 1
0 0 2 -2 -2 1 0 2 -1 2 3 0
0 0 2 -2 -2 1 0 2 -2 1 2 1
0 0 2 -2 -2 1 0 2 -2 2 3 0
0 0 2 -2 -2 1 -1 0 1 1 8 7
0 0 2 -2 -2 1 -1 0 1 2 6 7
0 0 2 -2 -2 1 -1 0 2 1 2 1
0 0 2 -2 -2 1 -1 0 2 2 6 7
0 0 2 -2 -2 1 -1 1 0 1 2 1
0 0 2 -2 -2 1 -1 1 0 2 3 0
0 0 2 -2 -2 1 -1 2 0 1 2 1
0 0 2 -2 -2 1 -1 2 0 2 3 0
0 0 2 -2 -2 1 1 0 -1 1 6 7
0 0 2 -2 -2 1 1 0 -1 2 3 0
0 0 2 -2 -2 1 1 -1 0 1 2 1
0 0 2 -2 -2 1 1 -1 0 2 7 8
0 0 2 -2 -2 1 -2 0 2 1 2 1
0 0 2 -2 -2 1 -2 0 2 2 3 0
0 0 2 -2 -2 1 -2 2 0 1 2 1
0 0 2 -2 -2 1 -2 2 0 2 3 0
0 0 2 -2 -2 1 2 0 -1 1 6 7
0 0 2 -2 -2 1 2 0 -1 2 3 0
0 0 2 -2 -2 1 2 0 -2 1 2 1
0 0 2 -2 -2 1 2 0 -2 2 3 0
0 0 2 -2 -2 1 2 -1 0 1 2 1
0 0 2 -2 -2 1 2 -1 0 2 7 8
0 0 2 -2 -2 1 2 -2 0 1 2 1
0 0 2 -2 -2 1 2 -2 0 2 3 0
0 0 2 -2 -2 -2 0 1 2 1 7 6
0 0 2 -2 -2 -2 0 1 2 2 3 0
0 0 2 -2 -2 -2 0 2 1 1 2 1
0 0 2 -2 -2 -2 0 2 1 2 3 0
0 0 2 -2 -2 -2 0 2 2 1 7 6
0 0 2 -2 -2 -2 0 2 2 2 3 0
0 0 2 -2 -2 -2 1 0 2 1 2 1
0 0 2 -2 -2 -2 1 0 2 2 3 0
0 0 2 -2 -2 -2 1 2 0 1 7 8
0 0 2 -2 -2 -2 1 2 0 2 5 8
0 0 2 -2 -2 -2 2 0 1 1 2 1
0 0 2 -2 -2 -2 2 0 1 2 3 0
0 0 2 -2 -2 -2 2 0 2 1 2 1
0 0 2 -2 -2 -2 2 0 2 2 3 0
0 0 2 -2 -2 -2 2 1 0 1 7 8
0 0 2 -2 -2 -2 2 1 0 2 5 8
0 0 2 -2 -2 -2 2 2 0 1 7 8
0 0 2 -2 -2 -2 2 2 0 2 5 8
0 0 2 -2 -2 2 0 -1 1 1 2 1
0 0 2 -2 -2 2 0 -1 1 2 3 0
0 0 2 -2 -2 2 0 1 -1 1 2 1
0 0 2 -2 -2 2 0 1 -1 2 3 0
0 0 2 -2 -2 2 0 1 -2 1 2 1
0 0 2 -2 -2 2 0 1 -2 2 3 0
0 0 2 -2 -2 2 0 -2 1 1 2 1
0 0 2 -2 -2 2 0 -2 1 2 3 0
0 0 2 -2 -2 2 0 2 -1 1 2 1
0 0 2 -2 -2 2 0 2 -1 2 3 0
0 0 2 -2 -2 2 0 2 -2 1 2 1
0 0 2 -2 -2 2 0 2 -2 2 3 0
0 0 2 -2 -2 2 -1 0 1 1 8 7
0 0 2 -2 -2 2 -1 0 1 2 6 7
0 0 2 -2 -2 2 -1 1 0 1 7 8
0 0 2 -2 -2 2 -1 1 0 2 3 0
0 0 2 -2 -2 2 -1 2 0 1 2 1
0 0 2 -2 -2 2 -1 2 0 2 3 0
0 0 2 -2 -2 2 1 0 -1 1 6 7
0 0 2 -2 -2 2 1 0 -1 2 3 0
0 0 2 -2 -2 2 1 0 -2 1 2 1
0 0 2 -2 -2 2 1 0 -2 2 3 0
0 0 2 -2 -2 2 1 -1 0 1 2 1
0 0 2 -2 -2 2 1 -1 0 2 7 8
0 0 2 -2 -2 2 1 -2 0 1 2 1
0 0 2 -2 -2 2 1 -2 0 2 3 0
0 0 2 -2 -2 2 -2 0 1 1 2 1
0 0 2 -2 -2 2 -2 0 1 2 3 0
0 0 2 -2 -2 2 -2 1 0 1 7 8
0 0 2 -2 -2 2 -2 1 0 2 4 0
0 0 2 -2 -2 2 -2 2 0 1 7 8
0 0 2 -2 -2 2 -2 2 0 2 4 0
0 0 2 -2 -2 2 2 0 -1 1 6 7
0 0 2 -2 -2 2 2 0 -1 2 3 0
0 0 2 -2 -2 2 2 0 -2 1 2 1
0 0 2 -2 -2 2 2 0 -2 2 3 0
0 0 2 -2 -2 2 2 -1 0 1 2 1
0 0 2 -2 -2 2 2 -1 0 2 7 8
0 0 2 -2 -2 2 2 -2 0 1 2 1
0 0 2 -2 -2 2 2 -2 0 2 3 0
0 0 2 -2 2 0 -1 -1 1 1 2 1
0 0 2 -2 2 0 -1 -1 1 2 3 0
0 0 2 -2 2 0 -1 1 -1 1 2 5
0 0 2 -2 2 0 -1 1 -1 2 3 0
0 0 2 -2 2 0 -1 1 -2 1 2 1
0 0 2 -2 2 0 -1 1 -2 2 3 0
0 0 2 -2 2 0 -1 -2 1 1 4 0
0 0 2 -2 2 0 -1 -2 1 2 3 0
0 0 2 -2 2 0 -1 -2 2 1 2 1
0 0 2 -2 2 0 -1 -2 2 2 3 0
0 0 2 -2 2 0 -1 2 -2 1 2 1
0 0 2 -2 2 0 -1 2 -2 2 3 0
0 0 2 -2 2 0 1 -1 -1 1 2 5
0 0 2 -2 2 0 1 -1 -1 2 3 0
0 0 2 -2 2 0 1 -1 -2 1 2 1
0 0 2 -2 2 0 1 -1 -2 2 3 0
0 0 2 -2 2 0 1 -2 -1 1 2 1
0 0 2 -2 2 0 1 -2 -1 2 3 0
0 0 2 -2 2 0 1 -2 -2 1 2 1
0 0 2 -2 2 0 1 -2 -2 2 3 0
0 0 2 -2 2 0 -2 -1 1 1 2 1
0 0 2 -2 2 0 -2 -1 1 2 3 0
0 0 2 -2 2 0 -2 -1 2 1 2 1
0 0 2 -2 2 0 -2 -1 2 2 3 0
0 0 2 -2 2 0 -2 1 -1 1 2 1
0 0 2 -2 2 0 -2 1 -1 2 3 0
0 0 2 -2 2 0 -2 1 -2 1 2 1
0 0 2 -2 2 0 -2 1 -2 2 3 0
0 0 2 -2 2 0 -2 -2 1 1 4 0
0 0 2 -2 2 0 -2 -2 1 2 3 0
0 0 2 -2 2 0 -2 -2 2 1 2 1
0 0 2 -2 2 0 -2 -2 2 2 3 0
0 0 2 -2 2 0 -2 2 -1 1 2 1
0 0 2 -2 2 0 -2 2 -1 2 3 0
0 0 2 -2 2 0 -2 2 -2 1 2 1
0 0 2 -2 2 0 -2 2 -2 2 3 0
0 0 2 -2 2 -1 0 -1 1 1 2 1
0 0 2 -2 2 -1 0 -1 1 2 3 0
0 0 2 -2 2 -1 0 1 -1 1 7 6
0 0 2 -2 2 -1 0 1 -1 2 3 0
0 0 2 -2 2 -1 0 1 -2 1 7 6
0 0 2 -2 2 -1 0 1 -2 2 3 0
0 0 2 -2 2 -1 0 -2 1 1 4 0
0 0 2 -2 2 -1 0 -2 1 2 3 0
0 0 2 -2 2 -1 0 -2 2 1 4 0
0 0 2 -2 2 -1 0 -2 2 2 3 0
0 0 2 -2 2 -1 0 2 -2 1 2 1
0 0 2 -2 2 -1 0 2 -2 2 3 0
0 0 2 -2 2 -1 -1 0 1 1 8 7
0 0 2 -2 2 -1 -1 0 1 2 3 0
0 0 2 -2 2 -1 -1 1 0 1 4 0
0 0 2 -2 2 -1 -1 1 0 2 3 0
0 0 2 -2 2 -1 1 0 -1 1 6 7
0 0 2 -2 2 -1 1 0 -1 2 8 7
0 0 2 -2 2 -1 1 0 -2 1 6 7
0 0 2 -2 2 -1 1 0 -2 2 8 7
0 0 2 -2 2 -1 1 -1 0 1 2 1
0 0 2 -2 2 -1 1 -1 0 2 3 0
0 0 2 -2 2 -1 1 -2 0 1 4 0
0 0 2 -2 2 -1 1 -2 0 2 3 0
0 0 2 -2 2 -1 -2 0 1 1 8 7
0 0 2 -2 2 -1 -2 0 1 2 3 0
0 0 2 -2 2 -1 -2 0 2 1 2 1
0 0 2 -2 2 -1 -2 0 2 2 3 0
0 0 2 -2 2 -1 -2 1 0 1 4 0
0 0 2 -2 2 -1 -2 1 0 2 3 0
0 0 2 -2 2 -1 -2 2 0 1 2 1
0 0 2 -2 2 -1 -2 2 0 2 3 0
0 0 2 -2 2 1 0 -1 -1 1 4 0
0 0 2 -2 2 1 0 -1 -1 2 3 0
0 0 2 -2 2 1 0 -1 -2 1 4 0
0 0 2 -2 2 1 0 -1 -2 2 3 0
0 0 2 -2 2 1 0 -2 -1 1 4 0
0 0 2 -2 2 1 0 -2 -1 2 3 0
0 0 2 -2 2 1 0 -2 -2 1 4 0
0 0 2 -2 2 1 0 -2 -2 2 3 0
0 0 2 -2 2 1 -1 0 -1 1 4 0
0 0 2 -2 2 1 -1 0 -1 2 3 0
0 0 2 -2 2 1 -1 0 -2 1 4 0
0 0 2 -2 2 1 -1 0 -2 2 3 0
0 0 2 -2 2 1 -1 -1 0 1 4 0
0 0 2 -2 2 1 -1 -1 0 2 7 8
0 0 2 -2 2 1 -1 -2 0 1 4 0
0 0 2 -2 2 1 -1 -2 0 2 7 8
0 0 2 -2 2 1 -2 0 -1 1 4 0
0 0 2 -2 2 1 -2 0 -1 2 3 0
0 0 2 -2 2 1 -2 0 -2 1 4 0
0 0 2 -2 2 1 -2 0 -2 2 3 0
0 0 2 -2 2 1 -2 -1 0 1 4 0
0 0 2 -2 2 1 -2 -1 0 2 7 8
0 0 2 -2 2 1 -2 -2 0 1 4 0
0 0 2 -2 2 1 -2 -2 0 2 7 8
0 0 2 -2 2 -2 0 -1 1 1 2 1
0 0 2 -2 2 -2 0 -1 1 2 3 0
0 0 2 -2 2 -2 0 -1 2 1 2 1
0 0 2 -2 2 -2 0 -1 2 2 3 0
0 0 2 -2 2 -2 0 1 -1 1 7 6
0 0 2 -2 2 -2 0 1 -1 2 3 0
0 0 2 -2 2 -2 0 1 -2 1 7 6
0 0 2 -2 2 -2 0 1 -2 2 3 0
0 0 2 -2 2 -2 0 -2 1 1 4 0
0 0 2 -2 2 -2 0 -2 1 2 3 0
0 0 2 -2 2 -2 0 -2 2 1 4 0
0 0 2 -2 2 -2 0 -2 2 2 3 0
0 0 2 -2 2 -2 0 2 -1 1 2 1
0 0 2 -2 2 -2 0 2 -1 2 3 0
0 0 2 -2 2 -2 0 2 -2 1 2 1
0 0 2 -2 2 -2 0 2 -2 2 3 0
0 0 2 -2 2 -2 -1 0 1 1 8 7
0 0 2 -2 2 -2 -1 0 1 2 3 0
0 0 2 -2 2 -2 -1 0 2 1 2 1
0 0 2 -2 2 -2 -1 0 2 2 3 0
0 0 2 -2 2 -2 -1 1 0 1 2 1
0 0 2 -2 2 -2 -1 1 0 2 3 0
0 0 2 -2 2 -2 -1 2 0 1 2 1
0 0 2 -2 2 -2 -1 2 0 2 3 0
0 0 2 -2 2 -2 1 0 -1 1 6 7
0 0 2 -2 2 -2 1 0 -1 2 8 7
0 0 2 -2 2 -2 1 0 -2 1 6 7
0 0 2 -2 2 -2 1 0 -2 2 8 7
0 0 2 -2 2 -2 1 -1 0 1 2 1
0 0 2 -2 2 -2 1 -1 0 2 3 0
0 0 2 -2 2 -2 1 -2 0 1 4 0
0 0 2 -2 2 -2 1 -2 0 2 3 0
0 0 2 -2 2 -2 -2 0 1 1 8 7
0 0 2 -2 2 -2 -2 0 1 2 3 0
0 0 2 -2 2 -2 -2 0 2 1 2 1
0 0 2 -2 2 -2 -2 0 2 2 3 0
0 0 2 -2 2 -2 -2 1 0 1 2 1
0 0 2 -2 2 -2 -2 1 0 2 3 0
0 0 2 -2 2 -2 -2 2 0 1 2 1
0 0 2 -2 2 -2 -2 2 0 2 3 0
0 0 2 -2 2 2 0 -1 -2 1 4 0
0 0 2 -2 2 2 0 -1 -2 2 3 0
0 0 2 -2 2 2 0 -2 -1 1 4 0
0 0 2 -2 2 2 0 -2 -1 2 3 0
0 0 2 -2 2 2 0 -2 -2 1 4 0
0 0 2 -2 2 2 0 -2 -2 2 3 0
0 0 2 -2 2 2 -1 0 -2 1 4 0
0 0 2 -2 2 2 -1 0 -2 2 3 0
0 0 2 -2 2 2 -1 -2 0 1 4 0
0 0 2 -2 2 2 -1 -2 0 2 7 8
0 0 2 -2 2 2 -2 0 -1 1 4 0
0 0 2 -2 2 2 -2 0 -1 2 3 0
0 0 2 -2 2 2 -2 0 -2 1 4 0
0 0 2 -2 2 2 -2 0 -2 2 3 0
0 0 2 -2 2 2 -2 -1 0 1 4 0
0 0 2 -2 2 2 -2 -1 0 2 7 8
0 0 2 -2 2 2 -2 -2 0 1 4 0
0 0 2 -2 2 2 -2 -2 0 2 7 8
0 0 2 2 0 -1 -1 1 -2 1 3 4
0 0 2 2 0 -1 -1 1 -2 2 5 4
0 0 2 2 0 -1 -1 -2 1 1 8 4
0 0 2 2 0 -1 -1 -2 1 2 5 4
0 0 2 2 0 -1 1 -1 -2 1 3 4
0 0 2 2 0 -1 1 -1 -2 2 5 4
0 0 2 2 0 -1 1 -2 -1 1 3 4
0 0 2 2 0 -1 1 -2 -1 2 5 4
0 0 2 2 0 -1 1 -2 -2 1 3 4
0 0 2 2 0 -1 1 -2 -2 2 5 4
0 0 2 2 0 -1 -2 -1 1 1 8 4
0 0 2 2 0 -1 -2 -1 1 2 5 4
0 0 2 2 0 -1 -2 1 -1 1 3 4
0 0 2 2 0 -1 -2 1 -1 2 5 4
0 0 2 2 0 -1 -2 1 -2 1 3 4
0 0 2 2 0 -1 -2 1 -2 2 5 4
0 0 2 2 0 -1 -2 -2 1 1 8 4
0 0 2 2 0 -1 -2 -2 1 2 5 4
0 0 2 2 0 -1 -2 -2 2 1 2 4
0 0 2 2 0 -1 -2 -2 2 2 7 4
0 0 2 2 0 -1 -2 2 -2 1 3 4
0 0 2 2 0 -1 -2 2 -2 2 5 4
0 0 2 2 0 -1 2 -2 -2 1 2 1
0 0 2 2 0 -1 2 -2 -2 2 5 4
0 0 2 2 0 1 -1 -1 -2 1 2 4
0 0 2 2 0 1 -1 -1 -2 2 6 4
0 0 2 2 0 1 -1 -2 -1 1 2 4
0 0 2 2 0 1 -1 -2 -1 2 6 4
0 0 2 2 0 1 -1 -2 -2 1 2 4
0 0 2 2 0 1 -1 -2 -2 2 6 4
0 0 2 2 0 1 -2 -1 -1 1 2 4
0 0 2 2 0 1 -2 -1 -1 2 6 4
0 0 2 2 0 1 -2 -1 -2 1 2 4
0 0 2 2 0 1 -2 -1 -2 2 6 4
0 0 2 2 0 1 -2 -2 -1 1 2 4
0 0 2 2 0 1 -2 -2 -1 2 6 4
0 0 2 2 0 1 -2 -2 -2 1 2 4
0 0 2 2 0 1 -2 -2 -2 2 6 4
0 0 2 2 0 -2 -1 -1 1 1 8 4
0 0 2 2 0 -2 -1 -1 1 2 5 4
0 0 2 2 0 -2 -1 1 -1 1 3 4
0 0 2 2 0 -2 -1 1 -1 2 5 4
0 0 2 2 0 -2 -1 1 -2 1 3 4
0 0 2 2 0 -2 -1 1 -2 2 5 4
0 0 2 2 0 -2 -1 -2 1 1 8 4
0 0 2 2 0 -2 -1 -2 1 2 5 4
0 0 2 2 0 -2 -1 -2 2 1 2 4
0 0 2 2 0 -2 -1 -2 2 2 6 4
0 0 2 2 0 -2 -1 2 -2 1 3 4
0 0 2 2 0 -2 -1 2 -2 2 8 4
0 0 2 2 0 -2 1 -1 -1 1 3 4
0 0 2 2 0 -2 1 -1 -1 2 5 4
0 0 2 2 0 -2 1 -1 -2 1 3 4
0 0 2 2 0 -2 1 -1 -2 2 5 4
0 0 2 2 0 -2 1 -2 -1 1 3 4
0 0 2 2 0 -2 1 -2 -1 2 5 4
0 0 2 2 0 -2 1 -2 -2 1 3 4
0 0 2 2 0 -2 1 -2 -2 2 5 4
0 0 2 2 0 -2 -2 -1 1 1 8 4
0 0 2 2 0 -2 -2 -1 1 2 5 4
0 0 2 2 0 -2 -2 -1 2 1 2 4
0 0 2 2 0 -2 -2 -1 2 2 6 4
0 0 2 2 0 -2 -2 1 -1 1 3 4
0 0 2 2 0 -2 -2 1 -1 2 5 4
0 0 2 2 0 -2 -2 1 -2 1 3 4
0 0 2 2 0 -2 -2 1 -2 2 5 4
0 0 2 2 0 -2 -2 -2 1 1 8 4
0 0 2 2 0 -2 -2 -2 1 2 5 4
0 0 2 2 0 -2 -2 -2 2 1 2 4
0 0 2 2 0 -2 -2 -2 2 2 6 4
0 0 2 2 0 -2 -2 2 -1 1 3 4
0 0 2 2 0 -2 -2 2 -1 2 5 4
0 0 2 2 0 -2 -2 2 -2 1 3 4
0 0 2 2 0 -2 -2 2 -2 2 5 4
0 0 2 2 0 -2 2 -1 -2 1 2 1
0 0 2 2 0 -2 2 -1 -2 2 5 4
0 0 2 2 0 -2 2 -2 -1 1 2 1
0 0 2 2 0 -2 2 -2 -1 2 5 4
0 0 2 2 0 -2 2 -2 -2 1 2 1
0 0 2 2 0 -2 2 -2 -2 2 5 4
0 0 2 2 -1 0 -1 1 -2 1 2 1
0 0 2 2 -1 0 -1 1 -2 2 4 0
0 0 2 2 -1 0 -1 -2 1 1 2 1
0 0 2 2 -1 0 -1 -2 1 2 4 0
0 0 2 2 -1 0 1 -1 -2 1 2 5
0 0 2 2 -1 0 1 -1 -2 2 4 0
0 0 2 2 -1 0 1 -2 -1 1 2 5
0 0 2 2 -1 0 1 -2 -1 2 4 0
0 0 2 2 -1 0 1 -2 -2 1 2 5
0 0 2 2 -1 0 1 -2 -2 2 4 0
0 0 2 2 -1 0 -2 -1 1 1 2 1
0 0 2 2 -1 0 -2 -1 1 2 4 0
0 0 2 2 -1 0 -2 1 -1 1 2 1
0 0 2 2 -1 0 -2 1 -1 2 4 0
0 0 2 2 -1 0 -2 1 -2 1 2 1
0 0 2 2 -1 0 -2 1 -2 2 4 0
0 0 2 2 -1 0 -2 -2 1 1 2 1
0 0 2 2 -1 0 -2 -2 1 2 4 0
0 0 2 2 -1 0 -2 -2 2 1 2 1
0 0 2 2 -1 0 -2 -2 2 2 4 0
0 0 2 2 -1 0 -2 2 -2 1 2 1
0 0 2 2 -1 0 -2 2 -2 2 4 0
0 0 2 2 -1 0 2 -2 -2 1 2 1
0 0 2 2 -1 0 2 -2 -2 2 4 0
0 0 2 2 -1 -1 0 1 -2 1 3 0
0 0 2 2 -1 -1 0 1 -2 2 4 0
0 0 2 2 -1 -1 0 -2 1 1 2 1
0 0 2 2 -1 -1 0 -2 1 2 4 0
0 0 2 2 -1 -1 1 0 -2 1 6 7
0 0 2 2 -1 -1 1 0 -2 2 4 0
0 0 2 2 -1 -1 1 -2 0 1 3 0
0 0 2 2 -1 -1 1 -2 0 2 4 0
0 0 2 2 -1 -1 -2 0 1 1 2 1
0 0 2 2 -1 -1 -2 0 1 2 4 0
0 0 2 2 -1 -1 -2 1 0 1 2 1
0 0 2 2 -1 -1 -2 1 0 2 4 0
0 0 2 2 -1 1 0 -1 -2 1 2 1
0 0 2 2 -1 1 0 -1 -2 2 4 0
0 0 2 2 -1 1 0 -2 -1 1 2 1
0 0 2 2 -1 1 0 -2 -1 2 4 0
0 0 2 2 -1 1 0 -2 -2 1 2 1
0 0 2 2 -1 1 0 -2 -2 2 4 0
0 0 2 2 -1 1 -1 0 -2 1 2 1
0 0 2 2 -1 1 -1 0 -2 2 4 1
0 0 2 2 -1 1 -1 -2 0 1 5 8
0 0 2 2 -1 1 -1 -2 0 2 4 0
0 0 2 2 -1 1 -2 0 -1 1 2 1
0 0 2 2 -1 1 -2 0 -1 2 4 0
0 0 2 2 -1 1 -2 0 -2 1 2 1
0 0 2 2 -1 1 -2 0 -2 2 4 0
0 0 2 2 -1 1 -2 -1 0 1 5 8
0 0 2 2 -1 1 -2 -1 0 2 4 0
0 0 2 2 -1 1 -2 -2 0 1 5 8
0 0 2 2 -1 1 -2 -2 0 2 4 0
0 0 2 2 -1 -2 0 -1 1 1 2 1
0 0 2 2 -1 -2 0 -1 1 2 4 0
0 0 2 2 -1 -2 0 1 -1 1 3 0
0 0 2 2 -1 -2 0 1 -1 2 4 0
0 0 2 2 -1 -2 0 1 -2 1 3 0
0 0 2 2 -1 -2 0 1 -2 2 4 0
0 0 2 2 -1 -2 0 -2 1 1 3 0
0 0 2 2 -1 -2 0 -2 1 2 4 0
0 0 2 2 -1 -2 0 -2 2 1 3 0
0 0 2 2 -1 -2 0 -2 2 2 4 0
0 0 2 2 -1 -2 0 2 -2 1 3 0
0 0 2 2 -1 -2 0 2 -2 2 4 0
0 0 2 2 -1 -2 -1 0 1 1 2 1
0 0 2 2 -1 -2 -1 0 1 2 4 0
0 0 2 2 -1 -2 -1 1 0 1 2 1
0 0 2 2 -1 -2 -1 1 0 2 4 0
0 0 2 2 -1 -2 1 0 -1 1 6 7
0 0 2 2 -1 -2 1 0 -1 2 4 0
0 0 2 2 -1 -2 1 0 -2 1 6 7
0 0 2 2 -1 -2 1 0 -2 2 4 0
0 0 2 2 -1 -2 1 -1 0 1 3 0
0 0 2 2 -1 -2 1 -1 0 2 4 0
0 0 2 2 -1 -2 1 -2 0 1 3 0
0 0 2 2 -1 -2 1 -2 0 2 4 0
0 0 2 2 -1 -2 -2 0 1 1 3 0
0 0 2 2 -1 -2 -2 0 1 2 4 0
0 0 2 2 -1 -2 -2 0 2 1 2 1
0 0 2 2 -1 -2 -2 0 2 2 4 0
0 0 2 2 -1 -2 -2 1 0 1 3 0
0 0 2 2 -1 -2 -2 1 0 2 4 0
0 0 2 2 -1 -2 -2 2 0 1 2 1
0 0 2 2 -1 -2 -2 2 0 2 4 0
0 0 2 2 -1 -2 2 0 -2 1 3 0
0 0 2 2 -1 -2 2 0 -2 2 4 0
0 0 2 2 -1 -2 2 -2 0 1 3 0
0 0 2 2 -1 -2 2 -2 0 2 4 0
0 0 2 2 -1 2 0 -2 -2 1 2 1
0 0 2 2 -1 2 0 -2 -2 2 4 0
0 0 2 2 -1 2 -2 0 -2 1 2 1
0 0 2 2 -1 2 -2 0 -2 2 4 0
0 0 2 2 -1 2 -2 -2 0 1 5 8
0 0 2 2 -1 2 -2 -2 0 2 4 0
0 0 2 2 1 0 -1 -1 -2 1 2 5
0 0 2 2 1 0 -1 -1 -2 2 8 5
0 0 2 2 1 0 -1 -2 -1 1 2 5
0 0 2 2 1 0 -1 -2 -1 2 8 5
0 0 2 2 1 0 -1 -2 -2 1 2 5
0 0 2 2 1 0 -1 -2 -2 2 8 5
0 0 2 2 1 0 -2 -1 -1 1 2 5
0 0 2 2 1 0 -2 -1 -1 2 8 5
0 0 2 2 1 0 -2 -1 -2 1 2 5
0 0 2 2 1 0 -2 -1 -2 2 8 5
0 0 2 2 1 0 -2 -2 -1 1 2 5
0 0 2 2 1 0 -2 -2 -1 2 8 5
0 0 2 2 1 0 -2 -2 -2 1 2 5
0 0 2 2 1 0 -2 -2 -2 2 8 5
0 0 2 2 1 -1 0 -1 -2 1 3 0
0 0 2 2 1 -1 0 -1 -2 2 7 6
0 0 2 2 1 -1 0 -2 -1 1 3 0
0 0 2 2 1 -1 0 -2 -1 2 7 6
0 0 2 2 1 -1 0 -2 -2 1 3 0
0 0 2 2 1 -1 0 -2 -2 2 7 6
0 0 2 2 1 -1 -1 0 -2 1 3 0
0 0 2 2 1 -1 -1 0 -2 2 6 7
0 0 2 2 1 -1 -1 -2 0 1 3 0
0 0 2 2 1 -1 -1 -2 0 2 7 8
0 0 2 2 1 -1 -2 0 -1 1 3 0
0 0 2 2 1 -1 -2 0 -1 2 6 7
0 0 2 2 1 -1 -2 0 -2 1 3 0
0 0 2 2 1 -1 -2 0 -2 2 6 7
0 0 2 2 1 -1 -2 -1 0 1 3 0
0 0 2 2 1 -1 -2 -1 0 2 7 8
0 0 2 2 1 -1 -2 -2 0 1 3 0
0 0 2 2 1 -1 -2 -2 0 2 7 8
0 0 2 2 1 -2 0 -1 -1 1 3 0
0 0 2 2 1 -2 0 -1 -1 2 7 6
0 0 2 2 1 -2 0 -1 -2 1 3 0
0 0 2 2 1 -2 0 -1 -2 2 7 6
0 0 2 2 1 -2 0 -2 -1 1 3 0
0 0 2 2 1 -2 0 -2 -1 2 7 6
0 0 2 2 1 -2 0 -2 -2 1 3 0
0 0 2 2 1 -2 0 -2 -2 2 7 6
0 0 2 2 1 -2 -1 0 -1 1 3 0
0 0 2 2 1 -2 -1 0 -1 2 6 7
0 0 2 2 1 -2 -1 0 -2 1 3 0
0 0 2 2 1 -2 -1 0 -2 2 6 7
0 0 2 2 1 -2 -1 -1 0 1 3 0
0 0 2 2 1 -2 -1 -1 0 2 7 8
0 0 2 2 1 -2 -1 -2 0 1 3 0
0 0 2 2 1 -2 -1 -2 0 2 7 8
0 0 2 2 1 -2 -2 0 -1 1 3 0
0 0 2 2 1 -2 -2 0 -1 2 6 7
0 0 2 2 1 -2 -2 0 -2 1 3 0
0 0 2 2 1 -2 -2 0 -2 2 6 7
0 0 2 2 1 -2 -2 -1 0 1 3 0
0 0 2 2 1 -2 -2 -1 0 2 7 8
0 0 2 2 1 -2 -2 -2 0 1 3 0
0 0 2 2 1 -2 -2 -2 0 2 7 8
0 0 2 2 -2 0 -1 -1 1 1 2 1
0 0 2 2 -2 0 -1 -1 1 2 4 0
0 0 2 2 -2 0 -1 1 -1 1 2 5
0 0 2 2 -2 0 -1 1 -1 2 4 0
0 0 2 2 -2 0 -1 1 -2 1 2 1
0 0 2 2 -2 0 -1 1 -2 2 4 0
0 0 2 2 -2 0 -1 -2 1 1 2 1
0 0 2 2 -2 0 -1 -2 1 2 4 0
0 0 2 2 -2 0 -1 -2 2 1 2 1
0 0 2 2 -2 0 -1 -2 2 2 4 0
0 0 2 2 -2 0 -1 2 -2 1 2 1
0 0 2 2 -2 0 -1 2 -2 2 4 0
0 0 2 2 -2 0 1 -1 -1 1 2 5
0 0 2 2 -2 0 1 -1 -1 2 4 0
0 0 2 2 -2 0 1 -1 -2 1 2 5
0 0 2 2 -2 0 1 -1 -2 2 4 0
0 0 2 2 -2 0 1 -2 -1 1 2 5
0 0 2 2 -2 0 1 -2 -1 2 4 0
0 0 2 2 -2 0 1 -2 -2 1 2 5
0 0 2 2 -2 0 1 -2 -2 2 4 0
0 0 2 2 -2 0 -2 -1 1 1 2 1
0 0 2 2 -2 0 -2 -1 1 2 4 0
0 0 2 2 -2 0 -2 -1 2 1 2 1
0 0 2 2 -2 0 -2 -1 2 2 4 0
0 0 2 2 -2 0 -2 1 -1 1 2 1
0 0 2 2 -2 0 -2 1 -1 2 4 0
0 0 2 2 -2 0 -2 1 -2 1 2 1
0 0 2 2 -2 0 -2 1 -2 2 4 0
0 0 2 2 -2 0 -2 -2 1 1 2 1
0 0 2 2 -2 0 -2 -2 1 2 4 0
0 0 2 2 -2 0 -2 -2 2 1 2 1
0 0 2 2 -2 0 -2 -2 2 2 4 0
0 0 2 2 -2 0 -2 2 -1 1 2 1
0 0 2 2 -2 0 -2 2 -1 2 4 0
0 0 2 2 -2 0 -2 2 -2 1 2 1
0 0 2 2 -2 0 -2 2 -2 2 4 0
0 0 2 2 -2 0 2 -1 -2 1 2 1
0 0 2 2 -2 0 2 -1 -2 2 4 0
0 0 2 2 -2 0 2 -2 -1 1 2 1
0 0 2 2 -2 0 2 -2 -1 2 4 0
0 0 2 2 -2 0 2 -2 -2 1 2 1
0 0 2 2 -2 0 2 -2 -2 2 4 0
0 0 2 2 -2 -1 0 -1 1 1 3 0
0 0 2 2 -2 -1 0 -1 1 2 4 0
0 0 2 2 -2 -1 0 1 -1 1 3 0
0 0 2 2 -2 -1 0 1 -1 2 4 0
0 0 2 2 -2 -1 0 1 -2 1 3 0
0 0 2 2 -2 -1 0 1 -2 2 4 0
0 0 2 2 -2 -1 0 -2 1 1 3 0
0 0 2 2 -2 -1 0 -2 1 2 4 0
0 0 2 2 -2 -1 0 -2 2 1 3 0
0 0 2 2 -2 -1 0 -2 2 2 4 0
0 0 2 2 -2 -1 0 2 -2 1 3 0
0 0 2 2 -2 -1 0 2 -2 2 4 0
0 0 2 2 -2 -1 -1 0 1 1 2 1
0 0 2 2 -2 -1 -1 0 1 2 4 0
0 0 2 2 -2 -1 -1 1 0 1 2 1
0 0 2 2 -2 -1 -1 1 0 2 4 0
0 0 2 2 -2 -1 1 0 -1 1 6 7
0 0 2 2 -2 -1 1 0 -1 2 4 0
0 0 2 2 -2 -1 1 0 -2 1 6 7
0 0 2 2 -2 -1 1 0 -2 2 4 0
0 0 2 2 -2 -1 1 -1 0 1 3 0
0 0 2 2 -2 -1 1 -1 0 2 4 0
0 0 2 2 -2 -1 1 -2 0 1 3 0
0 0 2 2 -2 -1 1 -2 0 2 4 0
0 0 2 2 -2 -1 -2 0 1 1 3 0
0 0 2 2 -2 -1 -2 0 1 2 4 0
0 0 2 2 -2 -1 -2 0 2 1 3 0
0 0 2 2 -2 -1 -2 0 2 2 4 0
0 0 2 2 -2 -1 -2 1 0 1 3 0
0 0 2 2 -2 -1 -2 1 0 2 4 0
0 0 2 2 -2 -1 -2 2 0 1 3 0
0 0 2 2 -2 -1 -2 2 0 2 4 0
0 0 2 2 -2 -1 2 0 -2 1 2 1
0 0 2 2 -2 -1 2 0 -2 2 4 0
0 0 2 2 -2 -1 2 -2 0 1 3 0
0 0 2 2 -2 -1 2 -2 0 2 4 0
0 0 2 2 -2 1 0 -1 -1 1 2 1
0 0 2 2 -2 1 0 -1 -1 2 4 0
0 0 2 2 -2 1 0 -1 -2 1 2 1
0 0 2 2 -2 1 0 -1 -2 2 4 0
0 0 2 2 -2 1 0 -2 -1 1 2 1
0 0 2 2 -2 1 0 -2 -1 2 4 0
0 0 2 2 -2 1 0 -2 -2 1 2 1
0 0 2 2 -2 1 0 -2 -2 2 4 0
0 0 2 2 -2 1 -1 0 -1 1 2 1
0 0 2 2 -2 1 -1 0 -1 2 4 1
0 0 2 2 -2 1 -1 0 -2 1 2 1
0 0 2 2 -2 1 -1 0 -2 2 4 1
0 0 2 2 -2 1 -1 -1 0 1 5 8
0 0 2 2 -2 1 -1 -1 0 2 4 0
0 0 2 2 -2 1 -1 -2 0 1 5 8
0 0 2 2 -2 1 -1 -2 0 2 4 0
0 0 2 2 -2 1 -2 0 -1 1 2 1
0 0 2 2 -2 1 -2 0 -1 2 4 0
0 0 2 2 -2 1 -2 0 -2 1 2 1
0 0 2 2 -2 1 -2 0 -2 2 4 0
0 0 2 2 -2 1 -2 -1 0 1 5 8
0 0 2 2 -2 1 -2 -1 0 2 4 0
0 0 2 2 -2 1 -2 -2 0 1 5 8
0 0 2 2 -2 1 -2 -2 0 2 4 0
0 0 2 2 -2 -2 0 -1 1 1 3 0
0 0 2 2 -2 -2 0 -1 1 2 4 0
0 0 2 2 -2 -2 0 -1 2 1 3 0
0 0 2 2 -2 -2 0 -1 2 2 4 0
0 0 2 2 -2 -2 0 1 -1 1 3 0
0 0 2 2 -2 -2 0 1 -1 2 4 0
0 0 2 2 -2 -2 0 1 -2 1 3 0
0 0 2 2 -2 -2 0 1 -2 2 4 0
0 0 2 2 -2 -2 0 -2 1 1 3 0
0 0 2 2 -2 -2 0 -2 1 2 4 0
0 0 2 2 -2 -2 0 -2 2 1 3 0
0 0 2 2 -2 -2 0 -2 2 2 4 0
0 0 2 2 -2 -2 0 2 -1 1 2 1
0 0 2 2 -2 -2 0 2 -1 2 4 0
0 0 2 2 -2 -2 0 2 -2 1 3 0
0 0 2 2 -2 -2 0 2 -2 2 4 0
0 0 2 2 -2 -2 -1 0 1 1 3 0
0 0 2 2 -2 -2 -1 0 1 2 4 0
0 0 2 2 -2 -2 -1 0 2 1 2 1
0 0 2 2 -2 -2 -1 0 2 2 4 0
0 0 2 2 -2 -2 -1 1 0 1 2 1
0 0 2 2 -2 -2 -1 1 0 2 4 0
0 0 2 2 -2 -2 -1 2 0 1 2 1
0 0 2 2 -2 -2 -1 2 0 2 4 0
0 0 2 2 -2 -2 1 0 -1 1 6 7
0 0 2 2 -2 -2 1 0 -1 2 4 0
0 0 2 2 -2 -2 1 0 -2 1 6 7
0 0 2 2 -2 -2 1 0 -2 2 4 0
0 0 2 2 -2 -2 1 -1 0 1 3 0
0 0 2 2 -2 -2 1 -1 0 2 4 0
0 0 2 2 -2 -2 1 -2 0 1 3 0
0 0 2 2 -2 -2 1 -2 0 2 4 0
0 0 2 2 -2 -2 -2 0 1 1 3 0
0 0 2 2 -2 -2 -2 0 1 2 4 0
0 0 2 2 -2 -2 -2 0 2 1 3 0
0 0 2 2 -2 -2 -2 0 2 2 4 0
0 0 2 2 -2 -2 -2 1 0 1 3 0
0 0 2 2 -2 -2 -2 1 0 2 4 0
0 0 2 2 -2 -2 -2 2 0 1 3 0
0 0 2 2 -2 -2 -2 2 0 2 4 0
0 0 2 2 -2 -2 2 0 -1 1 2 1
0 0 2 2 -2 -2 2 0 -1 2 4 0
0 0 2 2 -2 -2 2 0 -2 1 3 0
0 0 2 2 -2 -2 2 0 -2 2 4 0
0 0 2 2 -2 -2 2 -1 0 1 3 0
0 0 2 2 -2 -2 2 -1 0 2 4 0
0 0 2 2 -2 -2 2 -2 0 1 3 0
0 0 2 2 -2 -2 2 -2 0 2 4 0
0 0 2 2 -2 2 0 -1 -2 1 2 1
0 0 2 2 -2 2 0 -1 -2 2 4 0
0 0 2 2 -2 2 0 -2 -1 1 2 1
0 0 2 2 -2 2 0 -2 -1 2 4 0
0 0 2 2 -2 2 0 -2 -2 1 2 1
0 0 2 2 -2 2 0 -2 -2 2 4 0
0 0 2 2 -2 2 -1 0 -2 1 2 1
0 0 2 2 -2 2 -1 0 -2 2 4 0
0 0 2 2 -2 2 -1 -2 0 1 5 8
0 0 2 2 -2 2 -1 -2 0 2 4 0
0 0 2 2 -2 2 -2 0 -1 1 2 1
0 0 2 2 -2 2 -2 0 -1 2 4 0
0 0 2 2 -2 2 -2 0 -2 1 2 1
0 0 2 2 -2 2 -2 0 -2 2 4 0
0 0 2 2 -2 2 -2 -1 0 1 5 8
0 0 2 2 -2 2 -2 -1 0 2 4 0
0 0 2 2 -2 2 -2 -2 0 1 5 8
0 0 2 2 -2 2 -2 -2 0 2 4 0
0 0 2 2 2 -1 0 -2 -2 1 3 0
0 0 2 2 2 -1 0 -2 -2 2 7 6
0 0 2 2 2 -1 -2 0 -2 1 3 0
0 0 2 2 2 -1 -2 0 -2 2 6 7
0 0 2 2 2 -1 -2 -2 0 1 3 0
0 0 2 2 2 -1 -2 -2 0 2 5 8
0 0 2 2 2 -2 0 -1 -2 1 3 0
0 0 2 2 2 -2 0 -1 -2 2 7 6
0 0 2 2 2 -2 0 -2 -1 1 3 0
0 0 2 2 2 -2 0 -2 -1 2 7 6
0 0 2 2 2 -2 0 -2 -2 1 3 0
0 0 2 2 2 -2 0 -2 -2 2 7 6
0 0 2 2 2 -2 -1 0 -2 1 3 0
0 0 2 2 2 -2 -1 0 -2 2 6 7
0 0 2 2 2 -2 -1 -2 0 1 3 0
0 0 2 2 2 -2 -1 -2 0 2 5 8
0 0 2 2 2 -2 -2 0 -1 1 3 0
0 0 2 2 2 -2 -2 0 -1 2 6 7
0 0 2 2 2 -2 -2 0 -2 1 3 0
0 0 2 2 2 -2 -2 0 -2 2 6 7
0 0 2 2 2 -2 -2 -1 0 1 3 0
0 0 2 2 2 -2 -2 -1 0 2 5 8
0 0 2 2 2 -2 -2 -2 0 1 3 0
0 0 2 2 2 -2 -2 -2 0 2 5 8
0 -1 0 0 -1 -1 2 1 1 1 6 3
0 -1 0 0 -1 -1 2 1 1 2 1 0
0 -1 0 0 -1 1 -2 1 1 1 5 2
0 -1 0 0 -1 1 -2 1 1 2 1 2
0 -1 0 0 -1 1 -2 1 2 1 5 2
0 -1 0 0 -1 1 -2 1 2 2 1 2
0 -1 0 0 -1 1 -2 2 1 1 5 2
0 -1 0 0 -1 1 -2 2 1 2 1 2
0 -1 0 0 -1 1 -2 2 2 1 5 2
0 -1 0 0 -1 1 -2 2 2 2 1 2
0 -1 0 0 -1 1 2 -1 1 1 5 2
0 -1 0 0 -1 1 2 -1 1 2 1 2
0 -1 0 0 -1 1 2 1 -1 1 5 2
0 -1 0 0 -1 1 2 1 -1 2 1 0
0 -1 0 0 -1 1 2 1 -2 1 5 2
0 -1 0 0 -1 1 2 1 -2 2 1 2
0 -1 0 0 -1 1 2 -2 1 1 5 2
0 -1 0 0 -1 1 2 -2 1 2 1 2
0 -1 0 0 -1 1 2 -2 2 1 5 2
0 -1 0 0 -1 1 2 -2 2 2 1 0
0 -1 0 0 -1 1 2 2 -2 1 5 2
0 -1 0 0 -1 1 2 2 -2 2 1 2
0 -1 0 0 -1 -2 1 1 1 1 6 3
0 -1 0 0 -1 -2 1 1 1 2 1 0
0 -1 0 0 -1 -2 1 1 2 1 6 3
0 -1 0 0 -1 -2 1 1 2 2 1 0
0 -1 0 0 -1 -2 1 2 1 1 6 3
0 -1 0 0 -1 -2 1 2 1 2 1 0
0 -1 0 0 -1 -2 1 2 2 1 6 3
0 -1 0 0 -1 -2 1 2 2 2 1 0
0 -1 0 0 -1 -2 2 1 1 1 6 3
0 -1 0 0 -1 -2 2 1 1 2 1 0
0 -1 0 0 -1 -2 2 1 2 1 6 3
0 -1 0 0 -1 -2 2 1 2 2 1 0
0 -1 0 0 -1 -2 2 2 1 1 6 3
0 -1 0 0 -1 -2 2 2 1 2 1 0
0 -1 0 0 -1 2 -1 1 1 1 5 2
0 -1 0 0 -1 2 -1 1 1 2 1 2
0 -1 0 0 -1 2 1 -1 1 1 5 2
0 -1 0 0 -1 2 1 -1 1 2 1 2
0 -1 0 0 -1 2 1 1 -1 1 5 2
0 -1 0 0 -1 2 1 1 -1 2 1 0
0 -1 0 0 -1 2 1 1 -2 1 5 2
0 -1 0 0 -1 2 1 1 -2 2 1 0
0 -1 0 0 -1 2 1 -2 1 1 5 2
0 -1 0 0 -1 2 1 -2 1 2 1 0
0 -1 0 0 -1 2 1 -2 2 1 5 2
0 -1 0 0 -1 2 1 -2 2 2 1 0
0 -1 0 0 -1 2 1 2 -2 1 5 2
0 -1 0 0 -1 2 1 2 -2 2 1 0
0 -1 0 0 -1 2 -2 1 1 1 5 2
0 -1 0 0 -1 2 -2 1 1 2 1 2
0 -1 0 0 -1 2 -2 1 2 1 5 2
0 -1 0 0 -1 2 -2 1 2 2 1 2
0 -1 0 0 -1 2 -2 2 1 1 5 2
0 -1 0 0 -1 2 -2 2 1 2 1 2
0 -1 0 0 -1 2 2 1 -2 1 5 2
0 -1 0 0 -1 2 2 1 -2 2 1 0
0 -1 0 0 -1 2 2 -2 1 1 5 2
0 -1 0 0 -1 2 2 -2 1 2 1 2
0 -1 0 0 1 -1 -2 1 1 1 4 0
0 -1 0 0 1 -1 -2 1 1 2 1 0
0 -1 0 0 1 -1 -2 1 2 1 4 0
0 -1 0 0 1 -1 -2 1 2 2 1 0
0 -1 0 0 1 -1 -2 2 1 1 4 0
0 -1 0 0 1 -1 -2 2 1 2 1 0
0 -1 0 0 1 -1 -2 2 2 1 4 0
0 -1 0 0 1 -1 -2 2 2 2 1 0
0 -1 0 0 1 -1 2 -1 1 1 4 0
0 -1 0 0 1 -1 2 -1 1 2 1 0
0 -1 0 0 1 -1 2 1 -1 1 4 0
0 -1 0 0 1 -1 2 1 -1 2 1 0
0 -1 0 0 1 -1 2 1 -2 1 4 0
0 -1 0 0 1 -1 2 1 -2 2 1 0
0 -1 0 0 1 -1 2 -2 1 1 4 0
0 -1 0 0 1 -1 2 -2 1 2 1 0
0 -1 0 0 1 -1 2 -2 2 1 4 0
0 -1 0 0 1 -1 2 -2 2 2 1 0
0 -1 0 0 1 -1 2 2 -2 1 4 0
0 -1 0 0 1 -1 2 2 -2 2 1 0
0 -1 0 0 1 1 -2 -1 1 1 4 0
0 -1 0 0 1 1 -2 -1 1 2 1 2
0 -1 0 0 1 1 -2 -1 2 1 5 2
0 -1 0 0 1 1 -2 -1 2 2 1 2
0 -1 0 0 1 1 -2 1 -1 1 4 0
0 -1 0 0 1 1 -2 1 -1 2 1 2
0 -1 0 0 1 1 -2 -2 2 1 5 2
0 -1 0 0 1 1 -2 -2 2 2 1 2
0 -1 0 0 1 1 -2 2 -1 1 4 0
0 -1 0 0 1 1 -2 2 -1 2 1 2
0 -1 0 0 1 1 -2 2 -2 1 4 0
0 -1 0 0 1 1 -2 2 -2 2 1 2
0 -1 0 0 1 1 2 -1 -1 1 4 0
0 -1 0 0 1 1 2 -1 -1 2 1 0
0 -1 0 0 1 1 2 -1 -2 1 4 0
0 -1 0 0 1 1 2 -1 -2 2 1 0
0 -1 0 0 1 1 2 -2 -1 1 4 0
0 -1 0 0 1 1 2 -2 -1 2 1 0
0 -1 0 0 1 1 2 -2 -2 1 4 0
0 -1 0 0 1 1 2 -2 -2 2 1 0
0 -1 0 0 1 -2 -1 1 1 1 4 0
0 -1 0 0 1 -2 -1 1 1 2 1 0
0 -1 0 0 1 -2 -1 1 2 1 4 0
0 -1 0 0 1 -2 -1 1 2 2 1 0
0 -1 0 0 1 -2 -1 2 1 1 4 0
0 -1 0 0 1 -2 -1 2 1 2 1 0
0 -1 0 0 1 -2 -1 2 2 1 4 0
0 -1 0 0 1 -2 -1 2 2 2 1 0
0 -1 0 0 1 -2 1 -1 1 1 4 0
0 -1 0 0 1 -2 1 -1 1 2 1 2
0 -1 0 0 1 -2 1 -1 2 1 4 0
0 -1 0 0 1 -2 1 -1 2 2 1 0
0 -1 0 0 1 -2 1 1 -1 1 4 0
0 -1 0 0 1 -2 1 1 -1 2 1 0
0 -1 0 0 1 -2 1 -2 2 1 4 0
0 -1 0 0 1 -2 1 -2 2 2 1 0
0 -1 0 0 1 -2 1 2 -1 1 4 0
0 -1 0 0 1 -2 1 2 -1 2 1 0
0 -1 0 0 1 -2 1 2 -2 1 4 0
0 -1 0 0 1 -2 1 2 -2 2 1 0
0 -1 0 0 1 -2 -2 1 2 1 4 0
0 -1 0 0 1 -2 -2 1 2 2 1 0
0 -1 0 0 1 -2 -2 2 1 1 4 0
0 -1 0 0 1 -2 -2 2 1 2 1 0
0 -1 0 0 1 -2 -2 2 2 1 4 0
0 -1 0 0 1 -2 -2 2 2 2 1 0
0 -1 0 0 1 -2 2 -1 1 1 4 0
0 -1 0 0 1 -2 2 -1 1 2 1 0
0 -1 0 0 1 -2 2 -1 2 1 4 0
0 -1 0 0 1 -2 2 -1 2 2 1 0
0 -1 0 0 1 -2 2 1 -1 1 4 0
0 -1 0 0 1 -2 2 1 -1 2 1 0
0 -1 0 0 1 -2 2 1 -2 1 4 0
0 -1 0 0 1 -2 2 1 -2 2 1 0
0 -1 0 0 1 -2 2 -2 1 1 4 0
0 -1 0 0 1 -2 2 -2 1 2 1 0
0 -1 0 0 1 -2 2 -2 2 1 4 0
0 -1 0 0 1 -2 2 -2 2 2 1 0
0 -1 0 0 1 -2 2 2 -1 1 4 0
0 -1 0 0 1 -2 2 2 -1 2 1 0
0 -1 0 0 1 -2 2 2 -2 1 4 0
0 -1 0 0 1 -2 2 2 -2 2 1 0
0 -1 0 0 1 2 -1 -1 1 1 4 0
0 -1 0 0 1 2 -1 -1 1 2 1 2
0 -1 0 0 1 2 -1 1 -1 1 4 0
0 -1 0 0 1 2 -1 1 -1 2 1 0
0 -1 0 0 1 2 -1 1 -2 1 4 0
0 -1 0 0 1 2 -1 1 -2 2 1 0
0 -1 0 0 1 2 -1 -2 1 1 4 0
0 -1 0 0 1 2 -1 -2 1 2 1 0
0 -1 0 0 1 2 -1 -2 2 1 4 2
0 -1 0 0 1 2 -1 -2 2 2 1 2
0 -1 0 0 1 2 -1 2 -2 1 4 0
0 -1 0 0 1 2 -1 2 -2 2 1 0
0 -1 0 0 1 2 1 -1 -1 1 4 0
0 -1 0 0 1 2 1 -1 -1 2 1 0
0 -1 0 0 1 2 1 -1 -2 1 4 0
0 -1 0 0 1 2 1 -1 -2 2 1 0
0 -1 0 0 1 2 1 -2 -1 1 4 0
0 -1 0 0 1 2 1 -2 -1 2 1 0
0 -1 0 0 1 2 1 -2 -2 1 4 0
0 -1 0 0 1 2 1 -2 -2 2 1 0
0 -1 0 0 1 2 -2 -1 1 1 4 0
0 -1 0 0 1 2 -2 -1 1 2 1 2
0 -1 0 0 1 2 -2 -1 2 1 4 2
0 -1 0 0 1 2 -2 -1 2 2 1 2
0 -1 0 0 1 2 -2 1 -1 1 4 0
0 -1 0 0 1 2 -2 1 -1 2 1 2
0 -1 0 0 1 2 -2 1 -2 1 4 0
0 -1 0 0 1 2 -2 1 -2 2 1 2
0 -1 0 0 1 2 -2 -2 1 1 4 0
0 -1 0 0 1 2 -2 -2 1 2 1 0
0 -1 0 0 1 2 -2 -2 2 1 4 2
0 -1 0 0 1 2 -2 -2 2 2 1 2
0 -1 0 0 1 2 -2 2 -1 1 4 0
0 -1 0 0 1 2 -2 2 -1 2 1 2
0 -1 0 0 1 2 -2 2 -2 1 4 0
0 -1 0 0 1 2 -2 2 -2 2 1 2
0 -1 0 0 1 2 2 -1 -2 1 4 0
0 -1 0 0 1 2 2 -1 -2 2 1 0
0 -1 0 0 1 2 2 -2 -1 1 4 0
0 -1 0 0 1 2 2 -2 -1 2 1 0
0 -1 0 0 1 2 2 -2 -2 1 4 0
0 -1 0 0 1 2 2 -2 -2 2 1 0
0 -1 0 0 -2 -1 1 1 1 1 6 3
0 -1 0 0 -2 -1 1 1 1 2 1 0
0 -1 0 0 -2 -1 1 1 2 1 6 3
0 -1 0 0 -2 -1 1 1 2 2 1 0
0 -1 0 0 -2 -1 1 2 1 1 6 3
0 -1 0 0 -2 -1 1 2 1 2 1 0
0 -1 0 0 -2 -1 1 2 2 1 6 3
0 -1 0 0 -2 -1 1 2 2 2 1 0
0 -1 0 0 -2 -1 2 1 1 1 6 3
0 -1 0 0 -2 -1 2 1 1 2 1 0
0 -1 0 0 -2 -1 2 1 2 1 6 3
0 -1 0 0 -2 -1 2 1 2 2 1 0
0 -1 0 0 -2 -1 2 2 1 1 6 3
0 -1 0 0 -2 -1 2 2 1 2 1 0
0 -1 0 0 -2 1 -1 1 1 1 5 2
0 -1 0 0 -2 1 -1 1 1 2 1 2
0 -1 0 0 -2 1 -1 1 2 1 5 2
0 -1 0 0 -2 1 -1 1 2 2 1 2
0 -1 0 0 -2 1 -1 2 1 1 5 2
0 -1 0 0 -2 1 -1 2 1 2 1 2
0 -1 0 0 -2 1 -1 2 2 1 5 2
0 -1 0 0 -2 1 -1 2 2 2 1 2
0 -1 0 0 -2 1 1 -1 1 1 5 2
0 -1 0 0 -2 1 1 -1 1 2 1 2
0 -1 0 0 -2 1 1 -1 2 1 5 2
0 -1 0 0 -2 1 1 -1 2 2 1 2
0 -1 0 0 -2 1 1 1 -1 1 5 2
0 -1 0 0 -2 1 1 1 -1 2 1 0
0 -1 0 0 -2 1 1 -2 2 1 5 2
0 -1 0 0 -2 1 1 -2 2 2 1 0
0 -1 0 0 -2 1 1 2 -1 1 5 2
0 -1 0 0 -2 1 1 2 -1 2 1 0
0 -1 0 0 -2 1 1 2 -2 1 5 2
0 -1 0 0 -2 1 1 2 -2 2 1 0
0 -1 0 0 -2 1 -2 1 2 1 5 2
0 -1 0 0 -2 1 -2 1 2 2 1 0
0 -1 0 0 -2 1 -2 2 1 1 5 2
0 -1 0 0 -2 1 -2 2 1 2 1 0
0 -1 0 0 -2 1 -2 2 2 1 5 2
0 -1 0 0 -2 1 -2 2 2 2 1 0
0 -1 0 0 -2 1 2 -1 1 1 5 2
0 -1 0 0 -2 1 2 -1 1 2 1 2
0 -1 0 0 -2 1 2 -1 2 1 5 2
0 -1 0 0 -2 1 2 -1 2 2 1 2
0 -1 0 0 -2 1 2 1 -1 1 5 2
0 -1 0 0 -2 1 2 1 -1 2 1 0
0 -1 0 0 -2 1 2 1 -2 1 5 2
0 -1 0 0 -2 1 2 1 -2 2 1 0
0 -1 0 0 -2 1 2 -2 1 1 5 2
0 -1 0 0 -2 1 2 -2 1 2 1 0
0 -1 0 0 -2 1 2 -2 2 1 5 2
0 -1 0 0 -2 1 2 -2 2 2 1 0
0 -1 0 0 -2 1 2 2 -1 1 5 2
0 -1 0 0 -2 1 2 2 -1 2 1 0
0 -1 0 0 -2 1 2 2 -2 1 5 2
0 -1 0 0 -2 1 2 2 -2 2 1 0
0 -1 0 0 -2 -2 1 1 2 1 6 3
0 -1 0 0 -2 -2 1 1 2 2 1 0
0 -1 0 0 -2 -2 1 2 1 1 6 3
0 -1 0 0 -2 -2 1 2 1 2 1 0
0 -1 0 0 -2 -2 1 2 2 1 6 3
0 -1 0 0 -2 -2 1 2 2 2 1 0
0 -1 0 0 -2 -2 2 1 1 1 6 3
0 -1 0 0 -2 -2 2 1 1 2 1 0
0 -1 0 0 -2 -2 2 1 2 1 6 3
0 -1 0 0 -2 -2 2 1 2 2 1 0
0 -1 0 0 -2 -2 2 2 1 1 6 3
0 -1 0 0 -2 -2 2 2 1 2 1 0
0 -1 0 0 -2 -2 2 2 2 1 6 3
0 -1 0 0 -2 -2 2 2 2 2 1 0
0 -1 0 0 -2 2 -1 1 1 1 5 2
0 -1 0 0 -2 2 -1 1 1 2 1 2
0 -1 0 0 -2 2 -1 1 2 1 5 2
0 -1 0 0 -2 2 -1 1 2 2 1 2
0 -1 0 0 -2 2 -1 2 1 1 5 2
0 -1 0 0 -2 2 -1 2 1 2 1 2
0 -1 0 0 -2 2 1 -1 1 1 5 2
0 -1 0 0 -2 2 1 -1 1 2 1 2
0 -1 0 0 -2 2 1 -1 2 1 5 2
0 -1 0 0 -2 2 1 -1 2 2 1 2
0 -1 0 0 -2 2 1 1 -1 1 5 2
0 -1 0 0 -2 2 1 1 -1 2 1 0
0 -1 0 0 -2 2 1 1 -2 1 5 2
0 -1 0 0 -2 2 1 1 -2 2 1 0
0 -1 0 0 -2 2 1 -2 1 1 5 2
0 -1 0 0 -2 2 1 -2 1 2 1 0
0 -1 0 0 -2 2 1 -2 2 1 5 2
0 -1 0 0 -2 2 1 -2 2 2 1 0
0 -1 0 0 -2 2 1 2 -1 1 5 2
0 -1 0 0 -2 2 1 2 -1 2 1 0
0 -1 0 0 -2 2 1 2 -2 1 5 2
0 -1 0 0 -2 2 1 2 -2 2 1 0
0 -1 0 0 -2 2 -2 1 1 1 5 2
0 -1 0 0 -2 2 -2 1 1 2 1 0
0 -1 0 0 -2 2 -2 1 2 1 5 2
0 -1 0 0 -2 2 -2 1 2 2 1 0
0 -1 0 0 -2 2 -2 2 1 1 5 2
0 -1 0 0 -2 2 -2 2 1 2 1 0
0 -1 0 0 -2 2 -2 2 2 1 5 2
0 -1 0 0 -2 2 -2 2 2 2 1 0
0 -1 0 0 -2 2 2 -1 1 1 5 2
0 -1 0 0 -2 2 2 -1 1 2 1 2
0 -1 0 0 -2 2 2 1 -1 1 5 2
0 -1 0 0 -2 2 2 1 -1 2 1 0
0 -1 0 0 -2 2 2 1 -2 1 5 2
0 -1 0 0 -2 2 2 1 -2 2 1 0
0 -1 0 0 -2 2 2 -2 1 1 5 2
0 -1 0 0 -2 2 2 -2 1 2 1 0
0 -1 0 0 -2 2 2 -2 2 1 5 2
0 -1 0 0 -2 2 2 -2 2 2 1 0
0 -1 0 0 -2 2 2 2 -2 1 5 2
0 -1 0 0 -2 2 2 2 -2 2 1 0
0 -1 0 0 2 -1 -1 1 1 1 4 0
0 -1 0 0 2 -1 -1 1 1 2 1 0
0 -1 0 0 2 -1 1 -1 1 1 4 0
0 -1 0 0 2 -1 1 -1 1 2 1 0
0 -1 0 0 2 -1 1 1 -1 1 4 0
0 -1 0 0 2 -1 1 1 -1 2 1 0
0 -1 0 0 2 -1 1 1 -2 1 4 0
0 -1 0 0 2 -1 1 1 -2 2 1 0
0 -1 0 0 2 -1 1 -2 1 1 4 0
0 -1 0 0 2 -1 1 -2 1 2 1 0
0 -1 0 0 2 -1 1 -2 2 1 4 0
0 -1 0 0 2 -1 1 -2 2 2 1 0
0 -1 0 0 2 -1 1 2 -2 1 4 0
0 -1 0 0 2 -1 1 2 -2 2 1 0
0 -1 0 0 2 -1 -2 1 1 1 4 0
0 -1 0 0 2 -1 -2 1 1 2 1 0
0 -1 0 0 2 -1 -2 1 2 1 4 0
0 -1 0 0 2 -1 -2 1 2 2 1 0
0 -1 0 0 2 -1 -2 2 1 1 4 0
0 -1 0 0 2 -1 -2 2 1 2 1 0
0 -1 0 0 2 -1 2 1 -2 1 4 0
0 -1 0 0 2 -1 2 1 -2 2 1 0
0 -1 0 0 2 -1 2 -2 1 1 4 0
0 -1 0 0 2 -1 2 -2 1 2 1 0
0 -1 0 0 2 1 -1 -1 1 1 4 0
0 -1 0 0 2 1 -1 -1 1 2 1 2
0 -1 0 0 2 1 -1 1 -1 1 4 0
0 -1 0 0 2 1 -1 1 -1 2 1 0
0 -1 0 0 2 1 -1 1 -2 1 4 0
0 -1 0 0 2 1 -1 1 -2 2 1 0
0 -1 0 0 2 1 -1 -2 1 1 4 0
0 -1 0 0 2 1 -1 -2 1 2 1 0
0 -1 0 0 2 1 -1 -2 2 1 5 2
0 -1 0 0 2 1 -1 -2 2 2 1 2
0 -1 0 0 2 1 -1 2 -2 1 5 2
0 -1 0 0 2 1 -1 2 -2 2 1 0
0 -1 0 0 2 1 1 -1 -1 1 4 0
0 -1 0 0 2 1 1 -1 -1 2 1 0
0 -1 0 0 2 1 1 -1 -2 1 4 0
0 -1 0 0 2 1 1 -1 -2 2 1 0
0 -1 0 0 2 1 1 -2 -1 1 4 0
0 -1 0 0 2 1 1 -2 -1 2 1 0
0 -1 0 0 2 1 1 -2 -2 1 4 0
0 -1 0 0 2 1 1 -2 -2 2 1 0
0 -1 0 0 2 1 -2 -1 1 1 4 0
0 -1 0 0 2 1 -2 -1 1 2 1 2
0 -1 0 0 2 1 -2 -1 2 1 5 2
0 -1 0 0 2 1 -2 -1 2 2 1 2
0 -1 0 0 2 1 -2 1 -1 1 4 0
0 -1 0 0 2 1 -2 1 -1 2 1 2
0 -1 0 0 2 1 -2 1 -2 1 4 0
0 -1 0 0 2 1 -2 1 -2 2 1 2
0 -1 0 0 2 1 -2 -2 1 1 4 0
0 -1 0 0 2 1 -2 -2 1 2 1 0
0 -1 0 0 2 1 -2 -2 2 1 5 2
0 -1 0 0 2 1 -2 -2 2 2 1 2
0 -1 0 0 2 1 -2 2 -1 1 4 0
0 -1 0 0 2 1 -2 2 -1 2 1 2
0 -1 0 0 2 1 -2 2 -2 1 4 0
0 -1 0 0 2 1 -2 2 -2 2 1 2
0 -1 0 0 2 1 2 -1 -2 1 4 0
0 -1 0 0 2 1 2 -1 -2 2 1 2
0 -1 0 0 2 1 2 -2 -1 1 4 0
0 -1 0 0 2 1 2 -2 -1 2 1 2
0 -1 0 0 2 1 2 -2 -2 1 4 0
0 -1 0 0 2 1 2 -2 -2 2 1 2
0 -1 0 0 2 -2 -1 1 1 1 4 0
0 -1 0 0 2 -2 -1 1 1 2 1 0
0 -1 0 0 2 -2 -1 1 2 1 4 0
0 -1 0 0 2 -2 -1 1 2 2 1 0
0 -1 0 0 2 -2 -1 2 1 1 4 0
0 -1 0 0 2 -2 -1 2 1 2 1 0
0 -1 0 0 2 -2 1 -1 1 1 4 0
0 -1 0 0 2 -2 1 -1 1 2 1 0
0 -1 0 0 2 -2 1 -1 2 1 4 0
0 -1 0 0 2 -2 1 -1 2 2 1 0
0 -1 0 0 2 -2 1 1 -1 1 4 0
0 -1 0 0 2 -2 1 1 -1 2 1 0
0 -1 0 0 2 -2 1 1 -2 1 4 0
0 -1 0 0 2 -2 1 1 -2 2 1 0
0 -1 0 0 2 -2 1 -2 1 1 4 0
0 -1 0 0 2 -2 1 -2 1 2 1 0
0 -1 0 0 2 -2 1 -2 2 1 4 0
0 -1 0 0 2 -2 1 -2 2 2 1 0
0 -1 0 0 2 -2 1 2 -1 1 4 0
0 -1 0 0 2 -2 1 2 -1 2 1 0
0 -1 0 0 2 -2 1 2 -2 1 4 0
0 -1 0 0 2 -2 1 2 -2 2 1 0
0 -1 0 0 2 -2 -2 1 1 1 4 0
0 -1 0 0 2 -2 -2 1 1 2 1 0
0 -1 0 0 2 -2 -2 1 2 1 4 0
0 -1 0 0 2 -2 -2 1 2 2 1 0
0 -1 0 0 2 -2 -2 2 1 1 4 0
0 -1 0 0 2 -2 -2 2 1 2 1 0
0 -1 0 0 2 -2 -2 2 2 1 4 0
0 -1 0 0 2 -2 -2 2 2 2 1 0
0 -1 0 0 2 -2 2 -1 1 1 4 0
0 -1 0 0 2 -2 2 -1 1 2 1 0
0 -1 0 0 2 -2 2 1 -1 1 4 0
0 -1 0 0 2 -2 2 1 -1 2 1 0
0 -1 0 0 2 -2 2 1 -2 1 4 0
0 -1 0 0 2 -2 2 1 -2 2 1 0
0 -1 0 0 2 -2 2 -2 1 1 4 0
0 -1 0 0 2 -2 2 -2 1 2 1 0
0 -1 0 0 2 -2 2 -2 2 1 4 0
0 -1 0 0 2 -2 2 -2 2 2 1 0
0 -1 0 0 2 -2 2 2 -2 1 4 0
0 -1 0 0 2 -2 2 2 -2 2 1 0
0 -1 0 0 2 2 -1 1 -2 1 4 0
0 -1 0 0 2 2 -1 1 -2 2 1 0
0 -1 0 0 2 2 -1 -2 1 1 4 0
0 -1 0 0 2 2 -1 -2 1 2 1 0
0 -1 0 0 2 2 1 -1 -2 1 4 0
0 -1 0 0 2 2 1 -1 -2 2 1 0
0 -1 0 0 2 2 1 -2 -1 1 4 0
0 -1 0 0 2 2 1 -2 -1 2 1 0
0 -1 0 0 2 2 1 -2 -2 1 4 0
0 -1 0 0 2 2 1 -2 -2 2 1 0
0 -1 0 0 2 2 -2 -1 1 1 4 0
0 -1 0 0 2 2 -2 -1 1 2 1 2
0 -1 0 0 2 2 -2 1 -1 1 4 0
0 -1 0 0 2 2 -2 1 -1 2 1 2
0 -1 0 0 2 2 -2 1 -2 1 4 0
0 -1 0 0 2 2 -2 1 -2 2 1 2
0 -1 0 0 2 2 -2 -2 1 1 4 0
0 -1 0 0 2 2 -2 -2 1 2 1 0
0 -1 0 0 2 2 -2 -2 2 1 4 2
0 -1 0 0 2 2 -2 -2 2 2 1 2
0 -1 0 0 2 2 -2 2 -2 1 4 0
0 -1 0 0 2 2 -2 2 -2 2 1 2
0 -1 0 0 2 2 2 -2 -2 1 4 0
0 -1 0 0 2 2 2 -2 -2 2 1 2
0 -1 0 -1 0 -1 1 1 2 1 6 4
0 -1 0 -1 0 -1 1 1 2 2 1 4
0 -1 0 -1 0 -1 1 2 1 1 7 4
0 -1 0 -1 0 -1 1 2 1 2 1 4
0 -1 0 -1 0 -1 2 1 1 1 7 4
0 -1 0 -1 0 -1 2 1 1 2 1 4
0 -1 0 -1 0 1 -1 1 2 1 5 2
0 -1 0 -1 0 1 -1 1 2 2 1 2
0 -1 0 -1 0 1 -1 2 1 1 5 2
0 -1 0 -1 0 1 -1 2 1 2 1 2
0 -1 0 -1 0 1 1 -1 2 1 5 2
0 -1 0 -1 0 1 1 -1 2 2 1 2
0 -1 0 -1 0 1 1 1 -2 1 6 4
0 -1 0 -1 0 1 1 1 -2 2 1 4
0 -1 0 -1 0 1 1 -2 1 1 5 2
0 -1 0 -1 0 1 1 -2 1 2 1 2
0 -1 0 -1 0 1 1 -2 2 1 5 2
0 -1 0 -1 0 1 1 -2 2 2 1 2
0 -1 0 -1 0 1 1 2 -1 1 6 4
0 -1 0 -1 0 1 1 2 -1 2 1 2
0 -1 0 -1 0 1 1 2 -2 1 6 4
0 -1 0 -1 0 1 1 2 -2 2 1 4
0 -1 0 -1 0 1 -2 1 1 1 5 2
0 -1 0 -1 0 1 -2 1 1 2 1 4
0 -1 0 -1 0 1 -2 1 2 1 5 2
0 -1 0 -1 0 1 -2 1 2 2 1 4
0 -1 0 -1 0 1 -2 2 1 1 5 2
0 -1 0 -1 0 1 -2 2 1 2 1 4
0 -1 0 -1 0 1 -2 2 2 1 5 2
0 -1 0 -1 0 1 -2 2 2 2 1 4
0 -1 0 -1 0 1 2 -1 1 1 8 4
0 -1 0 -1 0 1 2 -1 1 2 1 2
0 -1 0 -1 0 1 2 1 -1 1 5 2
0 -1 0 -1 0 1 2 1 -1 2 1 2
0 -1 0 -1 0 1 2 1 -2 1 6 4
0 -1 0 -1 0 1 2 1 -2 2 1 4
0 -1 0 -1 0 1 2 -2 1 1 5 2
0 -1 0 -1 0 1 2 -2 1 2 1 2
0 -1 0 -1 0 1 2 -2 2 1 5 2
0 -1 0 -1 0 1 2 -2 2 2 1 2
0 -1 0 -1 0 1 2 2 -2 1 6 4
0 -1 0 -1 0 1 2 2 -2 2 1 4
0 -1 0 -1 0 -2 1 1 1 1 6 4
0 -1 0 -1 0 -2 1 1 1 2 1 4
0 -1 0 -1 0 -2 1 1 2 1 6 4
0 -1 0 -1 0 -2 1 1 2 2 1 4
0 -1 0 -1 0 -2 1 2 1 1 6 4
0 -1 0 -1 0 -2 1 2 1 2 1 4
0 -1 0 -1 0 -2 1 2 2 1 6 4
0 -1 0 -1 0 -2 1 2 2 2 1 4
0 -1 0 -1 0 -2 2 1 1 1 6 4
0 -1 0 -1 0 -2 2 1 1 2 1 4
0 -1 0 -1 0 -2 2 1 2 1 6 4
0 -1 0 -1 0 -2 2 1 2 2 1 4
0 -1 0 -1 0 -2 2 2 1 1 6 4
0 -1 0 -1 0 -2 2 2 1 2 1 4
0 -1 0 -1 0 2 -1 1 1 1 5 2
0 -1 0 -1 0 2 -1 1 1 2 1 2
0 -1 0 -1 0 2 1 -1 1 1 5 2
0 -1 0 -1 0 2 1 -1 1 2 1 0
0 -1 0 -1 0 2 1 1 -1 1 6 4
